Timestamp,Zone1_Temp_C,Zone2_Temp_C,Zone3_Temp_C,Humidity_Pct,Belt_Speed_m_min,Gas_Flow_m3_h,Dough_Inlet_Moisture_Pct,Product_Load_kg_min,Exhaust_Damper_Pct,Heat_Recovery_Eff_Pct,Moisture_Content_Pct,Browning_Index_BI,OEE_Pct,RUL_Burner_Hours,Defect_Flag
2026-09-01 08:00:00,157.21,212.3,182.35,37.14,12.05,33.83,41.71,30.32,67.56,67.99,4.99,51.3,94.62,1988.98,0
2026-09-01 08:00:01,158.42,213.22,176.24,38.71,11.99,32.98,41.93,29.22,54.9,67.86,5.17,47.2,0.0,1999.58,1
2026-09-01 08:00:02,157.64,211.5,179.34,39.38,12.06,32.78,42.13,30.69,53.44,74.28,5.09,48.64,95.49,1998.09,0
2026-09-01 08:00:03,158.63,204.17,179.92,42.83,12.15,32.25,43.89,29.41,52.39,75.59,5.41,48.55,96.71,1985.12,0
2026-09-01 08:00:04,159.46,209.53,180.03,40.83,11.98,33.05,40.51,30.75,56.88,67.21,4.94,48.76,98.65,2000.0,0
2026-09-01 08:00:05,162.09,206.53,180.36,38.0,11.98,33.04,40.31,29.73,56.93,67.99,4.71,49.37,94.36,1988.19,0
2026-09-01 08:00:06,159.2,209.39,181.22,40.73,12.16,32.46,44.47,28.28,59.75,73.43,5.47,48.99,98.93,1981.39,0
2026-09-01 08:00:07,156.04,212.94,179.93,37.68,12.08,32.82,41.07,29.02,50.37,71.6,4.91,48.36,97.52,1995.38,0
2026-09-01 08:00:08,162.85,210.92,179.26,41.62,11.95,32.52,39.47,29.57,53.44,72.03,4.59,48.6,96.2,2000.0,0
2026-09-01 08:00:09,157.91,213.44,179.18,39.29,12.05,33.42,41.03,31.37,65.15,72.69,5.05,48.94,98.29,1980.72,0
2026-09-01 08:00:10,159.85,211.03,178.78,39.86,11.95,32.36,41.34,30.9,56.12,69.28,4.89,48.16,94.95,1999.98,0
2026-09-01 08:00:11,161.12,206.11,181.58,41.99,11.95,32.43,45.11,31.62,54.14,70.99,5.33,49.31,95.4,1990.24,0
2026-09-01 08:00:12,160.5,202.44,178.71,38.07,12.02,32.34,43.85,31.65,50.29,70.76,5.48,47.72,0.0,1992.35,1
2026-09-01 08:00:13,162.74,210.45,181.69,37.9,11.81,32.77,44.3,29.47,57.53,67.42,4.84,50.45,90.95,1998.59,0
2026-09-01 08:00:14,161.2,209.36,180.04,39.12,11.83,31.63,43.64,29.81,60.16,70.95,4.93,49.71,94.77,2000.0,0
2026-09-01 08:00:15,157.85,207.07,187.29,41.56,11.94,31.79,43.89,29.59,59.37,73.71,5.16,54.0,98.12,1998.81,0
2026-09-01 08:00:16,165.45,204.9,189.23,37.72,11.9,32.86,40.62,29.33,53.71,69.0,4.3,54.6,93.13,2000.0,0
2026-09-01 08:00:17,160.49,207.8,186.78,35.75,12.03,32.45,41.6,28.16,56.81,70.46,4.73,52.93,94.32,2000.0,0
2026-09-01 08:00:18,159.63,209.42,187.0,39.32,11.91,32.02,40.02,29.99,63.36,70.62,4.52,53.58,95.72,2000.0,0
2026-09-01 08:00:19,162.41,212.0,187.7,40.83,11.86,32.77,41.58,28.71,60.35,69.15,4.45,54.2,94.54,1992.21,0
2026-09-01 08:00:20,160.62,210.57,185.74,41.8,12.15,32.75,43.37,29.97,51.08,72.03,5.17,52.29,99.45,1988.06,0
2026-09-01 08:00:21,161.0,214.82,188.14,39.31,11.98,34.38,42.27,32.12,42.27,67.96,4.59,52.88,95.05,2000.0,0
2026-09-01 08:00:22,166.23,206.89,189.05,39.38,12.01,32.8,44.62,29.49,56.48,74.0,4.83,53.71,98.35,1966.23,0
2026-09-01 08:00:23,159.31,212.64,189.47,41.73,11.86,33.13,39.72,30.19,58.99,71.88,4.28,55.32,95.52,2000.0,0
2026-09-01 08:00:24,159.21,210.14,189.81,37.2,11.95,33.67,43.0,30.91,49.55,67.19,4.82,55.22,97.25,2000.0,0
2026-09-01 08:00:25,160.29,212.08,188.49,39.42,12.01,32.31,39.5,30.28,54.96,75.09,4.33,54.19,94.88,1995.24,0
2026-09-01 08:00:26,162.68,208.69,184.83,40.29,11.88,31.43,42.19,30.29,53.68,70.5,4.72,51.7,94.75,2000.0,0
2026-09-01 08:00:27,156.23,213.22,189.28,40.67,12.04,34.06,43.48,29.64,55.52,67.83,4.82,54.46,96.55,1991.65,0
2026-09-01 08:00:28,155.09,210.89,185.51,39.24,11.94,32.04,41.57,29.77,52.28,73.31,4.72,52.33,96.05,1995.43,0
2026-09-01 08:00:29,158.53,207.96,188.76,40.05,11.97,31.64,43.1,29.04,61.45,71.48,4.97,54.94,94.68,2000.0,0
2026-09-01 08:00:30,155.92,209.96,187.41,36.27,11.94,34.21,40.08,30.85,55.74,64.68,4.75,53.28,94.77,1989.69,0
2026-09-01 08:00:31,158.94,209.28,184.46,39.01,12.19,33.52,38.67,28.26,50.6,68.42,4.8,51.68,99.83,2000.0,0
2026-09-01 08:00:32,161.26,211.47,186.76,40.68,12.0,33.93,43.11,30.97,59.59,70.84,4.71,53.12,97.34,1987.6,0
2026-09-01 08:00:33,157.77,206.46,187.24,38.53,11.89,33.22,45.49,28.6,48.68,63.52,5.3,53.01,93.33,2000.0,0
2026-09-01 08:00:34,156.43,209.91,189.96,40.09,12.08,33.68,40.01,30.96,61.42,70.26,4.77,55.21,97.06,2000.0,0
2026-09-01 08:00:35,160.17,211.19,186.57,40.67,11.88,32.52,44.44,29.65,59.96,70.47,4.89,52.92,96.82,2000.0,0
2026-09-01 08:00:36,162.16,210.1,188.31,39.49,12.02,33.89,42.09,28.77,61.95,66.45,4.8,55.11,95.07,2000.0,0
2026-09-01 08:00:37,155.76,214.04,183.22,40.26,11.8,33.23,39.33,30.58,54.21,70.81,4.7,51.51,95.21,2000.0,0
2026-09-01 08:00:38,162.05,212.32,190.76,38.56,11.87,33.68,39.74,30.93,52.52,70.02,4.26,55.56,95.78,1956.61,0
2026-09-01 08:00:39,162.04,209.98,185.93,39.69,12.02,33.46,42.03,29.56,55.42,66.43,4.81,52.14,93.62,1994.28,0
2026-09-01 08:00:40,162.39,210.65,188.51,40.92,12.07,32.77,41.19,30.72,54.58,72.76,4.58,53.83,95.42,2000.0,0
2026-09-01 08:00:41,163.05,210.89,187.02,40.24,12.02,33.11,39.37,27.71,51.74,72.51,4.4,53.4,95.34,1972.24,0
2026-09-01 08:00:42,165.51,211.21,188.16,39.12,11.99,33.41,38.61,28.68,52.23,69.13,4.02,53.63,95.91,1992.36,0
2026-09-01 08:00:43,159.11,204.52,188.94,40.34,11.97,32.99,40.31,31.29,53.17,69.4,4.75,54.04,94.94,2000.0,0
2026-09-01 08:00:44,160.27,209.1,189.5,41.07,11.85,31.65,42.39,29.78,49.15,72.18,4.6,55.06,95.4,1973.12,0
2026-09-01 08:00:45,158.96,205.55,187.87,36.93,11.93,31.51,41.99,28.14,58.39,69.4,4.84,53.64,94.95,2000.0,0
2026-09-01 08:00:46,160.0,213.83,188.3,41.74,11.95,34.01,41.0,29.3,54.74,64.21,4.58,54.17,93.3,1978.24,0
2026-09-01 08:00:47,163.83,209.82,188.36,39.5,12.11,32.93,42.4,29.08,53.46,71.46,4.87,53.85,92.74,2000.0,0
2026-09-01 08:00:48,156.64,209.42,188.14,40.64,12.03,33.42,44.08,29.83,49.45,67.56,5.22,53.68,95.47,2000.0,0
2026-09-01 08:00:49,157.85,212.69,186.78,41.8,11.82,33.17,42.79,29.63,49.2,68.83,4.76,53.37,94.82,2000.0,0
2026-09-01 08:00:50,163.44,211.27,189.41,37.94,12.03,32.79,41.76,30.18,64.68,74.37,4.55,54.67,96.25,1976.29,0
2026-09-01 08:00:51,162.55,206.61,189.19,38.94,11.96,33.11,43.86,29.93,51.86,69.6,4.92,54.38,94.07,2000.0,0
2026-09-01 08:00:52,159.09,209.79,190.13,39.57,11.93,33.19,40.08,31.36,58.05,70.01,4.5,55.3,96.7,1980.78,0
2026-09-01 08:00:53,162.14,208.99,187.09,38.82,12.06,34.35,41.55,30.42,55.81,71.53,4.71,53.21,95.89,1963.51,0
2026-09-01 08:00:54,160.85,204.77,187.24,42.6,12.1,32.71,41.6,30.46,41.12,71.52,5.06,51.69,98.11,1975.21,0
2026-09-01 08:00:55,163.75,207.93,188.02,38.71,12.09,33.73,39.53,31.17,63.96,67.24,4.63,53.48,98.09,1978.01,0
2026-09-01 08:00:56,160.19,209.45,185.67,39.17,11.92,32.55,41.16,29.61,58.42,69.82,4.72,53.63,96.55,2000.0,0
2026-09-01 08:00:57,162.56,209.66,190.19,40.31,11.97,33.52,37.85,28.74,51.16,70.11,3.96,55.29,96.71,2000.0,0
2026-09-01 08:00:58,166.61,205.55,186.11,38.2,12.03,33.04,45.82,31.21,54.86,70.82,5.19,52.5,94.48,1997.39,0
2026-09-01 08:00:59,161.5,213.45,187.7,39.41,12.1,33.94,40.13,30.14,49.25,70.87,4.31,53.13,96.47,1975.13,0
2026-09-01 08:01:00,160.12,209.69,185.52,40.48,11.95,31.89,45.17,30.14,64.13,77.76,5.08,53.69,97.84,1983.65,0
2026-09-01 08:01:01,161.81,210.11,186.47,39.5,11.98,33.51,42.08,29.37,50.46,66.47,4.91,51.95,95.48,1992.38,0
2026-09-01 08:01:02,159.09,211.2,186.55,39.86,11.89,32.97,43.13,29.38,52.38,72.94,4.87,53.1,92.83,1969.35,0
2026-09-01 08:01:03,165.97,207.64,187.68,39.21,11.88,31.87,41.02,30.85,51.35,73.55,4.37,53.58,96.11,1971.77,0
2026-09-01 08:01:04,160.45,211.37,189.18,37.73,12.08,33.58,42.42,30.98,55.4,71.48,4.72,54.83,97.46,1993.7,0
2026-09-01 08:01:05,159.32,208.9,188.06,40.48,12.14,34.08,43.3,30.78,61.85,68.05,4.97,54.09,96.92,1989.51,0
2026-09-01 08:01:06,157.91,207.31,187.17,42.63,11.99,32.41,43.33,30.79,63.95,74.99,5.04,54.63,95.51,1971.61,0
2026-09-01 08:01:07,162.74,211.72,186.94,40.03,12.1,34.04,43.55,30.57,53.01,63.42,4.99,53.16,97.15,2000.0,0
2026-09-01 08:01:08,162.17,214.48,187.99,40.34,12.04,33.54,41.26,30.13,56.89,67.95,4.43,53.63,97.42,1979.41,0
2026-09-01 08:01:09,158.76,212.17,188.42,41.04,11.94,32.71,41.04,29.82,55.41,73.52,4.44,54.13,95.6,1969.47,0
2026-09-01 08:01:10,161.44,212.77,188.04,38.1,12.04,32.95,38.81,31.21,50.09,68.89,4.2,53.77,97.16,2000.0,0
2026-09-01 08:01:11,156.23,208.44,188.58,42.55,12.15,32.38,43.05,29.63,67.11,74.79,5.29,54.96,99.76,1999.16,0
2026-09-01 08:01:12,160.46,205.21,187.85,40.3,12.0,32.96,44.16,30.37,61.81,65.46,5.23,53.78,95.57,1987.23,0
2026-09-01 08:01:13,161.13,214.47,184.13,42.45,12.16,34.17,45.23,29.2,55.95,66.66,5.35,51.29,101.3,1978.84,0
2026-09-01 08:01:14,164.27,216.16,186.8,38.9,11.74,33.07,42.61,29.34,62.91,68.41,4.4,53.32,96.57,1985.3,0
2026-09-01 08:01:15,158.07,214.63,188.11,42.73,12.08,33.58,40.47,29.76,61.06,71.25,4.7,53.85,95.94,1977.84,0
2026-09-01 08:01:16,156.8,208.99,187.51,41.16,12.01,32.52,38.61,29.2,55.41,69.33,4.66,54.2,99.13,1982.1,0
2026-09-01 08:01:17,157.76,206.54,188.46,40.83,11.97,33.15,44.08,30.8,56.63,68.53,5.25,54.84,94.96,1995.84,0
2026-09-01 08:01:18,156.66,206.8,189.42,40.35,12.01,32.06,38.41,28.65,62.56,74.26,4.33,55.31,99.73,1974.15,0
2026-09-01 08:01:19,163.34,204.95,188.93,39.63,11.8,31.52,41.32,30.1,50.27,74.54,4.55,55.33,94.03,1940.84,0
2026-09-01 08:01:20,163.87,209.68,189.11,41.8,11.98,33.94,41.55,30.13,63.37,68.76,4.55,54.84,96.59,2000.0,0
2026-09-01 08:01:21,160.8,214.82,186.97,40.21,12.04,34.26,41.86,28.19,53.87,64.87,4.6,53.02,97.03,1967.75,0
2026-09-01 08:01:22,163.05,209.58,186.72,37.05,12.15,34.15,42.07,29.56,62.62,63.53,4.89,52.96,96.6,1959.85,0
2026-09-01 08:01:23,160.33,210.91,188.53,38.32,11.95,32.75,42.28,30.26,54.97,70.72,4.67,54.51,96.26,2000.0,0
2026-09-01 08:01:24,159.76,214.13,186.84,39.72,11.92,33.35,37.17,30.43,56.69,71.97,3.84,54.54,97.08,1982.28,0
2026-09-01 08:01:25,159.17,208.79,190.53,40.46,11.95,32.3,42.03,29.8,54.83,70.19,4.74,55.58,95.73,1998.45,0
2026-09-01 08:01:26,159.22,216.11,188.3,39.92,12.09,33.47,37.54,30.68,52.34,69.79,4.26,53.17,97.13,2000.0,0
2026-09-01 08:01:27,156.13,215.98,187.08,41.83,12.03,33.95,43.46,29.89,53.65,67.59,4.97,52.66,97.48,2000.0,0
2026-09-01 08:01:28,160.66,209.61,190.47,37.07,11.95,33.6,40.89,30.01,61.9,71.96,4.36,55.41,93.92,2000.0,0
2026-09-01 08:01:29,159.9,208.27,186.01,40.22,12.05,32.19,37.69,30.25,43.43,75.03,4.4,51.59,96.54,1977.65,0
2026-09-01 08:01:30,161.86,212.09,189.54,37.27,12.01,34.36,40.37,30.93,48.81,63.35,4.48,54.03,97.97,1965.07,0
2026-09-01 08:01:31,160.23,208.96,185.28,41.14,12.1,33.04,40.86,29.32,51.37,69.77,4.97,51.86,96.35,2000.0,0
2026-09-01 08:01:32,159.59,206.53,186.62,39.86,11.93,32.72,44.38,29.51,49.61,67.09,5.0,52.3,96.33,1993.43,0
2026-09-01 08:01:33,157.82,213.84,186.23,40.63,11.97,33.46,42.39,29.33,62.55,65.53,4.64,53.39,93.26,1999.99,0
2026-09-01 08:01:34,160.18,213.65,187.23,38.7,11.96,33.44,42.69,29.67,61.29,66.61,4.73,54.14,95.84,1980.83,0
2026-09-01 08:01:35,161.85,210.47,187.76,41.92,11.85,33.02,44.36,31.43,57.96,71.14,4.79,53.91,94.62,1996.98,0
2026-09-01 08:01:36,157.14,206.21,190.72,41.56,12.03,33.15,41.81,30.57,51.81,71.21,4.9,55.34,96.31,1981.92,0
2026-09-01 08:01:37,160.22,206.31,186.49,40.88,12.03,32.18,43.51,28.87,61.68,74.38,5.09,53.43,95.96,1984.55,0
2026-09-01 08:01:38,160.58,210.32,188.79,39.81,12.0,33.08,43.37,29.4,47.06,70.03,4.98,54.23,97.86,1963.23,0
2026-09-01 08:01:39,158.2,208.5,188.78,40.87,11.98,33.44,39.43,30.37,65.71,64.73,4.58,54.9,94.45,1999.1,0
2026-09-01 08:01:40,158.53,208.98,184.74,38.94,11.86,31.92,44.95,29.09,51.58,69.29,5.19,51.62,94.35,1943.76,0
2026-09-01 08:01:41,160.58,213.07,187.65,41.28,11.96,33.19,39.16,29.27,53.69,65.84,4.27,53.67,94.49,2000.0,0
2026-09-01 08:01:42,157.17,212.2,188.77,42.47,11.97,33.22,43.83,31.34,52.85,66.38,5.2,54.18,93.75,2000.0,0
2026-09-01 08:01:43,160.87,214.13,189.07,41.61,11.92,33.25,38.97,29.39,49.63,71.74,4.26,54.43,95.26,1980.69,0
2026-09-01 08:01:44,157.76,207.03,187.76,38.91,11.98,32.61,43.2,30.95,64.63,70.58,5.11,53.78,94.46,2000.0,0
2026-09-01 08:01:45,162.66,208.97,186.27,40.54,12.04,33.36,45.72,31.26,58.94,71.76,5.13,52.26,96.69,1981.73,0
2026-09-01 08:01:46,165.84,212.28,187.03,38.06,12.19,33.83,41.57,29.27,61.08,68.93,4.75,52.28,97.92,1989.2,0
2026-09-01 08:01:47,157.85,211.34,189.66,40.86,12.02,32.78,41.49,29.11,48.88,72.37,4.74,53.74,96.38,1978.16,0
2026-09-01 08:01:48,161.34,214.6,188.63,40.68,12.03,33.65,43.22,29.72,55.9,68.76,4.78,53.43,97.07,1980.62,0
2026-09-01 08:01:49,158.18,211.26,187.92,37.2,11.99,33.14,41.34,28.91,57.61,73.35,4.61,54.31,92.44,1980.5,0
2026-09-01 08:01:50,162.6,215.54,188.35,38.26,11.81,32.87,45.64,30.12,56.35,71.03,4.59,54.65,96.67,1950.57,0
2026-09-01 08:01:51,156.84,211.62,187.7,39.58,12.0,33.48,42.38,29.79,49.2,69.38,4.86,53.35,95.89,1995.27,0
2026-09-01 08:01:52,161.2,213.19,185.89,39.55,12.01,32.78,41.36,30.36,60.38,70.64,4.54,52.65,97.08,1950.97,0
2026-09-01 08:01:53,157.82,209.03,188.33,38.19,12.25,34.45,40.92,31.4,55.61,69.95,4.94,52.68,96.44,1980.55,0
2026-09-01 08:01:54,159.48,210.04,186.63,40.58,11.98,32.84,40.13,30.82,50.23,74.79,4.44,52.94,93.94,1952.79,0
2026-09-01 08:01:55,157.42,212.73,188.32,40.38,12.03,33.07,40.74,30.49,45.72,70.74,4.56,53.55,97.01,1980.79,0
2026-09-01 08:01:56,162.06,214.84,188.52,39.71,12.0,33.06,41.3,28.03,58.03,70.0,4.28,54.29,97.06,1993.3,0
2026-09-01 08:01:57,157.91,212.19,188.77,38.87,11.88,33.57,41.02,30.44,67.25,69.28,4.56,54.86,93.24,2000.0,0
2026-09-01 08:01:58,161.38,209.75,187.39,41.57,12.11,33.8,40.68,31.72,49.92,72.53,4.7,52.64,97.82,1986.93,0
2026-09-01 08:01:59,159.14,214.13,185.53,42.48,12.08,32.62,46.2,26.99,55.85,72.12,5.23,52.4,97.66,1981.81,0
2026-09-01 08:02:00,159.71,203.42,188.66,39.27,12.08,32.77,39.94,30.69,60.55,69.18,4.59,53.98,97.58,1965.33,0
2026-09-01 08:02:01,160.37,205.73,187.95,39.08,11.91,33.45,42.29,29.84,48.65,66.53,4.74,54.1,95.5,1970.16,0
2026-09-01 08:02:02,158.1,212.04,188.26,40.74,12.14,33.64,43.19,29.15,52.6,67.29,5.06,54.14,97.59,2000.0,0
2026-09-01 08:02:03,160.53,210.04,188.19,39.46,11.86,33.14,43.26,30.8,50.7,69.45,4.83,54.49,97.41,1996.63,0
2026-09-01 08:02:04,163.83,211.82,189.16,39.79,12.06,33.21,41.88,31.71,59.92,74.05,4.45,54.64,95.59,1969.13,0
2026-09-01 08:02:05,158.05,210.19,187.97,41.11,12.22,33.81,41.52,30.78,61.63,69.25,5.07,53.56,99.09,1946.42,0
2026-09-01 08:02:06,162.93,211.71,187.7,37.14,11.9,34.07,42.9,29.63,55.8,68.22,4.77,53.94,95.83,2000.0,0
2026-09-01 08:02:07,163.75,207.56,189.48,41.98,11.94,33.58,42.53,29.06,50.79,64.72,4.81,54.89,93.5,1962.23,0
2026-09-01 08:02:08,157.96,211.71,189.02,40.11,12.01,33.25,41.48,30.14,52.79,74.54,4.71,54.86,93.94,1986.68,0
2026-09-01 08:02:09,156.36,212.98,186.73,39.38,11.95,32.3,38.88,30.87,51.85,71.71,4.3,53.22,95.85,1969.27,0
2026-09-01 08:02:10,160.75,213.66,191.12,39.87,11.84,32.11,41.06,29.61,50.11,72.39,4.12,55.15,92.39,1964.66,0
2026-09-01 08:02:11,158.63,216.04,189.18,39.94,12.01,33.41,39.71,29.71,54.49,72.89,4.44,54.09,92.46,1990.15,0
2026-09-01 08:02:12,164.67,210.73,186.48,37.4,11.89,33.29,40.67,32.82,57.87,69.51,4.31,53.22,99.11,2000.0,0
2026-09-01 08:02:13,160.09,210.82,187.99,42.24,12.05,33.48,42.07,31.08,57.45,70.25,4.89,54.2,94.92,1999.41,0
2026-09-01 08:02:14,157.99,205.43,187.96,40.06,11.91,31.21,42.72,31.15,54.96,74.47,4.94,54.91,96.63,1998.18,0
2026-09-01 08:02:15,157.13,208.41,186.51,40.66,12.15,32.11,45.56,28.54,55.29,70.54,5.65,52.59,0.0,1965.65,1
2026-09-01 08:02:16,162.72,209.42,186.37,41.43,11.92,32.6,40.93,29.29,54.59,71.76,4.6,53.25,98.84,1989.41,0
2026-09-01 08:02:17,158.57,213.15,188.12,38.47,11.97,32.7,43.55,30.07,48.51,72.61,4.7,53.01,98.57,1992.54,0
2026-09-01 08:02:18,160.11,208.17,186.14,40.71,12.08,32.59,42.61,29.0,55.8,71.93,4.96,52.26,97.5,1957.52,0
2026-09-01 08:02:19,162.39,212.39,189.44,39.6,11.88,34.16,44.59,31.6,52.08,69.62,4.79,54.97,92.91,1943.95,0
2026-09-01 08:02:20,158.79,210.0,185.81,41.27,12.02,33.48,43.15,31.41,48.26,69.9,4.99,51.28,98.49,1986.62,0
2026-09-01 08:02:21,159.89,209.47,186.27,36.81,12.13,33.84,39.98,29.47,56.85,72.33,4.73,52.65,95.16,1968.97,0
2026-09-01 08:02:22,159.96,210.75,187.44,39.85,11.84,32.75,38.55,31.78,51.94,72.33,4.21,53.55,96.3,1959.55,0
2026-09-01 08:02:23,161.71,208.83,190.33,39.1,12.02,33.45,42.62,30.0,56.14,73.5,4.78,55.23,94.66,1945.05,0
2026-09-01 08:02:24,161.48,208.71,187.72,40.65,12.03,33.79,40.94,32.59,59.24,71.65,4.74,53.49,95.46,1971.1,0
2026-09-01 08:02:25,159.45,204.89,189.47,40.71,12.08,32.61,40.04,30.14,50.25,71.79,4.73,54.46,100.14,2000.0,0
2026-09-01 08:02:26,160.16,209.26,190.62,38.94,11.88,33.09,39.46,30.58,55.46,68.66,4.31,56.13,95.38,2000.0,0
2026-09-01 08:02:27,159.07,208.56,188.91,38.93,11.87,32.99,42.32,31.4,45.95,68.26,4.7,54.52,93.78,2000.0,0
2026-09-01 08:02:28,156.31,208.45,187.24,39.83,12.05,33.28,45.02,31.28,62.66,72.34,5.22,53.89,96.09,1970.09,0
2026-09-01 08:02:29,160.64,211.25,184.72,38.66,12.03,33.62,41.18,30.51,48.2,68.28,4.88,51.65,96.6,2000.0,0
2026-09-01 08:02:30,164.73,211.98,183.79,41.26,12.03,33.01,43.18,29.86,52.43,69.94,4.85,51.08,94.92,2000.0,0
2026-09-01 08:02:31,157.79,210.7,186.96,39.45,12.03,32.16,41.8,30.51,61.69,74.14,4.76,53.25,97.26,2000.0,0
2026-09-01 08:02:32,158.07,212.99,190.05,35.64,11.93,32.07,39.42,29.18,53.83,73.66,4.22,55.52,94.24,1979.31,0
2026-09-01 08:02:33,157.82,211.73,185.36,39.44,12.02,32.65,43.47,30.15,49.01,70.91,5.02,51.51,92.97,1974.73,0
2026-09-01 08:02:34,161.81,209.11,189.15,38.44,12.03,32.87,39.81,28.89,58.57,69.11,4.43,54.8,95.91,1982.47,0
2026-09-01 08:02:35,161.12,227.82,186.07,37.55,6.25,17.33,42.04,28.22,58.45,69.63,0.47,78.43,0.0,1985.79,1
2026-09-01 08:02:36,159.6,210.94,187.53,38.14,12.19,33.8,41.32,30.05,51.83,72.6,4.67,52.5,97.71,1957.66,0
2026-09-01 08:02:37,157.7,211.72,188.75,40.16,12.05,32.95,43.79,31.26,52.38,69.89,5.0,53.63,96.08,1972.25,0
2026-09-01 08:02:38,160.23,214.19,186.22,41.99,11.88,33.59,39.88,30.93,52.82,68.33,4.49,53.1,96.33,2000.0,0
2026-09-01 08:02:39,156.09,213.57,187.43,40.47,12.07,33.79,42.78,29.92,53.96,73.65,4.83,53.34,97.61,1972.29,0
2026-09-01 08:02:40,160.36,188.44,185.6,39.09,6.44,17.0,40.32,31.75,45.54,70.54,0.97,75.69,0.0,1984.91,1
2026-09-01 08:02:41,162.18,209.69,188.37,40.68,12.08,33.64,40.98,29.43,54.09,68.27,4.71,53.7,96.56,1992.87,0
2026-09-01 08:02:42,156.87,212.01,187.49,39.31,12.12,33.02,34.73,28.08,63.92,71.44,4.07,54.28,96.25,2000.0,0
2026-09-01 08:02:43,156.17,213.2,187.2,38.96,11.92,31.6,46.18,27.82,50.52,72.91,5.3,53.53,94.89,1995.17,0
2026-09-01 08:02:44,163.95,212.82,190.15,38.27,12.1,34.32,43.1,28.82,52.08,66.98,4.76,55.24,94.06,2000.0,0
2026-09-01 08:02:45,158.47,209.81,188.99,37.37,12.04,33.57,40.47,30.82,49.08,69.4,4.63,53.89,91.56,1991.52,0
2026-09-01 08:02:46,162.84,206.24,186.64,39.42,12.08,33.14,39.75,29.37,58.06,69.26,4.67,53.35,98.92,1988.61,0
2026-09-01 08:02:47,159.62,207.0,188.12,40.24,12.19,32.65,41.01,30.46,61.02,71.36,4.96,53.6,97.16,2000.0,0
2026-09-01 08:02:48,159.6,210.82,187.82,39.86,11.98,33.89,43.43,31.65,60.9,71.9,5.0,53.91,96.24,1936.07,0
2026-09-01 08:02:49,161.1,211.03,187.4,39.38,11.92,33.17,38.22,28.9,48.76,68.35,4.22,52.82,94.37,1996.65,0
2026-09-01 08:02:50,157.79,206.7,195.74,38.58,11.91,33.11,41.72,30.48,57.5,65.52,4.64,59.0,0.0,1940.93,1
2026-09-01 08:02:51,160.33,210.13,188.29,40.91,11.92,32.24,45.54,30.54,62.17,73.1,5.26,54.12,94.53,1972.03,0
2026-09-01 08:02:52,159.05,211.89,184.88,38.02,11.99,33.06,39.73,29.14,57.55,66.64,4.58,51.82,94.42,2000.0,0
2026-09-01 08:02:53,156.7,206.55,187.73,41.16,12.03,33.56,42.16,31.35,57.39,70.81,5.02,53.14,97.19,1978.89,0
2026-09-01 08:02:54,160.84,213.31,185.49,38.5,12.03,33.35,46.41,29.71,52.64,69.6,5.15,51.36,96.73,1980.63,0
2026-09-01 08:02:55,159.34,208.87,181.62,38.87,12.08,32.76,43.26,29.62,56.1,70.49,5.23,49.82,97.66,1986.74,0
2026-09-01 08:02:56,159.61,213.77,184.44,37.8,12.0,32.71,42.25,32.11,61.18,74.95,4.69,51.69,96.59,2000.0,0
2026-09-01 08:02:57,156.97,208.4,186.7,39.25,12.15,32.49,43.01,30.52,56.64,79.11,5.08,52.9,94.22,1938.36,0
2026-09-01 08:02:58,163.98,206.92,186.02,41.46,11.97,34.18,41.2,30.93,48.76,65.1,4.78,52.34,95.24,1967.22,0
2026-09-01 08:02:59,162.19,208.63,188.78,40.77,12.27,33.17,44.6,31.35,52.72,72.95,5.05,53.92,96.92,2000.0,0
2026-09-01 08:03:00,162.41,209.71,187.45,41.47,12.06,33.31,41.2,29.35,61.05,69.53,4.59,54.4,96.75,1976.42,0
2026-09-01 08:03:01,159.24,208.83,187.01,40.78,11.91,32.44,38.08,31.25,56.62,73.14,4.28,53.95,94.34,1977.47,0
2026-09-01 08:03:02,155.68,209.35,186.59,38.34,11.89,31.69,41.22,29.5,55.6,72.87,4.69,53.25,95.6,1994.95,0
2026-09-01 08:03:03,164.88,211.0,185.61,39.5,12.05,32.6,40.07,29.46,52.23,74.23,4.33,52.39,96.92,1956.28,0
2026-09-01 08:03:04,159.85,209.49,188.53,38.83,11.98,32.79,41.44,29.73,60.94,70.85,4.51,54.99,95.44,1998.73,0
2026-09-01 08:03:05,158.13,209.8,189.56,42.0,12.07,33.16,41.48,29.38,63.31,67.33,4.96,54.77,96.99,1973.67,0
2026-09-01 08:03:06,161.04,204.87,188.15,38.2,12.05,32.84,44.39,30.82,61.32,72.78,5.27,54.45,96.95,1977.64,0
2026-09-01 08:03:07,162.92,211.18,187.33,41.34,11.99,33.44,43.39,30.27,62.21,70.35,4.87,54.3,96.13,1964.55,0
2026-09-01 08:03:08,159.94,209.73,184.49,41.34,11.92,32.94,42.53,29.51,53.21,69.3,4.84,51.83,95.85,1990.82,0
2026-09-01 08:03:09,163.2,214.83,186.97,42.74,11.85,33.31,41.99,30.67,52.5,68.57,4.57,53.6,95.77,1974.25,0
2026-09-01 08:03:10,162.71,207.18,187.9,39.39,11.96,31.64,39.88,29.72,54.22,73.02,4.38,54.62,95.1,1986.02,0
2026-09-01 08:03:11,157.31,204.58,190.05,41.07,12.09,31.97,37.64,29.67,55.19,74.81,4.48,54.58,95.56,1973.03,0
2026-09-01 08:03:12,158.32,211.85,187.49,43.42,12.02,33.3,42.23,30.05,62.16,66.41,4.83,53.69,96.69,1979.49,0
2026-09-01 08:03:13,162.39,211.04,187.93,39.07,11.88,32.76,43.59,30.46,60.83,71.87,4.68,54.57,94.14,1969.04,0
2026-09-01 08:03:14,153.22,206.97,188.22,37.7,12.02,33.08,41.78,30.39,57.69,68.88,5.09,53.67,96.12,1973.21,0
2026-09-01 08:03:15,159.63,205.41,188.19,37.18,12.04,34.18,40.93,29.64,47.84,65.6,4.73,53.43,96.11,1962.96,0
2026-09-01 08:03:16,156.42,214.61,186.22,41.07,11.91,32.7,42.93,30.85,46.56,70.44,4.78,52.03,97.8,1960.15,0
2026-09-01 08:03:17,158.81,214.24,187.6,37.18,12.02,33.78,41.83,29.78,56.2,67.5,4.7,52.83,97.26,2000.0,0
2026-09-01 08:03:18,159.25,202.54,186.48,39.44,12.01,33.07,45.37,29.35,59.4,65.27,5.46,53.19,97.9,1983.47,0
2026-09-01 08:03:19,159.1,208.63,187.4,40.66,11.89,33.3,44.47,28.53,54.6,67.65,4.99,53.16,95.7,1937.91,0
2026-09-01 08:03:20,158.62,214.99,187.95,40.28,12.04,34.22,43.92,30.98,64.57,66.92,4.96,53.79,96.72,1977.21,0
2026-09-01 08:03:21,157.26,208.57,188.74,40.64,12.06,33.21,43.52,30.01,49.59,68.06,5.09,54.24,97.07,1999.17,0
2026-09-01 08:03:22,165.73,208.53,185.83,40.33,12.11,34.07,39.42,30.21,48.96,66.02,4.45,52.02,96.17,1946.0,0
2026-09-01 08:03:23,164.67,209.15,188.16,41.92,12.11,34.1,43.33,31.05,51.68,68.81,4.91,53.46,95.12,1990.5,0
2026-09-01 08:03:24,157.09,206.64,190.93,38.57,11.86,33.02,42.75,29.52,51.49,67.86,4.88,55.59,95.76,1978.0,0
2026-09-01 08:03:25,163.96,204.89,187.93,38.98,11.91,33.01,43.21,28.63,57.63,71.13,5.0,54.73,96.01,1943.64,0
2026-09-01 08:03:26,159.0,213.16,187.39,38.84,12.05,33.86,42.99,30.07,52.89,71.78,4.83,54.1,98.56,1966.28,0
2026-09-01 08:03:27,160.32,204.47,188.85,41.25,12.05,32.58,42.91,30.31,47.26,70.78,5.05,54.04,97.7,1974.65,0
2026-09-01 08:03:28,159.84,210.74,189.71,41.35,12.05,32.87,47.4,29.74,59.46,69.29,5.34,53.87,95.76,1953.19,0
2026-09-01 08:03:29,158.35,212.66,185.11,40.68,12.39,34.05,41.85,31.47,46.2,69.21,5.24,50.77,97.36,1963.44,0
2026-09-01 08:03:30,162.46,205.65,184.27,41.78,12.06,32.93,43.87,27.51,49.64,67.49,5.29,50.75,96.98,1983.29,0
2026-09-01 08:03:31,160.31,207.23,188.64,38.23,12.11,34.27,41.06,31.12,46.89,67.56,4.89,53.33,96.95,1983.37,0
2026-09-01 08:03:32,158.81,213.64,185.32,42.5,12.1,33.24,43.58,30.79,56.04,72.11,5.04,52.22,95.92,1987.15,0
2026-09-01 08:03:33,156.74,211.6,187.48,42.28,12.07,33.66,43.88,30.46,55.93,64.72,5.28,53.42,97.34,1964.92,0
2026-09-01 08:03:34,157.77,208.15,188.99,41.1,11.97,31.76,42.73,26.66,64.58,69.76,4.96,54.4,93.97,1999.89,0
2026-09-01 08:03:35,155.9,213.61,188.1,42.67,12.08,34.41,45.34,31.28,59.57,69.03,5.15,53.63,95.67,1975.29,0
2026-09-01 08:03:36,160.03,213.62,186.59,37.52,11.92,32.54,40.23,28.97,62.21,71.8,4.36,53.95,99.36,1969.29,0
2026-09-01 08:03:37,157.01,210.81,187.02,39.21,11.98,32.81,41.03,29.49,56.44,65.72,4.76,53.98,94.34,1973.13,0
2026-09-01 08:03:38,159.34,207.3,187.37,38.9,11.95,32.71,42.42,29.83,50.12,70.04,4.91,53.84,96.27,1984.82,0
2026-09-01 08:03:39,163.43,208.76,186.85,41.08,12.01,33.13,43.76,30.41,55.64,71.03,4.94,52.58,97.57,1983.45,0
2026-09-01 08:03:40,163.0,210.86,187.06,38.42,12.23,35.2,42.36,30.64,57.96,64.29,5.08,52.71,99.15,1968.31,0
2026-09-01 08:03:41,159.92,209.43,188.03,41.14,11.81,32.68,44.57,30.89,58.52,66.78,4.99,54.16,95.51,1996.22,0
2026-09-01 08:03:42,159.78,212.82,187.53,42.06,12.07,34.16,40.68,30.82,52.64,69.72,4.66,53.51,97.23,1973.06,0
2026-09-01 08:03:43,164.7,205.41,188.35,41.04,11.84,32.98,39.72,30.25,57.44,71.54,4.26,54.41,94.69,1990.88,0
2026-09-01 08:03:44,161.3,205.52,187.25,40.43,11.95,32.75,42.62,30.42,50.33,70.55,4.92,52.83,97.77,2000.0,0
2026-09-01 08:03:45,159.18,210.54,188.41,38.52,12.11,33.31,41.85,28.91,49.78,71.68,4.77,54.12,98.96,1966.98,0
2026-09-01 08:03:46,156.43,208.53,184.77,38.73,12.01,33.34,43.09,29.25,49.42,66.76,5.03,51.34,97.56,1969.24,0
2026-09-01 08:03:47,160.98,208.12,188.27,41.87,11.89,33.31,41.95,30.9,55.12,65.23,4.66,54.64,97.52,1954.58,0
2026-09-01 08:03:48,162.07,204.7,189.35,41.17,11.93,32.28,41.32,30.84,49.11,70.25,4.74,54.25,96.85,1958.04,0
2026-09-01 08:03:49,158.42,210.06,185.95,39.94,12.07,33.54,41.85,30.72,52.88,66.31,5.02,52.62,96.04,1990.19,0
2026-09-01 08:03:50,160.73,209.84,188.87,39.37,11.93,32.57,42.06,29.49,59.51,67.4,4.64,54.6,94.39,1989.9,0
2026-09-01 08:03:51,159.09,211.96,189.22,36.96,12.02,33.34,41.39,30.91,49.85,72.8,4.52,53.81,96.73,1939.72,0
2026-09-01 08:03:52,159.54,210.21,186.41,38.39,12.0,33.45,41.59,28.84,52.48,70.57,4.66,53.17,96.47,1955.98,0
2026-09-01 08:03:53,153.78,209.6,186.72,42.87,11.93,32.62,41.19,31.08,55.36,68.3,4.99,52.92,96.17,2000.0,0
2026-09-01 08:03:54,159.45,213.53,186.96,38.08,12.21,33.99,43.71,29.74,56.23,67.91,5.03,52.78,100.06,1959.27,0
2026-09-01 08:03:55,162.42,206.06,186.89,40.28,12.06,33.02,42.39,31.68,52.5,71.86,4.87,52.34,95.94,1970.9,0
2026-09-01 08:03:56,158.42,211.61,190.81,41.51,11.8,33.26,46.51,28.48,58.93,70.64,5.06,55.66,94.16,1976.89,0
2026-09-01 08:03:57,160.13,204.99,187.06,38.12,12.02,33.37,42.32,31.76,57.95,66.36,5.11,53.95,96.6,1979.2,0
2026-09-01 08:03:58,158.11,207.48,187.86,40.28,11.93,33.83,40.9,29.64,60.7,64.16,4.79,54.22,95.25,1946.72,0
2026-09-01 08:03:59,160.9,206.36,185.79,41.41,12.09,32.25,47.34,29.62,54.59,75.65,5.55,52.22,0.0,1979.07,1
2026-09-01 08:04:00,159.46,212.35,186.01,40.02,11.92,32.23,42.83,30.19,52.44,66.33,4.88,52.49,94.68,1917.68,0
2026-09-01 08:04:01,157.65,209.8,187.29,44.3,11.99,32.43,43.98,29.3,51.59,71.58,5.07,52.92,94.43,1962.55,0
2026-09-01 08:04:02,163.33,209.96,188.0,37.5,12.05,33.19,43.18,29.93,56.54,74.53,4.73,53.99,98.46,1968.38,0
2026-09-01 08:04:03,162.32,206.68,187.55,41.59,12.09,32.85,43.25,29.26,53.11,70.44,5.02,53.8,95.44,1942.85,0
2026-09-01 08:04:04,158.49,209.1,189.86,39.74,11.88,33.09,43.07,29.3,52.15,68.2,4.87,55.4,94.98,1988.58,0
2026-09-01 08:04:05,161.24,207.71,191.88,41.16,11.97,34.48,39.8,30.49,52.76,65.72,4.58,56.35,95.81,1957.01,0
2026-09-01 08:04:06,161.34,211.15,188.37,40.66,11.95,33.82,42.74,29.1,51.58,65.68,4.87,53.84,96.36,2000.0,0
2026-09-01 08:04:07,161.61,207.03,186.56,38.9,11.93,32.23,39.35,29.23,56.0,71.13,4.54,53.39,95.87,1983.34,0
2026-09-01 08:04:08,155.76,213.99,188.08,40.34,12.18,33.2,41.65,28.63,47.94,74.35,4.73,53.86,97.89,1970.06,0
2026-09-01 08:04:09,162.52,204.97,187.98,37.21,12.04,33.28,40.55,29.5,56.52,68.81,4.8,53.66,95.0,1989.61,0
2026-09-01 08:04:10,158.58,207.58,187.9,40.9,11.87,33.37,42.71,31.31,58.38,68.33,4.83,54.36,94.58,1941.32,0
2026-09-01 08:04:11,159.11,215.03,185.96,40.45,12.09,33.18,42.67,29.15,52.1,72.09,4.68,52.76,94.64,1978.33,0
2026-09-01 08:04:12,166.59,208.69,189.8,40.96,12.21,33.89,42.96,29.27,64.61,67.94,4.8,55.62,98.28,1949.4,0
2026-09-01 08:04:13,160.75,206.06,188.16,41.59,12.1,33.32,42.57,30.19,55.09,70.82,5.01,53.71,95.66,1990.87,0
2026-09-01 08:04:14,159.03,210.66,184.06,40.55,11.85,32.69,40.79,29.63,47.19,70.13,4.46,51.73,96.78,1965.34,0
2026-09-01 08:04:15,154.49,208.57,187.02,40.22,11.95,32.9,41.48,32.23,53.59,68.77,4.98,53.16,92.66,1932.17,0
2026-09-01 08:04:16,163.47,207.49,188.68,38.68,12.13,32.88,43.84,29.84,55.31,69.95,5.08,54.05,99.93,1946.85,0
2026-09-01 08:04:17,156.64,206.71,189.25,38.93,11.93,31.79,44.14,30.34,57.24,75.29,4.99,54.74,95.78,1974.18,0
2026-09-01 08:04:18,157.49,218.31,184.76,41.78,12.04,33.05,39.71,30.94,53.71,71.81,4.36,52.16,95.89,1980.87,0
2026-09-01 08:04:19,159.17,209.25,188.34,42.15,12.08,32.89,38.94,30.92,49.94,73.28,4.56,54.24,97.45,1942.62,0
2026-09-01 08:04:20,163.54,204.22,184.01,39.64,11.91,33.15,40.55,30.23,49.53,67.24,4.67,50.85,97.43,1936.51,0
2026-09-01 08:04:21,161.93,214.48,187.65,40.07,11.99,32.28,44.09,29.84,51.73,73.29,4.61,53.4,98.78,1965.05,0
2026-09-01 08:04:22,159.61,211.83,188.42,38.64,11.68,32.59,44.43,32.02,52.21,71.92,4.63,54.51,93.4,2000.0,0
2026-09-01 08:04:23,160.77,207.7,187.67,41.76,11.9,33.45,40.15,29.9,49.33,65.5,4.6,53.44,92.21,1962.72,0
2026-09-01 08:04:24,158.5,207.2,183.98,41.0,11.97,31.94,42.61,29.56,51.34,71.62,5.09,51.17,95.67,1977.83,0
2026-09-01 08:04:25,160.35,212.02,187.11,42.91,11.88,33.16,45.67,29.35,58.3,68.46,5.12,53.38,94.22,1920.52,0
2026-09-01 08:04:26,160.18,209.26,187.85,38.68,12.16,34.34,42.83,28.27,63.24,65.36,5.15,53.85,98.3,2000.0,0
2026-09-01 08:04:27,162.42,204.22,188.12,39.43,11.86,32.71,44.84,30.82,58.78,70.39,4.94,53.94,94.24,1951.16,0
2026-09-01 08:04:28,162.42,215.36,185.19,40.35,11.96,33.63,44.0,27.65,61.53,71.62,4.6,52.89,93.96,1974.95,0
2026-09-01 08:04:29,161.23,208.7,186.51,40.97,12.01,33.05,40.18,29.99,59.87,70.45,4.65,53.23,95.32,1935.82,0
2026-09-01 08:04:30,159.09,214.49,184.11,39.68,12.14,34.06,41.62,29.8,59.17,69.67,4.85,50.94,99.23,1981.03,0
2026-09-01 08:04:31,161.85,213.84,187.13,38.69,11.86,34.4,42.07,32.24,53.31,69.01,4.46,53.09,95.04,1960.68,0
2026-09-01 08:04:32,159.77,207.0,186.44,41.32,12.12,32.08,42.21,28.17,55.7,77.4,4.93,52.94,98.42,1977.27,0
2026-09-01 08:04:33,157.3,213.1,187.79,41.08,12.0,34.26,43.83,29.1,52.9,66.45,4.96,53.29,95.39,1966.51,0
2026-09-01 08:04:34,158.99,208.05,187.6,38.63,11.9,32.48,42.82,29.86,53.9,72.62,4.96,54.36,96.97,1981.84,0
2026-09-01 08:04:35,160.21,204.4,187.6,42.03,12.05,33.39,36.13,29.8,55.34,70.05,4.14,52.62,95.06,1993.22,0
2026-09-01 08:04:36,162.28,208.73,188.3,41.76,12.02,33.04,39.37,29.45,58.57,67.44,4.52,53.69,95.02,1944.01,0
2026-09-01 08:04:37,159.54,211.19,188.36,40.2,11.94,33.1,37.63,29.92,57.12,69.85,4.08,54.11,97.56,2000.0,0
2026-09-01 08:04:38,156.98,208.61,187.34,40.12,12.01,34.21,42.35,28.74,54.19,65.82,4.98,53.33,98.04,1957.72,0
2026-09-01 08:04:39,160.14,209.08,184.99,40.83,11.96,32.4,42.48,30.36,55.28,68.21,4.9,52.36,92.84,1981.0,0
2026-09-01 08:04:40,160.28,213.43,191.09,38.71,12.01,32.93,42.57,27.68,57.17,69.86,4.53,55.65,97.58,1954.07,0
2026-09-01 08:04:41,160.46,210.32,186.61,40.05,12.07,34.8,40.08,29.97,58.34,65.35,4.66,52.85,94.51,1974.24,0
2026-09-01 08:04:42,162.3,207.47,187.04,36.77,12.16,33.12,43.35,29.4,47.41,71.52,4.82,52.21,98.89,1964.12,0
2026-09-01 08:04:43,162.55,212.11,189.99,41.31,11.88,33.7,43.43,31.02,49.61,67.11,4.53,54.72,96.55,2000.0,0
2026-09-01 08:04:44,158.51,210.59,186.97,37.66,12.21,34.91,39.49,31.76,60.54,65.64,4.6,52.68,100.11,1955.81,0
2026-09-01 08:04:45,158.46,202.44,189.53,42.26,11.8,32.92,39.07,29.67,54.7,66.76,4.46,55.16,96.95,2000.0,0
2026-09-01 08:04:46,157.4,211.29,188.83,39.5,11.98,32.33,42.0,31.39,52.88,76.53,4.6,53.49,96.23,1951.08,0
2026-09-01 08:04:47,161.75,211.18,184.62,39.68,12.06,33.4,45.58,29.68,53.68,64.07,5.32,51.79,96.1,2000.0,0
2026-09-01 08:04:48,163.62,210.06,187.78,39.06,12.03,32.7,45.4,29.03,53.68,71.31,4.97,53.56,96.19,1990.7,0
2026-09-01 08:04:49,159.21,212.68,186.09,39.57,11.94,33.41,43.13,31.75,57.79,67.75,4.79,52.89,95.31,1963.55,0
2026-09-01 08:04:50,159.4,207.98,185.41,42.13,11.98,32.54,40.54,30.52,49.46,68.95,4.73,52.47,95.44,1967.49,0
2026-09-01 08:04:51,163.67,211.01,185.23,36.27,11.95,32.55,43.77,30.0,55.12,71.81,4.73,52.49,95.33,1974.03,0
2026-09-01 08:04:52,161.26,229.82,189.49,41.92,8.24,23.8,41.1,30.69,56.23,71.66,1.35,68.36,0.0,1970.66,1
2026-09-01 08:04:53,161.09,211.22,189.56,40.51,12.08,33.59,40.46,30.27,56.98,67.96,4.54,54.89,94.72,1978.57,0
2026-09-01 08:04:54,157.02,215.86,188.74,38.19,12.04,34.82,37.71,29.93,56.11,65.93,4.17,53.96,97.91,1972.68,0
2026-09-01 08:04:55,161.7,207.02,190.26,38.39,11.93,32.31,42.2,28.67,57.58,71.87,4.52,55.7,95.43,1950.23,0
2026-09-01 08:04:56,157.68,207.72,187.06,42.51,12.09,32.19,40.74,29.73,52.14,71.66,4.86,53.21,94.49,1959.55,0
2026-09-01 08:04:57,157.16,207.87,185.91,38.58,12.03,33.51,42.19,30.62,50.29,69.15,5.1,51.26,97.14,1975.68,0
2026-09-01 08:04:58,159.13,210.39,186.86,38.27,12.08,34.4,37.4,29.88,67.29,71.33,4.23,54.25,94.3,1948.43,0
2026-09-01 08:04:59,158.54,206.81,188.61,41.71,12.06,33.24,42.34,30.9,53.49,68.66,5.01,54.07,96.63,1959.34,0
2026-09-01 08:05:00,159.45,211.26,185.95,40.51,11.92,33.38,37.14,30.38,54.08,67.52,4.18,52.96,98.5,1980.4,0
2026-09-01 08:05:01,156.4,212.54,187.71,38.59,11.94,33.37,44.18,29.12,58.39,70.01,5.03,54.36,94.88,1974.54,0
2026-09-01 08:05:02,162.4,211.6,189.74,40.32,12.07,33.1,43.04,28.68,62.98,71.56,4.67,55.0,96.03,1963.7,0
2026-09-01 08:05:03,162.82,204.69,188.12,38.46,12.06,33.67,41.44,29.84,52.28,70.93,4.77,53.42,97.67,1989.85,0
2026-09-01 08:05:04,155.13,212.99,186.91,41.65,12.0,32.14,43.13,29.48,50.01,71.53,4.96,53.02,96.94,1988.8,0
2026-09-01 08:05:05,162.45,212.81,185.97,41.59,12.01,33.73,40.04,30.34,48.79,67.72,4.51,53.35,97.05,1957.48,0
2026-09-01 08:05:06,157.97,212.49,188.78,40.8,12.13,32.55,42.14,29.28,62.97,74.75,4.69,54.31,96.33,1982.43,0
2026-09-01 08:05:07,162.14,211.12,194.02,40.54,11.94,33.06,43.59,29.38,49.81,68.97,4.63,57.06,96.24,1951.12,0
2026-09-01 08:05:08,159.83,210.66,188.63,42.64,12.05,33.28,35.81,31.05,54.86,69.64,4.05,54.58,95.58,1974.15,0
2026-09-01 08:05:09,160.07,213.1,191.81,40.0,11.98,34.28,41.11,30.15,50.11,66.04,4.52,55.06,96.54,1973.82,0
2026-09-01 08:05:10,159.54,215.77,189.21,38.23,11.98,33.89,41.95,29.3,47.76,69.42,4.49,54.17,95.63,1968.68,0
2026-09-01 08:05:11,163.03,207.14,187.59,40.67,12.11,33.44,41.61,30.02,53.54,71.6,4.9,52.97,98.04,1963.24,0
2026-09-01 08:05:12,156.9,213.23,185.71,43.13,12.08,32.68,44.91,31.38,50.31,72.29,5.1,52.26,98.03,1969.58,0
2026-09-01 08:05:13,161.52,209.74,185.63,38.48,12.08,32.96,39.75,30.29,51.54,74.69,4.57,52.08,97.31,1968.05,0
2026-09-01 08:05:14,162.75,209.61,186.12,39.46,12.13,33.37,40.76,30.59,65.03,71.56,4.71,52.44,95.88,1922.76,0
2026-09-01 08:05:15,161.79,205.39,188.95,40.62,12.0,32.48,38.17,29.25,57.12,70.83,4.41,54.73,93.75,1995.89,0
2026-09-01 08:05:16,165.81,209.15,190.88,39.92,12.07,33.98,45.02,31.03,59.66,68.66,5.0,55.26,94.84,1980.64,0
2026-09-01 08:05:17,158.68,207.01,188.53,38.53,11.97,34.11,41.51,32.32,59.12,68.01,4.66,54.38,94.3,1958.82,0
2026-09-01 08:05:18,162.39,208.61,187.93,41.68,12.03,32.62,41.12,29.21,54.5,72.91,4.8,53.48,100.27,1986.9,0
2026-09-01 08:05:19,159.73,206.71,187.88,43.48,11.99,32.59,41.9,28.82,52.8,72.85,4.88,53.97,96.88,1957.46,0
2026-09-01 08:05:20,163.08,208.65,189.14,40.29,12.01,34.16,43.27,30.18,56.24,66.77,5.02,54.34,96.42,1914.15,0
2026-09-01 08:05:21,159.98,208.78,189.36,38.64,12.06,33.5,42.69,30.88,55.84,72.17,4.99,53.27,95.64,1974.47,0
2026-09-01 08:05:22,159.03,210.29,184.81,37.68,11.92,32.29,47.3,29.91,52.16,71.95,5.39,51.48,96.74,1935.45,0
2026-09-01 08:05:23,163.27,205.16,187.04,40.39,12.21,33.58,42.91,28.95,55.65,66.66,5.2,52.8,97.38,1940.82,0
2026-09-01 08:05:24,158.77,205.66,189.7,41.66,11.9,32.45,41.07,29.89,51.47,71.62,4.74,54.63,95.7,1945.78,0
2026-09-01 08:05:25,156.47,211.09,189.35,40.71,11.88,33.08,40.88,30.6,54.14,66.85,4.43,55.35,95.92,1969.3,0
2026-09-01 08:05:26,158.71,207.61,184.99,40.0,12.12,33.63,41.21,29.59,53.32,62.71,5.08,51.24,97.56,1970.64,0
2026-09-01 08:05:27,161.55,213.22,184.66,39.12,12.08,33.73,39.0,30.61,48.66,69.52,4.51,51.54,96.74,1988.33,0
2026-09-01 08:05:28,163.48,210.68,186.89,38.36,12.06,33.26,42.08,31.16,43.24,70.77,4.82,52.72,94.97,1942.46,0
2026-09-01 08:05:29,160.28,211.82,187.3,41.25,12.06,33.35,43.57,30.24,50.3,69.65,4.94,53.07,96.59,1952.32,0
2026-09-01 08:05:30,163.3,214.23,185.02,41.37,12.0,32.21,40.77,29.97,64.02,78.6,4.4,52.63,97.62,1992.51,0
2026-09-01 08:05:31,156.6,209.07,187.5,37.68,11.91,32.4,40.39,30.83,53.45,71.14,4.65,53.58,96.4,1977.19,0
2026-09-01 08:05:32,158.89,208.28,187.51,42.38,12.01,32.66,45.03,29.14,58.88,70.44,5.23,53.79,96.54,1972.83,0
2026-09-01 08:05:33,159.28,212.62,188.16,40.86,11.93,32.63,39.15,29.05,44.38,71.29,4.24,53.33,96.67,1965.79,0
2026-09-01 08:05:34,159.71,211.53,183.14,42.1,12.1,34.22,37.86,29.73,49.96,68.68,4.45,50.52,94.97,1974.44,0
2026-09-01 08:05:35,160.21,209.44,185.19,37.99,11.99,33.2,39.69,29.51,48.23,72.79,4.44,51.69,95.64,1966.93,0
2026-09-01 08:05:36,161.73,214.17,186.74,37.95,11.92,32.81,38.92,29.2,53.99,71.08,4.06,53.07,95.28,1968.17,0
2026-09-01 08:05:37,158.89,209.36,188.43,39.78,11.97,32.97,42.77,31.83,67.11,70.95,4.83,54.48,94.14,1975.27,0
2026-09-01 08:05:38,160.35,210.1,187.02,40.75,12.04,33.76,41.28,32.17,57.3,68.13,4.94,53.15,97.11,1947.77,0
2026-09-01 08:05:39,159.89,210.06,187.12,42.69,11.94,33.6,41.56,29.65,63.48,65.31,4.8,54.44,96.57,1969.66,0
2026-09-01 08:05:40,157.69,207.2,187.2,41.06,11.92,32.73,44.31,30.09,53.73,68.5,5.15,53.35,95.59,1926.86,0
2026-09-01 08:05:41,159.72,210.23,186.41,39.64,12.02,33.0,40.62,29.81,61.82,70.85,4.69,53.51,96.5,1965.82,0
2026-09-01 08:05:42,159.64,214.19,187.21,38.46,12.02,34.16,43.55,31.11,65.37,68.67,4.79,54.0,95.3,1955.54,0
2026-09-01 08:05:43,159.59,211.33,188.82,41.85,11.95,32.88,45.02,31.31,54.45,70.88,4.87,54.49,94.72,1981.77,0
2026-09-01 08:05:44,160.08,210.09,186.57,38.55,11.95,32.52,41.09,28.22,52.3,69.3,4.59,53.03,93.59,1937.43,0
2026-09-01 08:05:45,160.19,209.51,189.83,42.44,12.02,32.61,43.47,30.48,48.41,71.29,4.81,54.52,95.91,1969.16,0
2026-09-01 08:05:46,158.92,210.99,187.58,39.57,11.86,32.76,41.52,28.69,53.45,67.07,4.48,53.59,93.96,1977.52,0
2026-09-01 08:05:47,163.18,212.25,187.0,42.39,11.86,33.26,43.85,31.76,55.41,70.58,4.67,54.24,93.68,1979.92,0
2026-09-01 08:05:48,157.08,211.83,187.17,41.02,11.93,33.25,38.86,30.44,65.15,68.08,4.47,54.4,95.51,1951.88,0
2026-09-01 08:05:49,158.2,209.0,185.85,39.79,11.98,33.79,38.71,29.18,48.53,65.39,4.6,52.25,95.27,1957.73,0
2026-09-01 08:05:50,166.95,227.66,186.39,39.22,7.6,21.68,41.22,29.76,55.3,69.5,1.06,68.97,0.0,1972.87,1
2026-09-01 08:05:51,157.41,211.44,188.05,39.49,12.15,32.22,40.22,29.71,45.93,74.61,4.78,53.25,96.34,1941.36,0
2026-09-01 08:05:52,156.62,206.98,183.79,40.64,12.09,33.47,40.97,30.53,52.87,65.62,5.08,50.56,96.49,1955.42,0
2026-09-01 08:05:53,161.84,210.5,187.23,40.12,11.98,33.25,41.56,31.04,56.56,70.36,4.68,53.14,94.23,1946.85,0
2026-09-01 08:05:54,154.81,203.52,188.9,39.11,12.0,32.29,43.44,28.85,57.56,72.39,5.2,53.72,96.51,1928.05,0
2026-09-01 08:05:55,159.41,211.45,187.65,39.75,11.9,32.35,41.18,31.84,57.95,76.9,4.58,53.89,95.31,1993.44,0
2026-09-01 08:05:56,165.36,211.98,186.81,40.12,12.0,34.48,40.35,31.61,56.99,68.52,4.34,53.67,94.67,1964.52,0
2026-09-01 08:05:57,156.14,212.24,188.62,36.81,11.97,33.13,41.3,29.12,57.9,68.1,4.74,54.27,96.94,1942.91,0
2026-09-01 08:05:58,155.05,208.81,187.0,40.69,12.03,33.12,40.46,30.07,55.23,66.5,4.91,54.01,98.34,1916.86,0
2026-09-01 08:05:59,156.25,210.93,187.75,38.53,11.92,32.9,40.13,31.71,49.76,73.42,4.61,53.41,95.23,1970.08,0
2026-09-01 08:06:00,162.25,214.27,189.69,38.27,12.05,34.57,38.77,31.23,45.74,67.4,4.22,54.29,96.1,1932.23,0
2026-09-01 08:06:01,162.81,214.24,189.2,37.47,12.15,33.91,42.14,29.66,52.27,68.89,4.62,53.9,96.74,1950.0,0
2026-09-01 08:06:02,158.72,209.91,188.84,37.31,11.99,34.18,40.86,30.81,54.33,64.45,4.66,53.4,95.13,1962.34,0
2026-09-01 08:06:03,161.71,210.42,187.22,37.97,12.04,33.66,43.93,33.0,61.27,72.65,4.9,53.44,94.91,1938.34,0
2026-09-01 08:06:04,163.48,213.33,188.38,38.94,12.07,33.31,39.11,30.11,54.5,73.47,4.07,53.5,96.73,1996.11,0
2026-09-01 08:06:05,164.47,205.5,189.38,42.93,11.96,33.0,40.92,29.37,54.02,72.54,4.51,54.77,94.54,1942.48,0
2026-09-01 08:06:06,159.38,209.03,187.48,39.21,12.02,34.33,45.63,30.17,56.93,65.18,5.28,54.04,92.27,1938.08,0
2026-09-01 08:06:07,154.25,214.01,187.62,40.27,12.0,32.71,40.12,30.25,53.65,71.82,4.5,53.36,99.06,1967.31,0
2026-09-01 08:06:08,157.95,212.93,188.74,40.6,12.01,34.11,41.53,29.48,59.05,64.98,4.69,54.57,98.63,1955.52,0
2026-09-01 08:06:09,158.93,211.11,186.88,40.2,11.92,32.99,39.57,30.44,64.9,70.17,4.38,53.72,95.55,2000.0,0
2026-09-01 08:06:10,159.35,205.48,188.3,39.88,12.0,32.34,39.3,28.75,65.95,70.62,4.55,54.88,94.07,1990.65,0
2026-09-01 08:06:11,159.53,209.85,187.7,38.21,12.05,32.96,45.09,29.33,55.49,70.93,5.2,54.44,99.86,1992.39,0
2026-09-01 08:06:12,162.8,208.23,188.87,42.18,12.15,32.81,42.34,30.76,56.68,71.6,4.91,54.65,97.95,1973.29,0
2026-09-01 08:06:13,163.19,210.99,185.77,42.71,12.1,33.68,42.27,28.25,62.89,69.98,4.96,52.4,96.21,1975.61,0
2026-09-01 08:06:14,159.57,207.57,186.46,37.48,12.22,34.72,38.61,30.9,54.25,64.11,4.76,52.9,100.03,1954.67,0
2026-09-01 08:06:15,162.75,206.92,188.66,38.46,11.92,31.57,42.72,27.99,58.4,71.61,4.6,54.67,93.9,1975.57,0
2026-09-01 08:06:16,160.89,203.81,188.82,39.58,12.09,32.61,44.31,28.27,49.32,70.29,5.22,54.29,93.56,1948.81,0
2026-09-01 08:06:17,160.16,213.67,184.74,38.55,12.02,33.73,44.3,29.5,53.45,67.29,4.99,51.31,95.17,1959.25,0
2026-09-01 08:06:18,162.27,208.8,188.29,40.76,12.22,34.82,43.34,30.29,60.78,65.29,5.06,53.71,98.85,1933.98,0
2026-09-01 08:06:19,160.18,210.47,189.49,38.91,11.92,32.54,39.74,31.33,51.41,74.62,4.39,54.79,98.75,1952.88,0
2026-09-01 08:06:20,165.14,209.99,186.26,43.25,11.92,32.51,42.63,30.06,54.36,73.69,4.66,52.9,94.27,1972.76,0
2026-09-01 08:06:21,156.4,206.8,190.82,41.79,11.94,32.54,43.34,29.75,47.13,72.12,4.98,55.37,93.78,1983.36,0
2026-09-01 08:06:22,158.71,206.22,187.48,40.32,11.79,32.28,38.41,30.58,65.03,67.97,4.25,54.46,94.35,1970.46,0
2026-09-01 08:06:23,159.68,206.98,187.69,41.54,11.95,34.26,39.76,29.13,61.32,62.45,4.68,53.91,95.56,1988.85,0
2026-09-01 08:06:24,161.1,207.83,187.18,41.66,11.92,32.56,43.78,30.14,55.94,72.29,5.12,53.35,98.2,1932.93,0
2026-09-01 08:06:25,163.17,211.1,186.26,39.15,12.02,33.08,43.75,28.8,57.54,71.1,4.79,52.52,96.5,1971.67,0
2026-09-01 08:06:26,159.94,207.61,186.97,38.78,12.03,33.71,38.9,30.08,56.98,68.88,4.52,53.32,99.45,1943.53,0
2026-09-01 08:06:27,156.44,215.24,184.95,40.12,12.19,33.25,43.59,29.87,61.92,73.37,5.21,51.84,99.6,1969.34,0
2026-09-01 08:06:28,162.11,213.08,186.93,41.29,12.1,33.76,42.19,29.2,52.41,72.54,4.67,52.59,98.16,1944.55,0
2026-09-01 08:06:29,161.89,212.43,186.75,40.21,11.94,32.52,43.56,30.17,58.66,70.53,4.74,52.77,93.35,1949.3,0
2026-09-01 08:06:30,155.15,209.64,188.57,37.63,11.91,33.14,40.73,30.16,60.39,70.11,4.64,54.85,94.69,1977.69,0
2026-09-01 08:06:31,159.99,214.54,189.25,38.8,12.05,34.28,43.29,31.18,61.08,70.15,4.77,55.01,96.78,1965.33,0
2026-09-01 08:06:32,156.02,209.35,190.42,39.89,11.87,31.31,43.69,28.39,43.7,72.04,4.8,54.65,91.06,1943.67,0
2026-09-01 08:06:33,158.34,209.91,186.04,39.89,12.18,33.67,41.3,29.92,52.0,67.43,5.06,52.1,96.45,1930.11,0
2026-09-01 08:06:34,157.74,210.51,186.57,42.96,12.12,33.19,42.04,29.24,49.9,71.28,4.94,52.2,96.46,1942.61,0
2026-09-01 08:06:35,162.02,212.11,187.26,37.92,11.95,34.08,40.7,30.87,55.75,67.24,4.5,53.79,94.45,1958.63,0
2026-09-01 08:06:36,160.29,211.91,189.38,40.76,11.83,33.02,45.3,30.75,44.92,74.01,4.77,54.35,97.75,1935.66,0
2026-09-01 08:06:37,156.79,208.57,186.31,42.23,12.14,32.44,41.76,30.51,44.77,71.6,4.94,51.77,97.84,1964.76,0
2026-09-01 08:06:38,162.2,208.4,184.75,43.41,11.99,33.13,40.16,29.3,65.85,67.94,4.5,52.47,95.6,1937.81,0
2026-09-01 08:06:39,156.42,211.92,186.21,39.39,12.12,33.11,40.57,30.89,58.09,70.24,4.81,52.43,94.2,1955.78,0
2026-09-01 08:06:40,160.83,212.15,188.91,40.74,11.84,32.75,42.25,28.47,55.61,67.44,4.42,54.58,93.94,1966.03,0
2026-09-01 08:06:41,157.96,208.82,187.94,40.85,11.94,32.24,43.51,28.26,56.82,74.51,4.98,53.75,97.9,1949.71,0
2026-09-01 08:06:42,159.09,205.24,188.51,40.29,12.0,31.61,39.33,28.72,55.73,74.87,4.55,53.96,95.09,1980.59,0
2026-09-01 08:06:43,161.26,209.38,189.3,39.85,12.0,32.96,45.7,29.97,59.99,72.09,5.24,54.67,95.44,1966.65,0
2026-09-01 08:06:44,161.3,211.87,184.7,40.65,11.95,32.38,42.62,30.68,51.84,74.67,4.68,51.77,93.7,1940.59,0
2026-09-01 08:06:45,163.34,215.42,187.57,36.2,12.06,33.71,42.93,27.02,55.93,70.46,4.75,53.37,96.75,1936.38,0
2026-09-01 08:06:46,159.79,206.41,189.93,41.02,11.89,31.85,41.81,31.32,56.14,72.29,4.66,55.48,95.62,1989.99,0
2026-09-01 08:06:47,160.77,208.72,186.09,40.19,11.99,32.99,42.04,30.13,49.77,73.67,4.85,51.96,96.16,1980.83,0
2026-09-01 08:06:48,158.91,208.83,186.22,39.67,12.01,33.29,41.7,28.43,61.38,69.98,4.9,53.86,94.33,1951.64,0
2026-09-01 08:06:49,160.45,214.07,184.83,43.07,12.05,33.69,44.04,30.1,52.77,70.21,4.87,51.68,97.18,1964.41,0
2026-09-01 08:06:50,161.1,209.9,190.41,38.99,12.07,33.41,41.98,31.09,60.09,72.8,4.92,55.71,95.95,1952.77,0
2026-09-01 08:06:51,159.75,207.28,186.9,39.4,11.89,31.6,43.53,30.6,55.57,71.94,5.06,53.63,95.45,1971.48,0
2026-09-01 08:06:52,155.49,211.68,187.51,42.99,11.85,33.34,41.13,31.1,63.17,67.73,4.72,54.33,95.94,1961.62,0
2026-09-01 08:06:53,160.83,208.79,188.01,38.75,12.13,34.5,42.39,28.63,49.79,63.44,5.12,53.42,97.66,1917.93,0
2026-09-01 08:06:54,160.91,206.33,190.25,39.17,12.03,33.17,40.39,29.59,49.58,69.47,4.64,54.93,97.25,1981.03,0
2026-09-01 08:06:55,158.3,207.32,187.81,39.78,11.93,33.05,44.43,29.08,50.47,63.71,5.28,53.57,96.43,1985.12,0
2026-09-01 08:06:56,156.79,215.2,186.4,41.26,12.16,35.01,40.33,31.72,55.67,67.03,4.75,53.47,98.57,1948.46,0
2026-09-01 08:06:57,163.69,211.15,186.57,40.31,12.01,33.49,41.35,30.64,62.71,67.38,4.54,53.75,97.56,1964.06,0
2026-09-01 08:06:58,161.23,210.32,189.27,38.06,12.12,34.79,41.37,32.85,62.97,68.29,4.7,54.04,98.76,1979.44,0
2026-09-01 08:06:59,159.43,209.25,187.71,39.2,12.01,32.88,41.29,29.53,43.45,72.46,4.65,53.45,96.71,2000.0,0
2026-09-01 08:07:00,157.16,210.88,187.42,39.09,12.21,33.0,43.44,29.28,56.25,73.11,5.18,53.06,98.93,1968.07,0
2026-09-01 08:07:01,157.95,210.84,184.29,39.88,12.18,34.15,41.37,29.86,38.94,71.53,4.88,51.04,97.66,1964.43,0
2026-09-01 08:07:02,163.26,210.88,185.35,40.64,11.98,33.35,44.79,31.38,58.98,71.9,4.99,52.33,96.83,1974.54,0
2026-09-01 08:07:03,160.34,210.34,188.5,40.63,12.1,33.4,40.36,29.63,60.59,71.97,4.48,53.21,96.09,1976.4,0
2026-09-01 08:07:04,158.62,212.61,188.04,37.34,12.06,34.69,42.34,30.12,54.8,62.51,4.95,53.52,93.86,1967.73,0
2026-09-01 08:07:05,161.27,210.07,186.56,41.6,12.14,33.66,40.45,30.1,55.42,70.03,4.61,52.0,99.3,1931.21,0
2026-09-01 08:07:06,157.96,207.07,185.75,40.38,11.9,33.12,42.84,30.04,55.37,64.61,5.13,52.42,95.52,1960.46,0
2026-09-01 08:07:07,163.75,208.16,188.05,42.08,12.07,33.38,41.97,29.35,51.08,71.53,4.76,53.24,96.8,1962.73,0
2026-09-01 08:07:08,163.38,204.06,186.84,40.67,12.11,33.95,41.69,29.86,57.16,63.72,5.11,53.12,98.21,1927.42,0
2026-09-01 08:07:09,158.83,216.08,186.17,41.65,11.82,32.28,44.38,29.82,53.84,69.46,4.78,53.16,93.61,1969.36,0
2026-09-01 08:07:10,158.43,212.59,188.85,40.7,11.88,32.43,40.69,29.99,59.65,71.64,4.5,55.09,94.89,1933.92,0
2026-09-01 08:07:11,153.45,207.51,191.11,42.02,11.8,33.28,43.17,30.94,54.43,66.65,4.98,56.39,93.51,1982.83,0
2026-09-01 08:07:12,156.3,209.15,185.37,40.78,11.97,32.96,40.46,31.76,50.69,72.89,4.78,52.85,95.5,1940.35,0
2026-09-01 08:07:13,156.65,208.09,188.07,39.85,12.07,32.29,42.23,29.16,47.32,71.52,4.84,53.29,95.98,1975.15,0
2026-09-01 08:07:14,160.34,214.63,186.15,43.41,12.15,33.4,39.61,29.61,45.68,71.14,4.48,52.09,96.36,1942.42,0
2026-09-01 08:07:15,159.18,205.74,187.35,41.33,12.01,32.12,40.67,29.17,61.56,72.09,4.76,54.07,96.64,1981.31,0
2026-09-01 08:07:16,156.64,210.34,188.17,40.86,12.16,34.22,41.84,30.19,52.71,68.92,5.1,53.14,94.47,1983.66,0
2026-09-01 08:07:17,159.3,209.67,187.4,38.09,11.86,31.92,45.63,29.46,56.69,70.46,5.1,53.35,96.85,1967.15,0
2026-09-01 08:07:18,161.26,212.48,187.93,38.07,11.83,32.71,42.2,30.24,63.92,70.03,4.36,54.77,93.58,1943.14,0
2026-09-01 08:07:19,161.32,209.69,189.16,40.44,11.99,33.46,45.31,31.1,52.19,69.96,5.09,54.21,96.68,1964.07,0
2026-09-01 08:07:20,155.25,204.73,187.96,40.22,12.04,31.89,42.44,27.47,51.86,67.98,5.13,53.84,97.12,1941.01,0
2026-09-01 08:07:21,159.68,209.25,185.8,39.08,12.0,33.56,41.23,30.49,54.34,66.27,4.75,52.75,95.53,1932.72,0
2026-09-01 08:07:22,156.54,207.08,186.1,40.21,11.79,31.74,45.08,29.54,55.15,68.99,5.21,53.55,94.99,1945.16,0
2026-09-01 08:07:23,162.25,210.24,183.86,42.38,11.99,32.95,42.87,30.46,64.44,68.82,4.96,51.49,94.31,1954.3,0
2026-09-01 08:07:24,161.96,214.3,187.74,41.04,11.87,33.13,40.71,29.1,62.83,67.79,4.3,54.12,94.14,1942.45,0
2026-09-01 08:07:25,157.75,204.78,191.09,38.29,12.07,32.77,42.94,31.2,58.1,72.56,4.87,55.68,96.17,1949.87,0
2026-09-01 08:07:26,158.08,207.6,185.69,39.83,12.04,33.25,41.41,30.91,62.25,66.48,4.97,52.62,96.98,1943.91,0
2026-09-01 08:07:27,158.85,208.34,185.5,38.79,11.91,32.78,38.02,30.57,54.11,69.49,4.36,52.65,94.74,1955.26,0
2026-09-01 08:07:28,154.37,208.86,187.5,39.42,11.95,32.79,43.87,30.79,56.5,73.5,5.22,54.24,95.35,1950.34,0
2026-09-01 08:07:29,160.84,212.22,188.49,39.38,11.89,32.95,44.19,29.25,53.49,72.73,4.75,54.24,96.39,1924.43,0
2026-09-01 08:07:30,159.32,209.48,186.14,39.28,11.99,32.99,45.68,29.38,48.55,73.65,5.3,51.83,96.54,1953.94,0
2026-09-01 08:07:31,162.43,211.25,189.7,38.12,12.1,34.05,42.84,30.75,61.02,68.23,4.94,54.1,100.3,1938.6,0
2026-09-01 08:07:32,157.25,208.12,188.24,39.81,11.9,32.15,41.5,29.23,57.66,72.35,4.63,53.8,93.86,1936.38,0
2026-09-01 08:07:33,158.45,210.69,187.33,39.16,12.05,33.98,43.67,31.45,55.09,66.81,5.2,52.75,94.47,1936.13,0
2026-09-01 08:07:34,156.23,212.33,186.79,35.61,11.95,32.37,43.7,29.68,54.99,69.17,5.03,53.46,98.43,1957.74,0
2026-09-01 08:07:35,157.49,207.8,185.43,43.08,11.92,33.08,45.28,30.5,47.47,69.45,5.17,52.04,95.76,1962.19,0
2026-09-01 08:07:36,157.05,212.34,188.62,41.63,11.99,33.61,41.91,32.1,50.11,68.27,4.76,53.99,97.91,1956.61,0
2026-09-01 08:07:37,162.49,210.16,186.31,39.44,11.9,32.92,41.67,29.29,56.68,68.91,4.67,53.4,93.68,1968.51,0
2026-09-01 08:07:38,158.25,213.14,184.87,40.03,11.94,33.37,40.57,30.07,52.35,68.52,4.65,52.46,94.83,1953.83,0
2026-09-01 08:07:39,160.31,209.4,188.5,38.24,11.88,33.07,43.07,31.05,53.91,67.05,4.92,54.26,95.24,1956.34,0
2026-09-01 08:07:40,159.05,211.14,183.89,42.54,12.2,33.04,38.9,30.95,54.48,72.57,4.72,51.18,97.57,1936.52,0
2026-09-01 08:07:41,156.83,209.88,190.18,42.85,12.0,33.27,43.55,29.67,51.59,69.45,4.89,55.07,95.91,1963.39,0
2026-09-01 08:07:42,159.58,209.71,185.64,40.24,11.93,32.81,43.18,29.48,50.16,70.6,4.98,51.68,93.08,1950.53,0
2026-09-01 08:07:43,161.5,210.78,186.97,41.54,12.02,34.1,43.17,29.77,46.94,70.49,4.78,52.14,96.0,1965.82,0
2026-09-01 08:07:44,156.98,211.61,188.44,40.26,11.99,33.43,42.28,31.45,54.27,70.16,4.77,53.92,96.42,1951.25,0
2026-09-01 08:07:45,162.02,206.25,186.94,37.99,11.98,32.99,45.07,29.72,58.09,70.28,5.24,53.45,95.32,1953.18,0
2026-09-01 08:07:46,157.88,233.96,187.38,39.38,7.47,22.69,43.74,30.08,46.78,69.08,1.13,70.45,0.0,1937.0,1
2026-09-01 08:07:47,158.79,204.42,187.66,40.2,12.08,32.37,40.79,29.57,54.88,74.26,4.85,53.33,98.09,1949.56,0
2026-09-01 08:07:48,161.33,207.95,189.96,39.32,11.95,33.0,40.82,30.71,56.41,72.28,4.45,54.5,95.9,1993.33,0
2026-09-01 08:07:49,158.34,209.72,189.23,39.67,11.94,31.8,40.24,30.16,50.05,70.06,4.51,54.29,94.45,1915.53,0
2026-09-01 08:07:50,160.09,211.24,189.17,39.86,11.97,33.09,43.1,29.0,62.11,68.66,4.79,54.19,96.32,1943.36,0
2026-09-01 08:07:51,159.21,214.73,186.52,39.88,11.77,32.72,40.0,29.03,53.07,69.64,4.23,53.28,94.89,1967.96,0
2026-09-01 08:07:52,160.32,204.43,188.02,40.08,11.85,31.55,44.17,28.0,54.49,71.25,5.11,54.38,94.93,1937.96,0
2026-09-01 08:07:53,154.05,208.48,188.52,38.41,12.14,32.49,44.65,29.17,54.19,74.5,5.3,53.91,95.96,1954.38,0
2026-09-01 08:07:54,155.43,203.62,187.88,38.92,12.16,33.84,40.24,30.79,46.15,65.88,5.07,52.69,98.6,1950.16,0
2026-09-01 08:07:55,161.54,210.09,189.85,38.07,11.98,33.58,41.63,31.32,60.04,71.98,4.52,55.39,96.44,1969.04,0
2026-09-01 08:07:56,162.59,210.82,187.14,41.47,12.06,33.07,42.03,30.69,50.22,73.38,4.75,52.46,95.86,1947.04,0
2026-09-01 08:07:57,157.72,214.77,186.82,36.84,12.03,33.49,43.77,30.55,53.82,65.54,5.0,52.7,96.48,1918.85,0
2026-09-01 08:07:58,159.39,210.36,188.5,41.73,12.31,34.11,45.22,29.87,57.99,69.46,5.44,52.86,97.04,1985.46,0
2026-09-01 08:07:59,160.74,213.13,185.24,42.08,12.11,33.99,38.63,30.77,62.3,66.81,4.42,52.04,94.04,1948.98,0
2026-09-01 08:08:00,161.73,211.75,186.21,39.55,11.99,32.81,41.36,30.29,49.6,71.29,4.62,52.17,93.61,1954.6,0
2026-09-01 08:08:01,154.93,208.69,193.29,36.1,11.9,33.13,41.47,31.8,52.77,68.92,4.69,56.95,95.63,1942.27,0
2026-09-01 08:08:02,157.78,205.77,184.72,39.46,11.84,32.02,39.2,29.9,61.91,69.61,4.57,52.44,94.27,1954.61,0
2026-09-01 08:08:03,159.17,210.83,188.57,39.9,12.02,33.56,41.03,31.34,57.32,68.77,4.67,54.31,96.79,1970.83,0
2026-09-01 08:08:04,161.76,205.52,185.84,38.48,11.92,32.26,42.86,30.87,58.36,72.16,4.97,52.06,96.63,1948.22,0
2026-09-01 08:08:05,166.25,213.89,187.61,39.23,11.86,33.94,41.44,30.74,49.74,70.69,4.2,53.3,95.38,1935.4,0
2026-09-01 08:08:06,159.43,209.51,189.12,42.3,11.94,32.65,38.91,27.99,53.1,70.69,4.3,54.93,94.52,1924.78,0
2026-09-01 08:08:07,156.48,213.59,188.14,41.0,11.89,33.15,47.75,30.93,54.16,70.48,5.29,54.5,95.75,1974.24,0
2026-09-01 08:08:08,161.01,208.56,187.1,38.61,12.17,33.43,42.53,29.87,50.71,71.72,5.03,52.68,96.76,1941.85,0
2026-09-01 08:08:09,163.3,210.81,187.31,37.6,12.09,33.07,42.22,29.56,46.63,69.21,4.5,52.79,96.22,1961.61,0
2026-09-01 08:08:10,160.27,210.63,188.57,39.51,12.0,32.72,39.8,28.52,52.45,75.1,4.38,53.57,97.57,1964.3,0
2026-09-01 08:08:11,157.73,209.86,187.89,39.68,12.15,35.22,42.52,29.99,61.77,66.3,5.02,53.57,98.05,1945.85,0
2026-09-01 08:08:12,162.39,208.7,187.06,40.74,12.01,33.45,41.67,30.03,55.3,64.82,4.83,53.56,95.44,1948.7,0
2026-09-01 08:08:13,161.66,211.18,185.44,39.2,11.91,33.18,38.22,28.7,61.87,64.57,4.31,52.31,94.09,1950.39,0
2026-09-01 08:08:14,157.43,207.22,188.44,40.77,12.15,33.61,39.86,28.53,55.9,63.76,4.98,53.8,99.33,1966.2,0
2026-09-01 08:08:15,160.95,206.37,187.12,42.9,12.05,32.96,43.59,30.49,51.18,72.02,5.15,53.18,96.37,1933.73,0
2026-09-01 08:08:16,162.49,213.73,188.55,41.22,11.9,33.16,45.89,30.87,61.39,71.65,4.84,54.72,93.47,1945.82,0
2026-09-01 08:08:17,162.95,212.18,187.56,39.93,11.98,32.73,42.73,30.19,56.06,73.62,4.54,53.58,95.19,1955.62,0
2026-09-01 08:08:18,159.83,210.2,187.43,39.73,11.91,33.73,44.21,31.15,59.81,66.83,5.02,53.84,92.69,1955.93,0
2026-09-01 08:08:19,159.1,215.0,184.64,39.46,11.86,32.77,41.69,29.91,49.66,72.24,4.52,52.03,91.02,1961.94,0
2026-09-01 08:08:20,163.07,209.2,189.24,41.77,7.26,20.61,41.83,29.95,60.19,70.17,1.08,74.2,0.0,1922.82,1
2026-09-01 08:08:21,156.97,213.97,185.85,39.06,7.31,20.15,44.18,29.08,60.34,70.5,1.16,70.6,0.0,1942.74,1
2026-09-01 08:08:22,161.1,210.53,187.26,40.07,7.12,19.38,45.33,28.44,56.45,71.88,1.15,72.74,0.0,1957.33,1
2026-09-01 08:08:23,156.57,206.93,185.67,40.08,7.23,19.86,44.6,31.85,50.97,67.73,1.29,70.13,0.0,1923.09,1
2026-09-01 08:08:24,162.66,215.54,187.49,39.25,7.16,19.67,39.87,31.13,54.77,77.76,0.89,72.96,0.0,1984.08,1
2026-09-01 08:08:25,159.35,212.97,189.41,37.94,7.17,19.09,41.87,28.61,58.06,74.0,0.74,74.41,0.0,1917.84,1
2026-09-01 08:08:26,163.17,209.64,187.46,40.48,7.16,20.43,42.56,30.16,56.17,68.4,1.09,72.3,0.0,1926.01,1
2026-09-01 08:08:27,161.23,212.18,186.51,39.91,7.15,20.34,41.48,29.9,58.01,66.73,0.98,72.91,0.0,1934.32,1
2026-09-01 08:08:28,156.94,208.79,185.51,40.75,7.2,19.76,42.78,29.73,60.06,69.74,1.27,70.91,0.0,1931.98,1
2026-09-01 08:08:29,163.56,212.49,187.63,39.2,7.15,19.71,43.64,29.59,51.76,70.55,1.06,72.71,0.0,1958.41,1
2026-09-01 08:08:30,163.88,202.83,185.42,41.83,7.22,20.09,44.01,30.38,49.22,73.2,1.13,69.75,0.0,1950.06,1
2026-09-01 08:08:31,162.21,206.94,188.61,38.68,7.2,19.97,45.37,30.82,54.81,66.49,1.21,73.25,0.0,1930.5,1
2026-09-01 08:08:32,158.1,212.94,187.51,42.57,7.19,19.54,41.34,30.4,53.35,70.86,1.1,72.51,0.0,1989.66,1
2026-09-01 08:08:33,159.23,209.25,188.81,37.38,7.15,19.93,39.27,29.88,58.93,65.41,1.2,74.34,0.0,1963.07,1
2026-09-01 08:08:34,160.36,210.62,188.51,40.65,7.17,20.06,42.72,29.84,49.63,71.31,1.14,73.65,0.0,1953.16,1
2026-09-01 08:08:35,158.24,205.96,187.21,40.71,7.25,20.45,45.77,30.94,60.1,69.68,1.23,71.65,0.0,1962.3,1
2026-09-01 08:08:36,164.23,215.54,189.22,38.81,7.23,20.38,41.05,30.46,61.77,75.81,1.11,73.85,0.0,1955.73,1
2026-09-01 08:08:37,160.36,213.57,190.79,40.64,7.14,19.84,43.37,30.07,55.0,65.36,1.03,76.31,0.0,1951.52,1
2026-09-01 08:08:38,153.24,209.4,188.06,41.92,7.21,19.33,43.39,29.96,55.3,74.11,1.22,73.19,0.0,1957.6,1
2026-09-01 08:08:39,160.85,208.79,188.75,36.67,7.25,20.26,42.38,30.35,51.16,64.89,1.31,73.62,0.0,1946.63,1
2026-09-01 08:08:40,159.13,213.09,188.25,40.75,7.1,20.16,42.01,29.53,52.29,66.02,0.99,74.46,0.0,1960.72,1
2026-09-01 08:08:41,159.81,215.95,186.62,36.26,7.23,20.58,40.15,30.82,52.96,64.97,1.03,71.2,0.0,1948.73,1
2026-09-01 08:08:42,159.08,230.0,186.62,38.55,4.08,11.96,37.44,28.92,62.21,70.75,-0.09,107.82,0.0,1941.29,1
2026-09-01 08:08:43,162.02,216.52,186.37,42.44,7.23,20.35,39.78,29.59,54.64,66.48,1.01,70.71,0.0,1979.31,1
2026-09-01 08:08:44,162.8,207.23,186.96,39.13,7.15,19.73,41.22,30.61,48.39,65.96,1.08,70.9,0.0,1948.27,1
2026-09-01 08:08:45,160.71,207.54,186.69,38.24,7.09,19.83,44.19,28.87,56.28,70.61,1.11,72.07,0.0,1941.59,1
2026-09-01 08:08:46,159.15,206.43,185.13,39.7,7.1,19.08,41.79,28.43,59.13,71.36,1.15,70.76,0.0,1929.29,1
2026-09-01 08:08:47,159.9,211.33,190.23,43.1,7.2,20.37,40.96,30.06,54.87,70.12,0.99,76.07,0.0,1926.38,1
2026-09-01 08:08:48,160.05,210.53,188.44,37.25,7.22,19.38,40.22,28.3,62.35,69.51,1.18,73.04,0.0,1947.11,1
2026-09-01 08:08:49,157.99,209.54,187.69,38.42,7.15,18.71,43.31,28.7,58.89,75.49,1.13,73.54,0.0,1938.91,1
2026-09-01 08:08:50,161.45,212.43,186.49,42.25,7.24,19.64,44.72,30.76,49.75,70.44,1.12,70.75,0.0,1931.21,1
2026-09-01 08:08:51,161.15,213.7,188.05,42.79,7.1,19.29,44.13,29.8,52.24,72.42,0.94,73.79,0.0,1971.76,1
2026-09-01 08:08:52,163.85,187.46,188.8,39.84,4.88,12.68,43.21,31.29,56.13,70.43,0.28,97.05,0.0,1966.72,1
2026-09-01 08:08:53,163.14,208.21,188.98,38.14,7.13,19.57,39.05,28.8,46.67,66.71,1.05,73.7,0.0,1925.88,1
2026-09-01 08:08:54,158.29,212.46,186.14,43.14,7.16,19.63,41.3,29.91,56.68,71.65,1.12,71.89,0.0,1938.81,1
2026-09-01 08:08:55,162.05,208.6,185.97,42.39,7.2,19.63,45.89,30.4,46.19,68.03,1.41,70.69,0.0,1913.13,1
2026-09-01 08:08:56,157.62,207.61,190.04,41.02,7.15,19.23,44.24,28.83,60.12,69.73,1.34,75.65,0.0,1935.67,1
2026-09-01 08:08:57,161.74,213.06,192.99,38.78,7.18,20.28,38.92,31.03,59.54,70.92,0.81,78.5,0.0,1931.79,1
2026-09-01 08:08:58,158.71,206.13,187.45,39.93,7.26,21.12,41.89,30.51,57.52,64.18,1.12,72.01,0.0,1942.11,1
2026-09-01 08:08:59,157.44,209.1,185.71,39.76,7.17,20.02,42.73,28.39,51.62,65.17,1.14,69.99,0.0,1927.5,1
2026-09-01 08:09:00,160.7,210.99,185.6,40.5,7.25,19.95,40.48,29.96,55.85,72.73,1.16,70.37,0.0,1909.66,1
2026-09-01 08:09:01,153.31,208.28,185.52,42.18,7.13,19.44,37.38,30.39,52.43,68.01,1.12,71.72,0.0,1934.02,1
2026-09-01 08:09:02,155.62,212.35,187.35,41.32,7.23,19.23,42.2,29.41,49.85,68.15,1.26,72.22,0.0,1970.1,1
2026-09-01 08:09:03,159.56,208.29,187.23,38.38,7.29,19.75,40.42,28.52,53.31,70.5,1.07,71.7,0.0,1932.12,1
2026-09-01 08:09:04,160.21,214.23,186.41,42.06,7.05,19.34,40.43,30.28,58.49,68.84,0.83,72.71,0.0,1983.48,1
2026-09-01 08:09:05,159.08,209.62,186.97,40.47,7.15,20.21,41.29,32.21,55.22,71.25,1.05,72.29,0.0,1927.84,1
2026-09-01 08:09:06,156.05,212.01,188.08,41.03,7.23,20.56,41.73,29.61,62.25,69.85,1.2,72.32,0.0,1946.07,1
2026-09-01 08:09:07,157.96,212.24,182.12,42.2,7.19,19.46,41.98,31.57,58.83,70.6,1.19,66.96,0.0,1950.82,1
2026-09-01 08:09:08,160.98,208.12,186.58,38.33,7.22,19.94,40.23,29.25,58.29,67.89,1.21,71.57,0.0,1923.44,1
2026-09-01 08:09:09,161.45,203.84,189.85,39.95,7.16,19.04,41.56,30.22,46.96,70.58,1.06,75.07,0.0,1911.13,1
2026-09-01 08:09:10,159.96,211.08,187.91,39.2,7.21,20.09,38.49,30.77,53.57,73.32,1.08,73.54,0.0,1965.84,1
2026-09-01 08:09:11,162.89,210.22,184.52,37.65,7.19,20.49,42.62,29.99,49.68,68.3,1.08,68.88,0.0,1965.92,1
2026-09-01 08:09:12,160.99,211.67,189.05,40.52,7.27,20.2,36.29,29.7,54.08,72.75,1.01,73.79,0.0,1971.76,1
2026-09-01 08:09:13,158.13,209.32,187.44,43.77,7.22,20.04,41.42,30.73,51.53,69.85,1.22,71.28,0.0,1927.44,1
2026-09-01 08:09:14,159.3,208.71,186.62,37.24,7.22,19.82,43.84,31.89,53.11,72.2,1.33,71.26,0.0,1951.11,1
2026-09-01 08:09:15,156.49,216.03,185.5,39.95,7.18,20.11,39.88,30.3,60.31,70.39,0.94,70.91,0.0,1944.34,1
2026-09-01 08:09:16,159.73,205.58,187.08,40.96,7.17,19.42,43.43,29.48,57.38,69.9,1.32,73.07,0.0,1941.54,1
2026-09-01 08:09:17,162.78,212.2,188.08,40.18,7.17,19.75,44.31,29.81,60.04,71.05,1.13,73.18,0.0,1935.71,1
2026-09-01 08:09:18,161.71,208.28,185.39,39.83,7.22,20.31,35.38,32.52,47.0,73.64,0.97,69.7,0.0,1958.81,1
2026-09-01 08:09:19,163.51,208.99,186.38,38.05,7.17,20.1,41.7,30.13,55.29,70.71,1.06,71.95,0.0,1995.8,1
2026-09-01 08:09:20,159.24,209.05,187.27,40.35,7.22,19.45,36.25,29.41,59.83,71.44,0.99,72.11,0.0,1948.66,1
2026-09-01 08:09:21,163.37,207.59,187.65,38.86,7.32,20.91,41.76,28.85,62.53,68.89,1.17,72.01,0.0,1946.61,1
2026-09-01 08:09:22,159.52,211.71,187.43,36.72,7.25,19.24,41.99,28.17,47.26,74.71,0.98,71.13,0.0,1929.81,1
2026-09-01 08:09:23,163.68,214.17,186.9,41.79,7.18,20.76,37.03,30.36,53.24,71.92,0.92,72.19,0.0,1956.25,1
2026-09-01 08:09:24,159.95,211.41,184.31,41.44,7.27,19.57,45.85,30.65,60.17,70.23,1.31,68.55,0.0,1893.51,1
2026-09-01 08:09:25,161.77,210.31,187.12,40.08,7.18,19.79,42.57,29.6,54.04,69.63,1.05,72.65,0.0,1935.92,1
2026-09-01 08:09:26,163.69,207.04,188.35,40.34,7.08,19.49,40.3,29.99,50.45,72.93,0.99,73.46,0.0,1949.79,1
2026-09-01 08:09:27,159.52,211.55,187.39,41.61,7.14,19.93,44.93,28.83,47.25,68.18,1.25,72.1,0.0,1947.3,1
2026-09-01 08:09:28,160.55,216.47,184.82,40.34,7.09,20.3,38.41,30.13,50.26,64.65,0.89,69.83,0.0,1940.3,1
2026-09-01 08:09:29,163.22,208.86,186.47,41.36,7.18,20.37,39.54,30.48,46.56,70.22,0.94,71.07,0.0,1905.28,1
2026-09-01 08:09:30,159.67,208.87,187.4,39.55,7.2,19.66,37.4,29.46,55.29,73.57,0.95,72.84,0.0,1971.97,1
2026-09-01 08:09:31,156.7,208.32,186.8,41.97,7.3,19.94,45.6,31.69,59.48,74.77,1.18,71.1,0.0,1946.55,1
2026-09-01 08:09:32,165.36,208.53,188.53,40.48,7.22,19.75,42.66,29.16,48.7,69.68,1.23,72.69,0.0,1941.41,1
2026-09-01 08:09:33,158.83,201.76,184.58,40.29,7.19,19.69,43.32,30.28,56.29,70.13,1.25,69.72,0.0,1967.03,1
2026-09-01 08:09:34,160.4,211.22,188.39,38.09,7.25,19.89,42.6,30.85,59.23,71.56,1.22,73.24,0.0,1965.92,1
2026-09-01 08:09:35,162.89,207.46,185.59,40.43,7.07,19.94,43.15,29.92,54.99,69.21,1.0,71.72,0.0,1937.38,1
2026-09-01 08:09:36,158.48,205.17,189.24,38.75,7.21,20.14,42.16,29.81,46.95,71.55,1.13,73.21,0.0,1936.44,1
2026-09-01 08:09:37,157.48,212.26,187.86,39.04,7.25,19.95,42.54,28.57,56.93,69.74,1.16,72.74,0.0,1950.96,1
2026-09-01 08:09:38,160.63,206.75,186.67,38.78,7.11,19.58,42.22,31.36,54.73,73.03,1.16,72.74,0.0,1966.12,1
2026-09-01 08:09:39,155.52,208.98,186.14,38.4,7.27,19.77,40.78,29.83,54.22,72.17,1.19,70.26,0.0,1961.06,1
2026-09-01 08:09:40,159.28,214.4,188.1,43.19,7.22,19.96,41.91,30.54,52.27,72.43,0.95,72.9,0.0,1921.87,1
2026-09-01 08:09:41,160.61,205.77,186.17,42.0,7.18,19.62,42.55,30.67,55.43,69.38,1.19,70.95,0.0,1919.4,1
2026-09-01 08:09:42,159.33,205.4,187.74,42.88,7.24,18.79,42.22,29.37,57.55,75.78,1.3,73.06,0.0,1923.81,1
2026-09-01 08:09:43,156.14,210.81,191.54,38.17,7.34,19.89,39.04,29.8,66.95,71.45,1.12,76.85,0.0,1951.94,1
2026-09-01 08:09:44,163.99,229.09,186.17,40.11,4.05,11.78,39.31,31.33,55.56,70.74,0.22,106.66,0.0,1933.0,1
2026-09-01 08:09:45,160.26,205.28,187.31,38.06,7.21,20.35,44.17,28.88,62.56,67.72,1.27,72.7,0.0,1950.57,1
2026-09-01 08:09:46,163.58,211.22,189.21,38.96,7.17,20.39,41.39,32.13,56.79,69.71,1.09,74.63,0.0,1914.58,1
2026-09-01 08:09:47,159.35,211.74,187.54,38.62,7.15,20.15,43.17,29.26,54.5,70.34,1.15,72.91,0.0,1923.86,1
2026-09-01 08:09:48,157.8,203.82,183.03,41.86,7.25,18.9,39.82,28.82,55.74,67.64,1.21,67.68,0.0,1950.19,1
2026-09-01 08:09:49,160.67,212.4,188.56,39.41,7.15,20.52,39.05,30.13,48.89,69.12,0.97,73.38,0.0,1909.3,1
2026-09-01 08:09:50,159.46,212.63,185.12,41.6,7.2,20.44,40.31,32.21,56.53,69.5,1.17,69.54,0.0,1975.71,1
2026-09-01 08:09:51,157.06,209.06,188.4,40.91,7.17,19.91,41.55,28.09,45.04,70.17,1.1,73.03,0.0,1962.24,1
2026-09-01 08:09:52,163.67,213.76,186.83,43.46,7.23,19.85,40.67,29.86,50.69,64.71,1.08,71.77,0.0,1967.59,1
2026-09-01 08:09:53,158.44,213.41,191.14,37.78,7.22,20.07,44.59,30.48,55.55,69.59,1.08,76.47,0.0,1955.13,1
2026-09-01 08:09:54,155.4,210.31,189.45,41.89,7.26,19.66,42.36,30.03,60.97,68.87,1.28,74.39,0.0,1902.19,1
2026-09-01 08:09:55,163.32,208.65,187.4,41.72,7.17,20.15,45.7,30.38,62.15,69.94,1.19,72.57,0.0,1962.04,1
2026-09-01 08:09:56,158.74,189.33,186.47,38.54,4.66,12.23,42.81,29.28,53.82,73.11,0.3,96.2,0.0,1954.11,1
2026-09-01 08:09:57,158.48,209.89,187.48,41.51,7.14,19.49,37.17,29.4,55.78,76.16,1.06,72.66,0.0,1932.75,1
2026-09-01 08:09:58,155.59,211.71,188.88,40.5,7.17,19.46,44.11,29.85,59.92,72.04,1.23,73.54,0.0,1930.31,1
2026-09-01 08:09:59,164.35,209.03,192.94,39.66,7.22,20.7,38.98,28.87,48.35,66.3,0.95,76.43,0.0,1954.88,1
2026-09-01 08:10:00,156.78,203.41,188.2,38.76,7.25,19.7,42.46,29.96,57.02,68.96,1.27,72.46,0.0,1907.52,1
2026-09-01 08:10:01,160.15,213.81,187.62,38.92,7.14,20.19,40.45,29.61,50.86,71.79,0.83,72.91,0.0,1957.46,1
2026-09-01 08:10:02,162.28,210.57,187.39,43.07,7.25,20.22,46.29,29.53,54.14,71.45,1.27,71.35,0.0,1926.09,1
2026-09-01 08:10:03,161.05,208.86,185.44,40.0,7.28,19.52,44.88,30.32,52.7,72.96,1.35,69.94,0.0,1942.17,1
2026-09-01 08:10:04,159.85,212.57,189.39,41.17,7.22,20.07,40.52,28.18,57.18,69.71,0.95,73.99,0.0,1942.76,1
2026-09-01 08:10:05,155.75,214.57,188.71,38.81,7.31,19.81,41.75,29.77,57.75,68.91,1.15,73.57,0.0,1911.56,1
2026-09-01 08:10:06,157.98,201.59,187.7,38.83,7.15,19.61,42.49,32.32,59.46,75.26,1.2,73.0,0.0,1906.29,1
2026-09-01 08:10:07,160.47,211.3,189.63,41.62,7.13,19.95,43.73,28.91,56.74,70.18,1.11,75.05,0.0,1943.48,1
2026-09-01 08:10:08,158.03,205.72,185.28,37.98,7.09,19.91,42.06,31.29,55.86,66.95,1.18,70.7,0.0,1937.41,1
2026-09-01 08:10:09,160.51,211.5,188.04,39.38,7.29,20.24,39.95,30.05,64.27,74.43,0.99,72.62,0.0,1943.92,1
2026-09-01 08:10:10,161.7,210.38,187.49,40.05,7.24,20.44,40.56,29.4,47.38,65.51,1.22,71.89,0.0,1917.92,1
2026-09-01 08:10:11,162.41,211.91,184.83,40.17,7.2,20.06,41.99,28.68,63.48,59.51,1.0,70.39,0.0,1955.61,1
2026-09-01 08:10:12,156.93,208.5,185.18,39.73,7.22,19.91,44.47,30.14,53.55,72.31,1.23,69.98,0.0,1962.25,1
2026-09-01 08:10:13,165.49,204.38,190.26,40.59,7.13,19.32,42.86,31.45,57.85,72.73,0.96,75.37,0.0,1932.44,1
2026-09-01 08:10:14,161.92,208.65,187.37,41.04,7.35,19.8,40.45,29.61,53.37,71.24,1.18,71.51,0.0,1914.76,1
2026-09-01 08:10:15,160.0,211.22,186.59,41.1,7.21,20.53,43.3,29.92,51.49,66.09,1.21,70.88,0.0,1926.45,1
2026-09-01 08:10:16,162.72,213.05,190.97,38.52,7.21,20.12,41.23,31.01,57.42,69.82,0.98,75.6,0.0,1943.46,1
2026-09-01 08:10:17,165.91,206.48,188.48,39.57,7.24,20.21,43.78,30.34,60.21,69.17,1.05,73.23,0.0,1946.53,1
2026-09-01 08:10:18,156.4,213.08,187.82,41.79,7.23,20.26,47.05,28.43,57.37,68.39,1.21,73.05,0.0,1976.47,1
2026-09-01 08:10:19,159.44,208.06,188.51,41.34,7.21,19.79,41.28,30.1,52.29,74.24,1.19,72.82,0.0,1953.82,1
2026-09-01 08:10:20,154.05,211.09,187.92,37.94,7.15,20.47,43.6,31.51,73.06,66.86,1.19,74.29,0.0,1932.2,1
2026-09-01 08:10:21,160.48,208.47,185.36,40.53,7.23,19.53,40.51,29.96,60.99,70.95,1.1,69.45,0.0,1947.8,1
2026-09-01 08:10:22,160.91,210.55,186.75,37.03,7.31,19.53,41.78,27.26,59.67,73.58,1.09,71.47,0.0,1943.66,1
2026-09-01 08:10:23,159.9,212.68,186.36,40.07,7.28,20.27,42.06,30.39,53.24,71.14,1.14,71.18,0.0,1937.9,1
2026-09-01 08:10:24,158.36,206.32,184.37,42.85,7.3,19.0,41.61,29.8,51.87,73.72,1.31,68.88,0.0,1970.13,1
2026-09-01 08:10:25,154.88,207.96,188.24,38.58,7.17,18.94,46.93,28.17,53.6,71.69,1.29,73.36,0.0,1924.25,1
2026-09-01 08:10:26,160.93,210.55,187.79,38.75,7.14,19.15,41.39,28.32,60.41,71.29,1.08,73.18,0.0,1948.69,1
2026-09-01 08:10:27,163.64,217.2,186.62,41.15,7.19,19.43,43.17,30.98,50.05,71.1,0.9,71.05,0.0,1948.15,1
2026-09-01 08:10:28,158.52,207.41,186.42,37.69,7.2,19.26,38.14,29.27,49.66,71.84,1.16,70.8,0.0,1972.78,1
2026-09-01 08:10:29,161.1,216.12,185.01,39.05,7.27,20.3,42.86,29.09,57.7,68.84,1.12,69.5,0.0,1895.01,1
2026-09-01 08:10:30,156.08,216.01,190.7,40.89,7.1,20.21,44.28,29.96,56.6,66.09,0.99,76.88,0.0,1960.43,1
2026-09-01 08:10:31,161.14,209.71,188.11,39.05,7.29,19.69,40.94,29.36,51.15,72.86,1.15,72.26,0.0,1913.85,1
2026-09-01 08:10:32,159.02,209.11,186.4,39.65,7.19,19.14,36.98,30.1,49.54,73.49,1.02,71.5,0.0,1905.32,1
2026-09-01 08:10:33,158.09,207.92,186.82,41.12,7.17,19.51,41.92,29.8,62.19,70.76,1.07,73.57,0.0,1916.87,1
2026-09-01 08:10:34,158.1,209.8,187.05,40.63,7.14,19.44,42.03,28.8,56.79,68.35,1.12,73.2,0.0,1906.16,1
2026-09-01 08:10:35,159.02,205.78,189.85,40.4,7.1,18.82,43.45,29.49,48.18,65.33,1.11,75.2,0.0,1959.42,1
2026-09-01 08:10:36,160.96,209.77,188.67,39.49,7.25,19.74,46.02,30.44,48.53,70.26,1.13,72.79,0.0,1967.89,1
2026-09-01 08:10:37,156.72,214.49,188.92,40.56,7.2,20.48,41.24,30.04,53.19,65.95,1.05,74.13,0.0,1921.36,1
2026-09-01 08:10:38,159.01,183.98,188.99,39.81,3.78,9.99,40.29,29.92,58.66,65.53,-0.01,118.83,0.0,1931.28,1
2026-09-01 08:10:39,159.9,209.28,186.04,40.69,7.12,19.85,39.67,31.94,57.98,69.94,0.95,71.91,0.0,1957.97,1
2026-09-01 08:10:40,157.25,204.9,184.81,39.25,7.18,19.92,42.4,30.73,60.66,67.71,1.3,70.81,0.0,1968.73,1
2026-09-01 08:10:41,164.49,211.12,187.34,39.73,7.3,20.45,42.96,30.85,47.55,71.04,1.15,70.94,0.0,1938.21,1
2026-09-01 08:10:42,157.87,210.79,188.95,38.52,7.18,19.9,40.91,29.83,56.12,69.52,1.06,74.22,0.0,1926.31,1
2026-09-01 08:10:43,158.33,210.19,188.43,39.95,7.11,19.62,43.56,30.22,62.13,68.18,0.94,74.38,0.0,1906.59,1
2026-09-01 08:10:44,157.55,209.35,189.49,38.78,7.19,19.88,42.93,29.57,61.66,64.89,1.16,75.2,0.0,1910.93,1
2026-09-01 08:10:45,164.5,209.12,191.42,38.33,7.18,20.35,42.09,30.78,56.79,67.44,1.09,76.44,0.0,1967.38,1
2026-09-01 08:10:46,161.38,211.51,189.22,40.39,7.04,19.36,40.2,29.89,66.74,67.55,1.04,76.09,0.0,1910.93,1
2026-09-01 08:10:47,157.66,209.91,186.59,40.32,7.2,20.36,41.04,30.22,58.05,66.32,1.23,71.05,0.0,1942.42,1
2026-09-01 08:10:48,162.77,210.94,184.29,41.17,7.19,19.58,37.14,30.16,60.21,69.01,0.89,69.63,0.0,1929.65,1
2026-09-01 08:10:49,160.5,210.64,189.53,39.35,7.24,20.93,42.47,29.98,55.22,66.56,1.06,74.94,0.0,1927.47,1
2026-09-01 08:10:50,160.64,213.37,188.48,40.61,7.31,20.7,42.05,32.94,51.1,69.51,1.11,72.35,0.0,1903.19,1
2026-09-01 08:10:51,159.14,212.03,185.39,40.83,7.27,20.4,42.38,29.33,50.62,70.72,1.17,69.71,0.0,1929.68,1
2026-09-01 08:10:52,158.13,210.58,190.89,40.67,7.18,19.6,43.01,29.32,55.91,67.52,1.12,76.47,0.0,1966.66,1
2026-09-01 08:10:53,160.84,214.56,181.57,38.76,7.13,20.37,42.77,30.69,53.94,71.28,1.19,67.09,0.0,1933.63,1
2026-09-01 08:10:54,158.64,211.26,187.56,40.22,7.35,20.16,41.78,29.4,46.16,65.92,1.23,70.44,0.0,1945.08,1
2026-09-01 08:10:55,164.54,213.91,188.65,40.55,7.2,20.45,42.1,29.71,49.87,66.66,1.12,73.31,0.0,1904.21,1
2026-09-01 08:10:56,156.83,211.82,189.8,40.01,7.2,19.33,39.19,28.91,53.41,69.66,0.97,74.87,0.0,1931.24,1
2026-09-01 08:10:57,163.84,204.47,188.68,36.87,7.2,19.67,40.83,30.49,58.64,72.06,1.05,74.41,0.0,1929.74,1
2026-09-01 08:10:58,159.72,213.91,188.26,40.24,7.21,19.88,42.1,30.5,54.92,72.6,1.03,73.65,0.0,1930.88,1
2026-09-01 08:10:59,160.75,210.41,188.26,43.32,7.19,18.58,40.53,29.68,54.64,74.84,1.04,73.28,0.0,1941.82,1
2026-09-01 08:11:00,162.08,209.84,186.68,39.46,7.17,20.03,43.72,30.71,50.07,68.87,1.03,71.91,0.0,1937.99,1
2026-09-01 08:11:01,158.42,210.84,187.79,38.91,7.17,19.84,40.68,28.14,55.12,69.62,1.22,72.99,0.0,1913.31,1
2026-09-01 08:11:02,162.16,208.97,186.12,40.56,7.2,19.68,42.43,29.29,61.6,66.9,1.15,71.27,0.0,1918.3,1
2026-09-01 08:11:03,153.23,210.68,187.24,40.47,7.17,19.77,42.23,29.83,55.78,66.24,1.11,72.93,0.0,1932.82,1
2026-09-01 08:11:04,158.2,208.22,187.11,41.79,7.16,19.36,43.49,28.83,47.46,70.69,1.1,72.43,0.0,1975.15,1
2026-09-01 08:11:05,157.69,213.82,187.39,38.11,7.21,20.66,43.8,28.25,48.74,67.67,1.16,72.14,0.0,1917.56,1
2026-09-01 08:11:06,156.87,209.66,188.21,41.1,7.18,19.5,43.39,29.69,57.94,73.7,1.22,73.2,0.0,1923.2,1
2026-09-01 08:11:07,159.46,208.85,187.16,40.89,7.29,20.25,37.79,30.69,53.88,65.61,1.17,71.51,0.0,1925.79,1
2026-09-01 08:11:08,160.96,207.23,189.39,39.79,7.04,18.97,44.39,31.28,54.63,71.46,1.09,75.5,0.0,1938.95,1
2026-09-01 08:11:09,161.76,210.81,185.38,40.51,7.27,19.58,45.05,29.45,51.94,66.98,1.3,70.19,0.0,1951.48,1
2026-09-01 08:11:10,160.6,210.56,188.31,41.54,7.27,20.37,41.04,30.73,57.52,67.54,1.15,72.82,0.0,1939.88,1
2026-09-01 08:11:11,158.34,211.17,188.15,41.31,7.08,19.54,42.47,30.64,53.5,71.62,1.05,73.94,0.0,1911.27,1
2026-09-01 08:11:12,160.92,206.92,185.65,38.29,7.18,19.45,40.22,31.22,54.07,67.97,1.08,70.81,0.0,1944.51,1
2026-09-01 08:11:13,160.31,205.2,188.22,41.23,7.18,19.15,38.1,29.65,50.74,68.45,1.06,73.05,0.0,1962.23,1
2026-09-01 08:11:14,162.34,211.88,185.22,39.9,7.12,19.93,40.52,28.2,59.61,67.56,1.01,71.09,0.0,1932.63,1
2026-09-01 08:11:15,161.94,214.45,188.0,40.11,7.15,19.99,40.92,30.07,53.89,75.36,0.97,73.3,0.0,1926.4,1
2026-09-01 08:11:16,160.08,206.92,188.68,40.11,7.13,19.52,41.29,28.99,58.04,68.15,1.13,73.96,0.0,1966.58,1
2026-09-01 08:11:17,157.76,214.77,187.98,39.77,7.31,20.45,40.08,29.28,49.03,70.15,1.22,71.77,0.0,1905.17,1
2026-09-01 08:11:18,158.37,210.85,189.23,41.79,7.26,20.05,40.53,29.7,63.67,69.39,1.03,73.72,0.0,1933.96,1
2026-09-01 08:11:19,158.63,209.98,187.36,39.87,7.28,20.99,41.98,29.66,61.39,70.66,1.19,71.89,0.0,1938.21,1
2026-09-01 08:11:20,159.21,208.81,189.17,38.32,7.24,20.1,40.46,30.14,45.45,68.16,1.14,73.97,0.0,1937.0,1
2026-09-01 08:11:21,160.67,205.85,187.65,39.41,7.13,20.19,43.09,30.7,50.99,69.4,1.12,73.17,0.0,1943.88,1
2026-09-01 08:11:22,161.79,212.96,188.24,40.27,7.17,20.09,43.36,29.63,57.39,71.18,1.15,73.25,0.0,1907.4,1
2026-09-01 08:11:23,159.87,207.67,184.44,41.84,7.23,19.78,46.76,30.4,48.4,67.41,1.32,68.85,0.0,1925.48,1
2026-09-01 08:11:24,160.04,207.66,186.36,40.9,7.13,19.52,44.25,30.01,54.34,73.27,1.23,71.46,0.0,1923.14,1
2026-09-01 08:11:25,160.36,212.98,190.02,38.72,7.24,20.0,42.49,30.94,57.13,73.56,1.17,75.12,0.0,1908.26,1
2026-09-01 08:11:26,158.71,204.35,184.1,43.73,7.19,18.87,40.76,29.81,54.08,71.82,1.24,69.24,0.0,1901.66,1
2026-09-01 08:11:27,157.69,205.43,186.52,40.4,7.18,19.52,42.59,29.92,57.69,70.21,1.21,72.07,0.0,1955.85,1
2026-09-01 08:11:28,155.61,209.95,188.06,41.91,7.24,20.38,42.65,29.63,51.53,61.03,1.29,72.47,0.0,1933.68,1
2026-09-01 08:11:29,158.26,210.88,187.83,39.77,7.23,19.81,40.97,29.84,43.78,71.27,1.08,72.49,0.0,1911.5,1
2026-09-01 08:11:30,161.18,211.45,188.01,40.8,7.18,19.92,43.57,29.22,59.91,68.83,1.06,72.92,0.0,1911.44,1
2026-09-01 08:11:31,158.24,209.09,186.92,41.26,7.27,19.84,39.2,29.12,59.88,69.26,1.16,71.48,0.0,1929.41,1
2026-09-01 08:11:32,159.41,217.59,188.16,41.83,7.14,20.19,41.51,30.78,67.52,64.31,1.06,74.07,0.0,1948.15,1
2026-09-01 08:11:33,161.17,209.32,187.76,41.59,7.24,20.25,43.11,28.92,43.96,71.48,1.17,72.28,0.0,1912.22,1
2026-09-01 08:11:34,161.3,209.31,186.47,41.31,7.24,20.24,41.42,29.68,58.75,65.65,1.19,71.21,0.0,1940.91,1
2026-09-01 08:11:35,157.3,207.61,188.86,39.53,7.18,19.84,41.59,31.02,45.16,70.36,1.33,73.11,0.0,1958.61,1
2026-09-01 08:11:36,162.49,210.37,188.6,39.14,7.22,19.72,41.72,29.65,63.78,72.71,1.16,73.91,0.0,1940.45,1
2026-09-01 08:11:37,162.82,211.84,188.04,40.5,7.12,19.88,40.33,30.83,57.44,68.59,0.94,74.64,0.0,1913.35,1
2026-09-01 08:11:38,157.18,213.61,184.84,41.4,7.26,19.75,44.35,29.41,50.24,73.65,1.25,68.87,0.0,1927.11,1
2026-09-01 08:11:39,157.94,205.53,186.13,39.67,7.19,20.17,39.96,28.95,58.9,67.76,1.19,71.89,0.0,1923.26,1
2026-09-01 08:11:40,162.98,209.26,187.97,41.6,11.95,31.97,42.64,28.41,52.23,71.8,4.64,53.77,94.71,1919.68,0
2026-09-01 08:11:41,159.63,211.34,186.85,42.18,12.1,33.78,42.83,31.31,56.5,66.09,5.08,52.94,99.36,1928.63,0
2026-09-01 08:11:42,154.45,211.76,184.85,38.63,11.93,31.94,40.1,28.86,56.03,73.09,4.58,51.88,95.51,1918.59,0
2026-09-01 08:11:43,156.5,210.02,186.33,38.74,11.86,31.97,42.15,30.75,63.72,72.63,4.82,53.82,94.15,1910.06,0
2026-09-01 08:11:44,159.38,211.63,188.49,39.79,11.84,33.29,40.18,29.0,64.07,71.41,4.51,55.34,95.15,1937.99,0
2026-09-01 08:11:45,157.09,207.57,189.27,40.46,12.06,33.29,44.78,31.32,52.01,68.82,5.28,54.87,99.33,1947.49,0
2026-09-01 08:11:46,158.97,214.67,186.34,39.21,11.87,34.13,39.72,32.21,60.29,65.79,4.42,53.48,95.22,1949.15,0
2026-09-01 08:11:47,160.08,212.98,187.4,42.03,12.18,33.59,40.69,28.31,56.77,68.83,4.74,52.84,97.11,1907.92,0
2026-09-01 08:11:48,163.66,205.97,192.26,40.64,11.79,31.04,39.55,28.92,47.94,73.33,4.09,57.27,95.12,1948.48,0
2026-09-01 08:11:49,159.27,206.77,188.5,40.06,12.17,33.28,39.28,30.77,51.52,70.39,4.63,53.34,97.0,1960.11,0
2026-09-01 08:11:50,162.68,206.86,186.5,37.85,12.02,33.27,45.18,30.51,66.68,65.34,5.28,53.13,94.47,1907.2,0
2026-09-01 08:11:51,163.57,212.03,188.9,38.03,11.99,34.22,43.09,30.78,56.79,66.63,4.7,54.57,95.81,1910.19,0
2026-09-01 08:11:52,163.59,206.15,187.77,40.42,11.95,32.17,42.28,29.43,60.0,73.76,4.7,53.66,96.86,1902.83,0
2026-09-01 08:11:53,160.71,209.01,189.7,36.8,12.04,33.13,40.69,31.99,53.94,71.46,4.62,54.47,96.98,1905.95,0
2026-09-01 08:11:54,155.09,211.36,186.62,41.52,12.0,33.39,43.82,30.12,52.3,66.3,5.23,53.1,94.04,1956.38,0
2026-09-01 08:11:55,161.15,209.8,187.45,39.76,12.11,33.8,40.35,28.78,55.14,64.7,4.9,54.37,98.09,1909.61,0
2026-09-01 08:11:56,162.62,210.78,187.66,44.86,12.01,33.97,43.59,29.75,53.67,68.12,4.85,53.73,96.86,1941.9,0
2026-09-01 08:11:57,159.8,206.8,185.77,43.46,12.02,33.58,40.25,28.8,47.53,64.45,4.82,52.53,96.31,1896.66,0
2026-09-01 08:11:58,164.36,211.78,190.41,39.73,11.96,34.54,40.71,31.59,49.98,69.53,4.45,54.89,97.33,1900.15,0
2026-09-01 08:11:59,162.15,208.16,186.49,39.84,11.99,32.24,43.52,29.34,58.54,77.35,4.99,53.19,97.33,1911.36,0
2026-09-01 08:12:00,161.42,209.03,184.85,41.49,12.03,33.99,43.73,30.49,53.1,65.21,5.09,50.98,97.57,1938.87,0
2026-09-01 08:12:01,162.72,210.71,188.35,42.55,11.83,33.12,43.19,29.53,55.13,69.44,4.62,53.9,92.04,1923.16,0
2026-09-01 08:12:02,160.83,210.31,186.8,37.54,11.87,32.46,39.9,29.38,56.17,73.94,4.32,53.52,95.87,1925.64,0
2026-09-01 08:12:03,153.77,210.07,186.41,37.32,12.07,31.64,41.11,28.09,56.57,72.25,5.02,52.9,96.15,1911.18,0
2026-09-01 08:12:04,158.75,207.75,187.73,39.07,12.02,33.32,42.31,30.6,60.73,69.55,4.91,54.22,96.64,1915.91,0
2026-09-01 08:12:05,162.99,209.1,188.21,40.87,11.98,32.83,40.3,31.3,49.51,69.56,4.48,53.62,94.45,1903.86,0
2026-09-01 08:12:06,157.98,210.01,189.23,40.75,12.0,32.66,44.74,29.08,57.85,66.53,5.13,55.28,97.39,1940.37,0
2026-09-01 08:12:07,159.44,205.87,186.08,41.6,12.03,32.22,37.2,28.45,58.78,69.2,4.46,52.98,97.88,1933.54,0
2026-09-01 08:12:08,157.39,208.61,187.33,38.2,11.95,32.87,40.44,30.8,59.93,70.73,4.68,53.05,95.42,1920.48,0
2026-09-01 08:12:09,164.46,211.16,188.45,36.53,11.92,32.03,40.98,28.35,47.94,73.32,4.47,53.18,92.85,1919.72,0
2026-09-01 08:12:10,164.2,206.17,184.81,41.29,12.02,33.62,36.31,31.22,56.27,68.14,4.36,51.96,96.96,1931.75,0
2026-09-01 08:12:11,157.79,213.47,188.55,38.76,11.9,33.64,39.21,29.1,63.58,69.43,4.22,54.7,95.52,1945.19,0
2026-09-01 08:12:12,160.37,213.81,184.51,36.97,12.04,33.46,43.25,28.9,54.5,67.15,4.91,51.68,93.44,1913.25,0
2026-09-01 08:12:13,158.3,206.26,191.01,40.22,11.83,32.5,42.06,30.25,57.42,70.68,4.69,56.03,94.63,1939.5,0
2026-09-01 08:12:14,161.54,214.07,186.43,41.19,12.1,32.97,45.15,28.96,58.9,72.35,5.01,52.58,98.06,1913.08,0
2026-09-01 08:12:15,161.27,209.57,186.98,39.82,12.05,32.4,45.09,29.29,49.87,71.89,5.21,52.53,93.0,1921.14,0
2026-09-01 08:12:16,162.03,211.26,186.52,39.31,12.03,33.79,42.87,30.35,64.17,66.49,4.97,53.29,96.3,1921.73,0
2026-09-01 08:12:17,160.83,208.51,186.63,39.76,12.1,32.51,42.63,27.57,57.5,70.44,4.93,53.21,97.12,1947.86,0
2026-09-01 08:12:18,167.34,212.77,190.93,39.44,12.17,34.72,42.13,31.64,57.6,67.97,4.53,54.84,97.68,1915.74,0
2026-09-01 08:12:19,157.43,211.22,188.35,37.98,12.1,32.72,36.69,30.04,46.69,73.03,4.28,53.29,96.46,1884.13,0
2026-09-01 08:12:20,155.72,207.56,184.95,38.93,11.82,31.42,39.21,28.71,58.97,69.52,4.66,53.16,94.75,1905.89,0
2026-09-01 08:12:21,159.02,206.5,189.76,40.78,11.87,32.95,42.2,28.98,57.53,65.44,4.79,54.61,94.66,1964.07,0
2026-09-01 08:12:22,156.08,205.62,188.26,40.48,11.94,31.94,43.23,30.99,63.12,69.34,5.16,54.77,95.09,1892.06,0
2026-09-01 08:12:23,156.27,210.56,186.73,40.25,12.0,33.07,42.58,30.6,53.44,71.38,4.89,52.87,96.73,1887.44,0
2026-09-01 08:12:24,157.5,211.72,188.25,38.51,12.05,32.77,40.22,31.39,50.06,70.73,4.67,53.27,100.27,1941.08,0
2026-09-01 08:12:25,157.69,211.95,186.52,39.73,11.93,32.76,43.87,29.32,51.59,68.46,4.93,52.69,95.35,1938.58,0
2026-09-01 08:12:26,157.61,209.65,191.33,36.73,12.02,33.97,44.96,30.3,52.48,68.24,5.09,56.03,95.11,1917.36,0
2026-09-01 08:12:27,161.3,206.53,187.26,40.27,11.92,33.45,43.88,30.43,49.41,67.04,5.01,53.2,95.2,1935.19,0
2026-09-01 08:12:28,158.73,207.95,186.79,42.14,11.94,32.97,43.98,30.7,61.45,68.82,5.04,53.11,95.38,1915.74,0
2026-09-01 08:12:29,159.55,213.46,187.88,37.79,11.86,34.39,40.88,31.13,61.64,67.43,4.39,54.05,93.89,1904.94,0
2026-09-01 08:12:30,162.24,208.55,185.24,39.12,11.91,32.3,44.15,29.28,54.02,72.91,4.9,52.11,94.27,1958.33,0
2026-09-01 08:12:31,158.08,210.43,191.1,40.49,11.86,33.63,42.29,29.89,53.04,67.3,4.76,56.26,93.66,1910.82,0
2026-09-01 08:12:32,159.34,206.77,185.36,41.88,11.9,32.08,43.02,29.39,45.92,70.37,4.97,51.78,94.37,1897.17,0
2026-09-01 08:12:33,160.91,211.01,188.52,39.33,12.11,32.4,42.73,29.95,58.48,70.16,4.85,54.02,96.95,1890.34,0
2026-09-01 08:12:34,155.15,208.63,185.19,38.96,11.91,32.24,41.76,30.7,63.27,72.84,4.83,52.47,95.1,1950.16,0
2026-09-01 08:12:35,154.04,213.14,186.29,37.05,12.26,33.19,40.28,28.35,51.81,73.27,4.92,51.86,99.85,1927.27,0
2026-09-01 08:12:36,160.87,212.32,187.26,40.16,12.05,33.54,41.84,31.11,54.42,72.09,4.76,53.15,93.31,1940.49,0
2026-09-01 08:12:37,161.23,208.51,185.17,43.06,12.02,32.11,43.97,28.86,57.17,71.06,5.18,51.8,95.89,1960.81,0
2026-09-01 08:12:38,165.16,209.62,188.52,40.42,11.91,34.72,41.12,29.69,63.62,66.85,4.44,54.44,94.46,1913.34,0
2026-09-01 08:12:39,160.4,208.35,187.53,39.97,12.07,33.41,43.79,31.24,56.0,66.79,5.08,53.19,94.73,1965.84,0
2026-09-01 08:12:40,162.05,205.74,189.73,40.48,11.94,33.29,43.47,30.33,55.98,67.46,4.86,55.63,94.31,1920.95,0
2026-09-01 08:12:41,159.51,207.43,189.45,39.98,12.01,32.9,41.4,30.34,55.9,72.26,4.78,54.71,93.35,1924.79,0
2026-09-01 08:12:42,160.74,210.59,185.75,38.78,12.26,33.92,44.78,28.82,47.87,70.22,5.29,51.16,97.8,1951.15,0
2026-09-01 08:12:43,164.17,210.98,187.1,41.23,11.99,32.56,41.29,28.96,47.77,72.61,4.58,53.26,95.93,1923.91,0
2026-09-01 08:12:44,154.69,210.45,188.64,40.34,12.11,33.23,45.02,30.94,50.96,73.01,5.24,54.06,94.79,1939.72,0
2026-09-01 08:12:45,161.03,209.09,188.07,40.03,11.93,33.78,42.87,29.41,60.06,67.82,4.8,53.9,95.35,1913.27,0
2026-09-01 08:12:46,165.34,212.8,187.63,38.54,12.0,33.32,41.97,29.51,53.32,70.1,4.46,54.15,96.09,1930.76,0
2026-09-01 08:12:47,160.71,210.19,186.98,41.96,12.18,33.6,40.22,30.96,52.35,69.96,4.67,52.8,96.01,1950.68,0
2026-09-01 08:12:48,164.13,212.11,187.39,41.0,11.94,32.86,41.82,28.95,52.26,69.02,4.39,53.61,95.64,1934.55,0
2026-09-01 08:12:49,158.43,204.68,187.33,39.17,12.18,33.49,41.59,30.27,54.31,68.4,5.02,53.09,97.53,1914.26,0
2026-09-01 08:12:50,159.92,198.23,190.23,41.5,12.07,31.75,39.48,30.04,63.51,73.55,4.88,55.52,96.28,1924.09,0
2026-09-01 08:12:51,160.08,210.85,189.05,39.25,11.94,33.37,41.56,30.0,54.24,70.16,4.52,54.48,96.72,1914.27,0
2026-09-01 08:12:52,154.46,205.73,188.18,38.83,12.06,32.45,40.39,29.48,51.07,70.04,4.97,53.82,98.08,1920.77,0
2026-09-01 08:12:53,157.08,209.36,188.49,38.86,12.1,33.38,43.17,29.42,55.13,67.59,5.1,53.73,98.43,1952.38,0
2026-09-01 08:12:54,157.26,209.09,186.86,37.34,12.06,32.22,44.61,28.92,63.78,72.03,5.19,54.04,95.2,1924.8,0
2026-09-01 08:12:55,162.06,214.76,186.91,40.71,11.84,34.46,39.55,30.48,52.49,66.98,4.2,52.6,94.46,1939.18,0
2026-09-01 08:12:56,162.18,211.2,185.23,37.25,11.93,32.76,45.42,29.33,49.09,71.36,5.0,51.64,92.48,1931.91,0
2026-09-01 08:12:57,160.81,210.5,189.55,38.16,11.98,32.74,41.74,30.97,52.5,71.45,4.63,54.81,96.83,1947.78,0
2026-09-01 08:12:58,162.06,212.51,183.57,36.89,11.99,33.44,40.05,29.78,55.64,68.76,4.42,51.16,97.21,1900.75,0
2026-09-01 08:12:59,159.59,211.11,187.48,39.87,12.06,32.38,43.52,28.94,58.44,70.95,4.96,53.31,98.17,1925.69,0
2026-09-01 08:13:00,163.0,208.63,188.99,39.77,12.02,32.92,41.11,29.76,60.03,70.56,4.61,54.67,98.94,1958.59,0
2026-09-01 08:13:01,160.02,213.21,186.15,39.51,11.87,33.05,41.84,29.59,49.77,69.88,4.64,52.26,96.51,1908.2,0
2026-09-01 08:13:02,160.14,206.67,188.15,38.44,12.04,33.39,41.19,31.01,50.25,70.04,4.86,53.14,97.11,1965.03,0
2026-09-01 08:13:03,159.34,210.97,187.01,38.24,12.06,33.58,40.37,29.63,53.38,70.19,4.61,52.93,96.64,1904.23,0
2026-09-01 08:13:04,161.71,205.36,185.62,40.7,12.06,33.35,43.45,29.72,58.42,70.39,5.04,52.57,100.37,1915.62,0
2026-09-01 08:13:05,158.95,210.61,185.98,39.17,12.11,33.48,41.43,31.41,48.7,70.18,4.88,51.74,97.26,1937.15,0
2026-09-01 08:13:06,162.44,210.58,188.01,40.47,12.08,34.44,39.13,30.51,51.96,66.69,4.45,52.74,100.31,1923.93,0
2026-09-01 08:13:07,157.17,215.03,183.38,38.67,12.05,33.94,43.1,31.66,52.04,69.54,5.09,50.87,95.34,1880.31,0
2026-09-01 08:13:08,157.25,205.31,185.88,40.27,11.99,32.97,39.59,31.26,59.71,70.79,4.78,52.97,95.48,1928.86,0
2026-09-01 08:13:09,161.72,208.2,188.74,41.95,11.83,31.9,39.69,29.11,57.64,70.29,4.45,54.35,95.8,1923.31,0
2026-09-01 08:13:10,159.78,212.47,189.36,40.88,12.04,33.4,44.39,30.99,59.52,72.86,4.87,54.58,91.82,1909.65,0
2026-09-01 08:13:11,158.87,211.01,190.42,39.38,12.02,33.24,39.61,31.53,61.69,71.86,4.5,55.9,95.81,1915.33,0
2026-09-01 08:13:12,162.23,210.54,190.15,40.39,12.03,34.62,37.37,31.53,53.47,67.39,4.16,54.48,98.02,1879.01,0
2026-09-01 08:13:13,158.48,207.13,187.61,39.64,11.87,32.76,43.25,30.99,49.06,69.5,4.98,53.57,94.41,1909.21,0
2026-09-01 08:13:14,159.5,208.23,191.53,40.01,11.89,32.99,41.39,30.97,49.1,69.07,4.43,55.64,95.13,1934.69,0
2026-09-01 08:13:15,163.5,213.74,187.19,39.51,12.11,33.69,41.56,29.7,45.81,69.99,4.68,53.48,94.45,1923.42,0
2026-09-01 08:13:16,163.85,209.85,186.86,39.75,12.0,32.98,41.37,29.16,52.71,69.99,4.59,52.52,95.36,1940.1,0
2026-09-01 08:13:17,163.93,211.13,185.72,40.32,12.07,33.26,42.46,29.65,53.08,71.83,4.8,51.45,95.3,1956.93,0
2026-09-01 08:13:18,159.29,209.65,184.36,38.51,12.0,32.7,40.49,28.34,58.94,70.53,4.69,52.05,97.15,1903.18,0
2026-09-01 08:13:19,163.08,206.45,188.75,38.48,12.0,32.73,44.95,31.34,55.08,73.69,5.11,54.12,97.24,1901.8,0
2026-09-01 08:13:20,157.63,231.72,190.05,37.92,7.65,21.92,39.05,29.72,52.55,70.72,1.03,71.59,0.0,1938.29,1
2026-09-01 08:13:21,157.73,211.51,186.12,37.6,11.95,33.07,42.89,31.29,54.42,67.51,4.92,52.57,94.17,1916.06,0
2026-09-01 08:13:22,154.12,216.92,188.42,38.17,12.01,33.98,43.28,28.77,49.81,68.6,5.02,54.37,98.42,1915.35,0
2026-09-01 08:13:23,164.18,206.95,186.47,40.24,11.95,32.75,40.48,31.08,60.13,71.81,4.34,53.25,93.66,1973.02,0
2026-09-01 08:13:24,157.84,212.47,185.61,38.66,11.96,33.64,39.95,29.51,51.07,65.16,4.57,52.85,96.82,1943.77,0
2026-09-01 08:13:25,159.68,206.07,185.48,40.77,11.97,33.11,44.03,28.72,49.3,65.96,5.24,51.58,95.81,1921.92,0
2026-09-01 08:13:26,157.72,210.47,187.44,40.05,12.02,33.48,40.02,31.63,59.09,70.03,4.56,54.05,97.85,1928.88,0
2026-09-01 08:13:27,161.74,193.59,187.15,37.05,7.85,20.61,40.79,31.11,57.87,72.85,1.71,67.98,0.0,1922.9,1
2026-09-01 08:13:28,159.06,203.78,186.2,40.98,12.13,32.64,43.77,30.21,46.38,73.92,5.22,52.49,96.2,1892.32,0
2026-09-01 08:13:29,156.74,209.39,187.39,41.22,11.91,33.33,42.07,30.03,59.28,69.35,4.75,54.32,93.55,1925.57,0
2026-09-01 08:13:30,161.1,208.31,190.58,38.51,11.98,33.08,38.41,30.44,51.29,73.18,4.26,54.81,94.14,1915.64,0
2026-09-01 08:13:31,156.42,207.89,187.01,40.63,11.96,32.82,45.49,30.19,53.13,70.22,5.27,53.38,93.76,1905.25,0
2026-09-01 08:13:32,157.91,211.16,188.04,38.72,12.14,34.27,40.94,29.21,55.94,65.41,4.88,53.61,96.99,1910.61,0
2026-09-01 08:13:33,154.73,213.36,188.5,40.15,12.02,33.18,41.19,29.59,57.93,69.98,4.68,54.58,97.38,1893.1,0
2026-09-01 08:13:34,156.44,209.6,187.44,38.1,12.1,33.66,42.51,31.96,57.23,68.14,4.99,52.88,95.44,1887.23,0
2026-09-01 08:13:35,160.45,210.62,192.01,37.31,11.85,33.84,43.25,32.67,54.75,72.75,4.46,56.42,93.28,1904.03,0
2026-09-01 08:13:36,155.09,210.34,188.02,39.43,12.03,33.89,45.92,31.56,52.88,69.92,5.3,53.66,96.48,1901.05,0
2026-09-01 08:13:37,156.3,210.01,190.05,39.81,12.09,33.71,38.68,30.48,57.06,66.17,4.52,55.51,98.81,1956.13,0
2026-09-01 08:13:38,159.99,206.73,185.05,39.4,12.01,33.77,43.65,29.66,54.41,65.5,5.16,52.0,97.23,1945.7,0
2026-09-01 08:13:39,158.64,213.33,190.01,38.22,12.11,33.79,43.49,29.2,64.03,69.94,4.86,54.81,96.71,1908.4,0
2026-09-01 08:13:40,164.98,210.89,188.66,39.4,11.95,34.25,41.73,29.27,57.93,62.74,4.42,54.6,94.05,1927.98,0
2026-09-01 08:13:41,164.58,211.18,186.53,40.4,12.14,34.51,43.57,29.45,50.38,68.45,4.88,51.96,97.2,1917.15,0
2026-09-01 08:13:42,157.83,207.58,183.69,39.93,12.23,33.58,43.87,32.15,52.61,70.69,5.57,49.93,0.0,1906.56,1
2026-09-01 08:13:43,161.39,208.62,186.91,40.27,11.96,33.78,39.24,31.81,55.24,66.83,4.39,53.18,96.58,1898.32,0
2026-09-01 08:13:44,161.87,209.47,186.53,38.99,11.96,32.93,45.5,30.75,61.5,72.98,5.01,53.46,96.03,1910.64,0
2026-09-01 08:13:45,158.51,205.4,187.8,41.76,12.15,31.99,38.88,29.04,62.06,73.57,4.77,53.77,98.85,1907.3,0
2026-09-01 08:13:46,156.26,204.94,187.22,38.24,12.16,33.63,39.73,30.89,53.02,66.95,4.95,52.89,99.54,1913.8,0
2026-09-01 08:13:47,159.97,208.2,185.59,40.73,11.95,32.27,41.48,29.76,50.33,69.11,4.67,52.95,96.83,1957.92,0
2026-09-01 08:13:48,159.57,192.06,189.03,41.77,7.68,20.15,45.85,27.85,49.69,72.98,1.86,71.31,0.0,1914.97,1
2026-09-01 08:13:49,158.91,208.04,185.75,40.72,11.97,33.02,41.38,30.29,56.26,70.0,4.93,52.25,97.22,1891.87,0
2026-09-01 08:13:50,161.11,206.94,189.06,39.7,11.87,33.54,41.94,29.16,66.52,65.82,4.72,55.72,94.71,1912.64,0
2026-09-01 08:13:51,158.12,207.56,186.58,39.21,11.91,32.73,44.86,29.19,57.7,69.57,5.14,54.2,95.46,1939.9,0
2026-09-01 08:13:52,157.12,208.63,187.26,41.55,11.9,33.91,41.4,29.75,47.03,67.44,4.67,53.9,94.82,1957.29,0
2026-09-01 08:13:53,160.27,208.94,188.74,37.87,11.92,31.83,39.64,29.5,51.37,73.32,4.33,54.65,94.37,1889.37,0
2026-09-01 08:13:54,160.96,216.5,189.08,38.54,12.0,33.47,41.17,29.97,51.88,71.82,4.26,54.24,92.42,1917.13,0
2026-09-01 08:13:55,157.06,213.16,186.1,39.4,12.02,33.74,44.74,29.92,50.89,69.06,5.15,51.88,96.64,1923.33,0
2026-09-01 08:13:56,162.32,213.07,186.27,41.86,12.16,33.92,42.14,28.12,53.06,70.43,4.87,51.93,95.26,1936.12,0
2026-09-01 08:13:57,155.57,213.51,186.0,40.57,11.9,33.36,45.86,31.52,56.85,66.08,5.19,53.13,95.98,1912.38,0
2026-09-01 08:13:58,158.55,207.0,187.75,38.55,12.1,33.72,43.48,29.02,58.41,67.74,5.24,53.7,96.19,1915.96,0
2026-09-01 08:13:59,159.35,206.33,187.91,39.53,11.98,31.43,40.71,29.05,60.46,74.66,4.52,54.09,97.51,1907.35,0
2026-09-01 08:14:00,158.41,206.68,185.08,39.08,12.0,32.27,42.1,29.67,57.62,70.16,4.98,52.56,98.57,1889.59,0
2026-09-01 08:14:01,158.59,214.0,184.48,38.94,12.07,33.16,40.29,29.89,45.23,72.79,4.44,51.52,96.35,1934.42,0
2026-09-01 08:14:02,164.68,208.36,187.47,41.47,11.89,33.18,40.66,31.46,49.71,70.7,4.45,53.96,94.33,1896.44,0
2026-09-01 08:14:03,157.87,206.25,182.74,37.94,12.04,32.63,50.96,30.27,54.21,73.94,6.24,50.82,0.0,1883.98,1
2026-09-01 08:14:04,166.1,208.71,190.25,42.41,12.02,34.77,44.04,30.57,55.74,64.0,4.85,55.35,96.81,1905.94,0
2026-09-01 08:14:05,161.09,209.28,186.79,41.24,12.05,33.17,43.72,30.27,59.31,69.44,5.06,52.96,95.52,1881.62,0
2026-09-01 08:14:06,160.23,210.81,189.61,41.64,12.03,33.27,40.75,30.23,55.22,74.93,4.47,54.74,96.19,1907.01,0
2026-09-01 08:14:07,161.19,210.75,185.4,39.31,12.25,33.7,45.14,30.31,55.25,72.87,5.34,51.85,96.54,1905.79,0
2026-09-01 08:14:08,166.32,207.52,184.87,39.78,11.94,32.44,44.2,28.07,56.19,73.98,4.93,52.11,95.57,1913.08,0
2026-09-01 08:14:09,157.52,212.06,187.44,37.85,11.95,33.29,45.76,29.75,53.72,69.98,5.14,52.89,98.06,1905.23,0
2026-09-01 08:14:10,157.2,208.08,190.07,39.21,11.94,33.1,45.67,31.16,55.43,68.39,5.18,55.35,94.4,1915.82,0
2026-09-01 08:14:11,158.11,209.53,190.9,40.74,11.94,34.47,39.04,33.94,60.63,66.92,4.43,55.94,95.58,1952.11,0
2026-09-01 08:14:12,160.08,194.0,187.2,41.94,6.8,18.35,39.78,28.8,54.58,66.71,1.19,74.91,0.0,1864.69,1
2026-09-01 08:14:13,155.69,208.07,186.06,38.34,12.12,33.13,39.99,30.42,54.85,72.42,4.85,52.59,98.97,1945.11,0
2026-09-01 08:14:14,160.06,208.29,184.83,39.45,12.14,33.55,40.11,29.43,54.83,71.54,4.68,51.8,98.89,1885.68,0
2026-09-01 08:14:15,164.23,211.78,183.95,39.77,11.94,33.46,42.65,32.05,61.49,69.8,4.87,52.3,96.63,1923.36,0
2026-09-01 08:14:16,160.38,207.43,189.58,37.91,11.92,32.82,40.87,28.65,49.46,71.52,4.47,54.91,95.94,1939.66,0
2026-09-01 08:14:17,159.27,208.85,187.42,40.89,12.05,33.04,46.15,30.62,63.88,70.43,5.3,53.63,100.39,1910.32,0
2026-09-01 08:14:18,158.45,211.67,186.58,38.91,11.94,32.18,45.81,28.59,49.12,72.89,5.21,53.31,96.62,1918.1,0
2026-09-01 08:14:19,162.25,216.16,185.08,39.71,12.06,33.31,41.99,29.68,51.73,72.86,4.56,52.34,96.94,1928.59,0
2026-09-01 08:14:20,157.94,211.82,189.78,39.32,12.02,33.74,45.91,29.97,58.72,66.8,5.25,55.0,97.97,1934.7,0
2026-09-01 08:14:21,164.62,211.42,186.95,38.82,11.85,33.27,44.98,31.07,60.15,70.82,4.8,54.29,95.64,1890.23,0
2026-09-01 08:14:22,164.83,211.59,188.49,39.99,12.15,34.01,41.1,28.92,47.98,64.99,4.68,53.44,101.1,1921.92,0
2026-09-01 08:14:23,160.64,206.78,184.7,39.68,12.18,33.55,37.98,30.66,49.54,70.4,4.72,51.61,96.58,1912.25,0
2026-09-01 08:14:24,159.97,210.35,187.73,39.44,11.94,32.7,41.56,30.02,56.39,71.81,4.6,54.38,95.44,1923.28,0
2026-09-01 08:14:25,162.58,209.91,187.46,38.91,11.96,32.95,40.71,30.27,66.72,66.06,4.57,53.9,93.69,1923.07,0
2026-09-01 08:14:26,162.74,210.96,187.87,40.48,12.03,33.92,42.41,30.96,61.23,68.75,4.66,54.53,96.06,1911.94,0
2026-09-01 08:14:27,157.99,210.35,183.73,42.48,12.03,33.3,42.18,28.72,53.76,70.03,5.08,51.12,94.5,1913.28,0
2026-09-01 08:14:28,158.68,211.14,187.76,40.21,12.07,33.81,42.13,30.81,42.9,70.7,4.85,53.05,96.71,1923.77,0
2026-09-01 08:14:29,156.69,209.07,185.38,41.49,12.2,33.35,43.05,29.43,55.41,69.16,5.41,52.24,96.55,1903.93,0
2026-09-01 08:14:30,161.02,210.18,188.24,37.91,11.98,33.66,39.57,31.1,56.81,66.48,4.48,53.97,97.04,1927.92,0
2026-09-01 08:14:31,161.67,206.32,187.03,40.24,11.92,33.11,42.82,30.33,53.09,69.84,5.02,53.71,94.63,1897.92,0
2026-09-01 08:14:32,156.63,209.04,187.56,38.35,11.86,32.95,41.12,29.79,50.75,65.04,4.73,53.72,95.95,1952.27,0
2026-09-01 08:14:33,158.86,214.17,188.03,37.78,11.93,33.18,42.4,29.41,55.8,69.3,4.65,53.85,95.1,1922.24,0
2026-09-01 08:14:34,156.63,210.96,187.13,38.89,12.0,34.34,43.91,30.82,50.29,68.68,5.09,53.31,97.76,1917.43,0
2026-09-01 08:14:35,157.75,209.94,185.98,41.79,12.18,34.28,39.55,31.26,64.36,69.6,4.73,53.15,97.29,1900.89,0
2026-09-01 08:14:36,161.38,215.69,184.53,41.43,11.95,33.39,41.44,29.47,62.58,68.32,4.42,52.26,94.94,1909.73,0
2026-09-01 08:14:37,158.17,205.92,189.12,40.36,12.02,33.55,41.76,28.87,58.29,65.48,4.99,54.18,93.44,1920.63,0
2026-09-01 08:14:38,159.25,206.67,187.94,37.7,12.0,33.75,40.97,30.69,55.45,68.9,4.63,53.66,93.96,1936.78,0
2026-09-01 08:14:39,155.93,215.14,188.85,39.71,12.12,33.27,43.8,28.55,51.7,72.79,5.0,53.58,98.08,1888.89,0
2026-09-01 08:14:40,160.47,210.14,187.94,40.45,12.25,32.71,40.56,28.69,54.9,73.78,4.83,54.07,96.05,1884.84,0
2026-09-01 08:14:41,159.89,209.27,184.54,40.26,11.95,31.78,40.89,28.94,63.2,77.32,4.61,51.9,97.0,1902.39,0
2026-09-01 08:14:42,158.18,206.4,186.05,37.23,11.95,31.74,40.58,29.58,59.34,75.07,4.71,52.05,94.96,1903.52,0
2026-09-01 08:14:43,159.53,211.34,188.04,38.66,12.1,33.69,44.18,28.66,56.02,66.41,5.14,53.47,96.81,1902.59,0
2026-09-01 08:14:44,160.45,211.63,187.47,39.9,12.07,33.03,41.02,28.06,59.62,68.77,4.75,53.63,97.39,1920.88,0
2026-09-01 08:14:45,157.96,206.72,187.21,40.8,12.18,32.65,42.92,28.86,57.73,69.93,5.23,53.05,99.12,1915.92,0
2026-09-01 08:14:46,156.31,209.58,187.13,36.71,12.06,32.96,45.95,30.64,56.98,69.74,5.31,53.31,94.27,1906.55,0
2026-09-01 08:14:47,164.51,208.99,187.28,39.76,11.96,33.23,41.85,28.73,59.9,70.21,4.48,53.18,93.65,1938.31,0
2026-09-01 08:14:48,158.42,210.77,188.72,40.21,12.06,32.71,44.22,29.66,57.59,77.22,4.93,54.25,96.08,1956.98,0
2026-09-01 08:14:49,159.76,206.64,186.78,41.27,12.11,34.74,45.34,31.95,59.29,66.75,5.34,52.63,98.7,1921.85,0
2026-09-01 08:14:50,162.53,213.76,188.96,41.04,12.08,33.93,44.05,29.95,55.81,67.86,4.87,54.58,96.69,1919.65,0
2026-09-01 08:14:51,168.82,212.75,188.28,40.87,12.05,33.03,41.97,30.34,53.73,74.93,4.39,53.32,98.15,1912.15,0
2026-09-01 08:14:52,156.89,208.91,184.48,38.8,12.11,33.47,43.28,29.05,52.26,68.15,5.23,51.28,94.35,1888.22,0
2026-09-01 08:14:53,161.12,209.35,185.51,37.14,12.12,32.97,39.43,32.16,51.66,71.18,4.64,51.56,96.08,1930.26,0
2026-09-01 08:14:54,158.23,209.59,188.26,39.41,12.14,32.13,40.44,29.46,46.97,73.1,4.72,53.61,97.22,1905.66,0
2026-09-01 08:14:55,158.65,207.67,189.03,41.5,12.06,33.25,40.79,29.77,50.44,71.46,4.7,53.84,94.9,1909.12,0
2026-09-01 08:14:56,158.2,208.67,187.25,42.09,11.98,32.65,46.48,31.32,50.3,70.58,5.36,52.74,94.14,1912.93,0
2026-09-01 08:14:57,157.19,209.19,186.32,41.07,12.01,32.23,40.37,29.82,52.46,72.82,4.83,53.05,94.91,1886.08,0
2026-09-01 08:14:58,159.9,214.84,185.96,40.64,12.12,34.37,40.35,30.05,62.81,67.32,4.49,51.9,96.38,1936.29,0
2026-09-01 08:14:59,156.31,212.84,189.09,40.57,11.92,33.19,39.91,29.72,54.21,68.51,4.45,54.89,93.65,1926.63,0
2026-09-01 08:15:00,162.37,212.8,185.7,39.17,12.04,33.1,43.12,29.73,56.21,71.61,4.81,52.53,98.13,1893.29,0
2026-09-01 08:15:01,160.14,211.11,187.24,39.8,11.96,33.46,42.29,30.37,56.37,63.79,4.78,54.52,95.99,1888.72,0
2026-09-01 08:15:02,161.06,206.65,189.47,42.5,12.0,32.35,44.17,30.55,62.94,74.25,4.94,55.33,96.49,1893.77,0
2026-09-01 08:15:03,158.83,209.88,188.46,38.59,12.13,33.03,43.34,29.36,52.12,70.91,5.11,53.82,97.45,1893.42,0
2026-09-01 08:15:04,159.08,212.91,184.22,42.42,12.02,32.84,39.24,29.23,53.89,70.46,4.69,51.09,98.52,1886.81,0
2026-09-01 08:15:05,160.72,206.23,185.78,39.52,12.0,33.59,40.39,29.39,54.47,65.11,4.78,52.35,99.07,1915.51,0
2026-09-01 08:15:06,157.09,211.91,188.09,41.99,11.86,33.18,44.73,28.6,60.68,66.14,5.05,54.57,94.5,1915.18,0
2026-09-01 08:15:07,159.11,216.97,185.41,37.89,12.07,33.52,41.59,28.41,61.72,68.8,4.71,52.98,97.4,1884.04,0
2026-09-01 08:15:08,157.85,213.19,188.31,40.88,12.06,33.26,44.38,30.3,57.37,72.42,4.93,53.64,96.07,1949.66,0
2026-09-01 08:15:09,157.77,214.24,187.46,38.89,12.22,35.66,41.7,30.94,61.16,63.77,4.95,52.55,99.08,1888.61,0
2026-09-01 08:15:10,154.73,210.66,187.16,37.88,11.97,32.79,40.06,30.87,55.89,72.37,4.75,53.44,97.87,1868.1,0
2026-09-01 08:15:11,163.35,212.9,186.11,40.33,12.02,33.83,41.39,27.62,54.14,68.92,4.78,51.93,96.17,1921.26,0
2026-09-01 08:15:12,158.28,207.85,189.91,41.51,12.02,32.89,40.06,29.75,60.89,69.33,4.54,55.5,97.62,1908.1,0
2026-09-01 08:15:13,162.91,212.39,192.97,38.73,12.16,33.8,40.87,28.9,57.44,70.76,4.36,57.1,96.77,1900.48,0
2026-09-01 08:15:14,162.67,211.96,187.79,37.75,11.99,33.18,42.4,30.14,51.32,70.81,4.59,53.93,97.66,1910.84,0
2026-09-01 08:15:15,156.79,210.87,188.73,39.86,12.03,33.54,43.02,29.58,59.99,67.86,4.95,54.22,94.88,1907.04,0
2026-09-01 08:15:16,157.28,197.49,187.92,39.87,7.9,21.2,38.82,30.59,53.96,71.87,1.73,69.3,0.0,1921.97,1
2026-09-01 08:15:17,166.4,208.38,186.27,40.82,12.02,34.46,41.97,29.98,53.35,63.04,4.78,52.33,97.05,1903.89,0
2026-09-01 08:15:18,164.38,209.44,186.22,41.42,11.96,32.04,40.83,28.1,59.47,68.65,4.64,52.67,97.35,1897.93,0
2026-09-01 08:15:19,159.92,210.29,186.6,39.91,12.02,32.58,40.7,29.03,54.56,70.46,4.67,53.46,97.13,1912.04,0
2026-09-01 08:15:20,160.64,206.91,184.85,42.78,12.11,33.33,42.27,30.01,56.94,68.97,5.1,51.63,98.46,1923.52,0
2026-09-01 08:15:21,158.42,210.68,188.59,40.34,11.9,34.35,40.9,30.09,58.31,64.52,4.67,54.63,93.91,1905.59,0
2026-09-01 08:15:22,161.08,204.84,188.46,39.48,12.01,32.15,44.76,28.59,51.09,72.27,4.98,54.26,96.0,1906.52,0
2026-09-01 08:15:23,158.21,213.14,184.43,37.58,11.93,34.05,44.38,28.46,56.92,66.25,5.04,51.47,93.09,1933.25,0
2026-09-01 08:15:24,154.92,210.14,189.23,39.61,12.12,32.8,44.36,30.06,61.75,69.8,5.24,54.37,95.15,1908.18,0
2026-09-01 08:15:25,156.7,208.44,187.61,39.5,11.85,32.24,41.01,28.6,50.22,70.46,4.56,53.46,96.94,1877.97,0
2026-09-01 08:15:26,160.05,207.5,190.25,41.44,11.94,32.58,40.08,28.33,57.25,70.06,4.62,55.31,95.0,1908.68,0
2026-09-01 08:15:27,157.17,209.3,187.52,40.69,12.04,32.3,42.16,29.55,50.85,73.51,4.87,52.93,99.1,1907.16,0
2026-09-01 08:15:28,159.83,212.06,185.88,38.23,12.16,33.92,41.7,29.51,60.11,69.84,4.88,52.58,97.51,1912.03,0
2026-09-01 08:15:29,157.31,211.64,184.65,40.26,11.99,32.61,40.78,29.12,60.06,71.28,4.8,52.2,95.62,1911.38,0
2026-09-01 08:15:30,158.04,207.88,186.64,41.01,11.94,31.98,39.65,29.3,53.23,69.83,4.55,53.02,95.18,1907.01,0
2026-09-01 08:15:31,162.13,207.46,183.43,42.29,12.19,32.33,41.92,30.01,66.05,71.84,5.09,51.3,99.03,1913.17,0
2026-09-01 08:15:32,160.62,211.97,188.51,41.33,11.86,31.86,41.19,29.28,60.53,74.18,4.27,54.48,94.67,1882.32,0
2026-09-01 08:15:33,159.98,207.83,187.35,41.14,11.78,32.56,43.38,30.07,58.53,70.41,4.86,54.12,94.3,1951.65,0
2026-09-01 08:15:34,162.2,210.18,189.27,40.09,12.04,33.0,43.33,29.62,58.25,72.35,4.75,53.94,96.82,1907.76,0
2026-09-01 08:15:35,161.2,210.37,184.74,40.58,11.95,32.8,44.2,30.17,59.92,74.37,4.93,52.6,93.59,1884.85,0
2026-09-01 08:15:36,163.62,210.94,189.12,41.87,11.9,32.72,39.48,30.88,50.02,74.07,4.28,54.25,95.33,1876.64,0
2026-09-01 08:15:37,158.85,212.57,187.29,38.0,12.07,33.85,42.8,30.84,55.97,68.84,5.03,53.05,96.49,1915.24,0
2026-09-01 08:15:38,158.93,206.21,185.26,39.48,12.02,33.15,40.55,31.29,56.92,73.11,4.74,51.82,96.88,1897.98,0
2026-09-01 08:15:39,156.75,204.27,189.52,38.84,11.94,32.44,39.56,30.84,53.0,70.75,4.57,54.81,97.03,1911.85,0
2026-09-01 08:15:40,158.93,208.3,187.25,40.57,11.87,32.96,41.14,30.24,57.32,73.35,4.67,53.56,94.63,1948.17,0
2026-09-01 08:15:41,162.41,215.4,187.46,41.85,12.09,33.86,44.14,29.57,61.16,71.71,4.88,53.83,97.46,1906.16,0
2026-09-01 08:15:42,163.25,216.07,186.03,39.1,12.07,33.3,41.26,29.61,52.89,70.83,4.39,51.94,94.48,1927.23,0
2026-09-01 08:15:43,162.4,215.49,189.93,36.41,11.99,32.95,45.13,29.12,54.73,71.3,4.72,55.02,98.91,1885.76,0
2026-09-01 08:15:44,155.51,209.42,186.13,39.38,12.18,32.62,43.1,30.0,50.9,70.77,5.26,52.22,99.82,1910.46,0
2026-09-01 08:15:45,162.71,204.65,188.22,41.37,11.89,32.61,41.21,30.7,46.07,70.88,4.65,54.06,94.65,1888.13,0
2026-09-01 08:15:46,155.4,202.97,188.1,40.81,11.85,31.28,44.32,29.27,58.89,69.52,5.34,54.69,94.94,1882.02,0
2026-09-01 08:15:47,162.25,208.16,186.53,40.64,11.93,33.66,42.89,29.96,54.87,69.24,4.97,52.71,92.2,1908.85,0
2026-09-01 08:15:48,159.08,209.41,189.93,39.58,12.0,33.23,40.13,29.32,55.24,75.29,4.43,55.01,96.97,1934.64,0
2026-09-01 08:15:49,161.76,213.9,187.89,38.08,12.02,32.79,45.72,30.21,50.07,71.43,5.12,53.39,95.09,1924.17,0
2026-09-01 08:15:50,156.67,212.6,188.57,40.77,11.98,33.38,42.52,29.45,54.07,68.28,4.82,53.74,93.37,1959.11,0
2026-09-01 08:15:51,162.93,210.68,185.44,38.75,12.04,32.52,42.04,29.26,60.48,69.17,4.89,52.45,96.8,1903.57,0
2026-09-01 08:15:52,156.34,207.33,191.32,43.28,11.87,32.35,40.29,29.32,55.0,73.17,4.57,55.56,93.65,1911.32,0
2026-09-01 08:15:53,158.33,207.12,184.72,40.86,12.14,33.83,44.36,30.5,55.15,67.79,5.56,51.61,0.0,1917.76,1
2026-09-01 08:15:54,157.5,210.76,187.6,39.13,11.99,33.61,43.03,29.9,56.04,65.55,5.07,54.12,97.1,1906.64,0
2026-09-01 08:15:55,155.61,212.09,185.58,39.08,12.11,33.88,43.26,29.57,48.82,65.77,5.15,52.19,99.36,1921.98,0
2026-09-01 08:15:56,160.24,211.18,187.92,39.86,12.03,33.81,40.98,30.26,58.12,64.81,4.73,53.98,96.69,1893.32,0
2026-09-01 08:15:57,164.52,206.9,190.2,39.64,12.05,33.85,43.67,29.59,48.72,66.1,4.85,54.8,98.26,1890.21,0
2026-09-01 08:15:58,166.67,211.95,190.41,41.68,12.06,34.87,43.82,31.13,50.3,66.46,4.72,54.83,95.94,1893.67,0
2026-09-01 08:15:59,160.24,211.28,185.45,40.28,12.04,32.47,40.66,29.03,49.75,74.16,4.53,52.77,97.25,1883.66,0
2026-09-01 08:16:00,162.79,206.79,187.8,38.9,12.06,33.69,39.17,29.81,54.12,69.86,4.48,53.4,96.88,1870.12,0
2026-09-01 08:16:01,160.58,192.59,187.31,42.84,8.12,21.22,43.16,28.6,53.24,68.91,2.07,66.31,0.0,1900.65,1
2026-09-01 08:16:02,161.25,212.07,185.63,40.07,12.02,33.69,38.85,29.65,54.99,65.67,4.38,52.64,94.74,1858.94,0
2026-09-01 08:16:03,159.14,209.3,189.75,41.15,12.07,32.29,42.3,28.32,50.47,69.57,4.86,54.63,92.9,1895.51,0
2026-09-01 08:16:04,160.49,214.77,186.29,39.09,11.99,35.17,41.11,30.75,60.03,64.79,4.67,52.6,98.03,1862.03,0
2026-09-01 08:16:05,161.34,211.5,187.21,40.54,12.14,33.17,44.44,30.77,59.17,68.89,5.04,53.04,96.77,1935.3,0
2026-09-01 08:16:06,158.55,208.54,188.39,40.47,11.93,32.56,41.21,30.78,54.13,76.19,4.68,54.22,92.68,1895.19,0
2026-09-01 08:16:07,159.81,209.97,185.55,37.17,12.18,33.42,44.21,30.03,52.61,71.99,5.28,51.58,97.42,1846.86,0
2026-09-01 08:16:08,159.85,210.19,187.18,43.02,12.0,33.04,40.97,29.12,52.1,69.37,4.62,53.54,96.53,1903.6,0
2026-09-01 08:16:09,162.07,207.81,188.05,41.94,11.86,31.94,44.0,29.2,53.45,72.09,4.64,53.79,94.93,1908.22,0
2026-09-01 08:16:10,157.33,207.26,187.74,39.4,12.01,33.11,46.12,31.53,48.0,68.44,5.54,53.16,0.0,1890.81,1
2026-09-01 08:16:11,159.87,212.1,189.04,38.35,11.93,33.57,39.86,31.44,50.2,67.6,4.37,54.19,95.6,1934.98,0
2026-09-01 08:16:12,164.78,212.54,186.38,40.52,12.08,32.85,42.58,30.12,59.3,75.11,4.65,53.03,96.19,1914.38,0
2026-09-01 08:16:13,162.91,211.81,188.34,40.13,11.93,32.79,47.5,29.48,56.51,66.57,5.35,54.49,95.74,1897.54,0
2026-09-01 08:16:14,163.37,214.55,189.54,40.53,11.96,34.22,42.13,31.37,63.17,68.94,4.5,55.42,95.41,1912.86,0
2026-09-01 08:16:15,160.06,208.37,187.88,40.29,11.81,32.54,42.12,29.31,53.5,70.92,4.69,53.38,94.78,1933.23,0
2026-09-01 08:16:16,160.8,215.02,184.33,40.76,11.95,33.53,43.58,30.23,53.19,67.19,4.87,51.67,96.23,1877.8,0
2026-09-01 08:16:17,162.51,207.3,186.29,42.17,11.76,32.27,42.08,31.35,52.96,71.95,4.59,53.44,94.92,1885.61,0
2026-09-01 08:16:18,163.9,206.96,188.11,40.85,11.84,32.9,38.59,29.16,53.4,69.08,4.23,54.41,94.0,1902.45,0
2026-09-01 08:16:19,155.12,204.72,187.37,38.43,12.08,32.01,44.26,30.83,51.7,71.99,5.39,53.01,97.64,1868.41,0
2026-09-01 08:16:20,156.71,208.66,185.95,42.04,12.08,32.2,37.99,30.52,56.35,71.76,4.42,52.47,97.29,1907.53,0
2026-09-01 08:16:21,163.27,208.49,187.03,42.46,12.04,33.36,41.17,29.96,55.15,69.27,4.63,52.9,98.19,1934.67,0
2026-09-01 08:16:22,159.31,211.58,186.14,44.73,11.9,31.91,44.41,29.01,52.45,75.13,4.94,53.29,95.51,1899.09,0
2026-09-01 08:16:23,158.32,210.73,188.73,38.31,12.0,33.12,41.29,29.28,61.26,68.0,4.85,54.03,97.48,1869.82,0
2026-09-01 08:16:24,156.86,206.42,188.18,40.36,12.0,32.49,40.61,30.29,64.48,74.05,4.64,54.56,92.67,1917.48,0
2026-09-01 08:16:25,158.61,208.82,183.96,36.88,11.88,31.63,43.76,28.58,60.83,73.52,4.94,51.53,93.5,1934.23,0
2026-09-01 08:16:26,156.49,208.89,186.78,40.83,12.15,32.73,40.3,30.13,57.79,75.31,4.76,52.67,98.89,1846.84,0
2026-09-01 08:16:27,165.23,204.67,185.94,39.18,12.09,33.88,39.56,30.54,58.81,70.52,4.66,52.54,97.21,1911.86,0
2026-09-01 08:16:28,159.94,207.06,187.26,42.89,11.98,34.14,42.55,30.99,64.28,67.63,4.99,53.08,94.25,1914.1,0
2026-09-01 08:16:29,159.86,207.69,189.32,38.84,12.0,32.34,41.63,28.6,58.8,76.23,4.6,54.22,96.3,1910.62,0
2026-09-01 08:16:30,161.47,214.3,186.73,37.47,12.02,32.94,39.51,31.32,52.07,69.0,4.44,52.2,97.78,1905.63,0
2026-09-01 08:16:31,162.41,210.57,187.87,39.29,11.8,33.59,43.27,31.7,56.96,67.56,4.58,54.49,92.55,1903.21,0
2026-09-01 08:16:32,162.36,211.99,188.77,37.04,11.98,34.15,42.93,30.41,58.13,69.43,4.62,54.89,96.22,1895.48,0
2026-09-01 08:16:33,162.68,205.5,183.28,41.13,11.93,32.84,41.28,28.96,50.03,67.05,4.79,50.23,98.72,1930.26,0
2026-09-01 08:16:34,158.42,213.58,188.04,36.9,11.9,32.53,41.42,29.67,53.58,71.58,4.57,53.92,94.0,1902.32,0
2026-09-01 08:16:35,159.26,213.9,186.35,40.04,11.97,33.31,42.94,29.95,60.5,68.18,4.81,53.26,94.42,1948.57,0
2026-09-01 08:16:36,161.92,204.0,187.01,36.88,12.18,33.89,44.38,30.27,45.88,69.14,5.29,52.44,93.7,1919.27,0
2026-09-01 08:16:37,158.68,207.88,187.1,39.52,12.06,32.46,41.43,30.02,48.75,72.9,4.87,53.6,95.96,1902.47,0
2026-09-01 08:16:38,159.99,211.49,190.0,42.47,11.94,32.62,43.31,30.28,54.12,71.87,4.87,55.16,96.93,1881.78,0
2026-09-01 08:16:39,161.0,211.93,184.76,40.54,12.06,33.06,43.13,29.91,56.77,70.05,4.77,51.44,95.68,1911.28,0
2026-09-01 08:16:40,161.96,207.96,187.22,38.7,12.14,33.44,43.76,30.27,48.21,70.51,5.14,52.97,101.07,1883.24,0
2026-09-01 08:16:41,155.56,209.08,188.01,39.95,12.09,32.94,42.08,29.54,54.37,70.04,5.16,54.19,100.77,1886.7,0
2026-09-01 08:16:42,161.79,208.21,183.75,40.03,12.01,32.38,40.18,29.66,60.77,68.71,4.83,51.01,98.76,1892.51,0
2026-09-01 08:16:43,159.42,210.33,185.38,40.71,11.94,32.57,41.08,29.42,55.34,69.99,4.67,52.61,94.41,1874.07,0
2026-09-01 08:16:44,161.77,213.59,186.7,37.95,12.07,34.52,42.69,31.92,59.7,71.47,4.73,53.1,97.03,1934.73,0
2026-09-01 08:16:45,161.94,207.69,187.25,40.89,12.04,33.51,45.64,31.46,52.04,69.62,5.28,52.73,95.43,1875.39,0
2026-09-01 08:16:46,164.02,213.0,186.42,35.94,12.09,33.92,41.03,30.56,50.95,71.26,4.48,52.19,95.73,1904.76,0
2026-09-01 08:16:47,163.38,207.65,187.47,39.06,12.06,33.28,43.61,31.33,59.24,67.49,5.08,54.18,97.03,1883.32,0
2026-09-01 08:16:48,163.37,207.46,187.35,39.27,12.1,34.03,41.34,30.8,56.85,68.19,4.66,53.57,95.25,1870.57,0
2026-09-01 08:16:49,163.61,212.46,187.88,40.95,11.95,34.29,42.22,30.18,49.07,67.8,4.64,53.73,92.75,1894.51,0
2026-09-01 08:16:50,160.73,212.77,190.09,40.03,12.13,33.97,45.03,28.49,51.0,68.3,5.05,53.93,94.94,1896.09,0
2026-09-01 08:16:51,160.08,212.55,184.5,37.89,12.02,32.19,43.53,29.74,62.82,73.86,4.98,52.32,96.56,1929.17,0
2026-09-01 08:16:52,162.18,206.05,185.09,38.52,12.21,33.3,39.52,29.66,50.38,72.18,4.83,51.81,100.55,1907.06,0
2026-09-01 08:16:53,161.83,208.6,190.76,40.3,11.93,33.65,40.86,28.87,59.67,66.77,4.53,55.32,96.85,1902.95,0
2026-09-01 08:16:54,159.23,212.47,187.0,39.88,12.17,33.02,44.51,28.51,52.61,71.31,5.11,52.68,97.22,1913.76,0
2026-09-01 08:16:55,161.01,210.12,185.02,39.13,12.02,33.78,42.28,30.49,54.98,68.83,4.96,52.37,97.3,1892.81,0
2026-09-01 08:16:56,159.91,206.78,184.66,39.28,11.93,33.06,39.7,30.32,56.47,67.95,4.56,52.36,95.38,1886.14,0
2026-09-01 08:16:57,157.87,211.37,188.66,41.04,11.95,32.64,40.36,28.83,44.5,65.54,4.52,54.05,97.21,1885.07,0
2026-09-01 08:16:58,163.23,207.86,187.07,39.22,11.97,32.27,43.41,29.25,47.69,72.92,4.83,52.97,96.87,1883.77,0
2026-09-01 08:16:59,160.14,215.38,188.02,39.87,12.04,34.3,43.99,31.16,55.43,65.91,4.86,54.16,92.74,1903.93,0
2026-09-01 08:17:00,165.12,214.63,186.68,43.25,12.05,33.68,42.04,29.12,51.38,69.84,4.56,52.77,95.44,1868.67,0
2026-09-01 08:17:01,155.94,211.81,189.77,37.86,11.94,33.41,46.95,30.17,59.98,67.16,5.28,55.48,96.56,1893.13,0
2026-09-01 08:17:02,158.61,214.08,186.64,37.22,12.0,33.29,43.65,29.81,46.97,72.33,4.83,52.73,97.2,1924.1,0
2026-09-01 08:17:03,160.08,210.19,190.38,41.18,12.21,34.43,41.51,30.51,57.83,69.0,4.95,54.41,97.01,1903.62,0
2026-09-01 08:17:04,162.84,212.3,188.31,38.98,12.17,34.52,40.37,29.14,48.12,69.6,4.45,52.86,94.13,1895.39,0
2026-09-01 08:17:05,161.0,214.43,189.78,39.52,12.04,33.94,40.05,30.09,53.24,69.7,4.32,54.09,96.67,1886.76,0
2026-09-01 08:17:06,160.78,210.74,189.35,38.83,12.0,33.82,42.67,30.17,49.68,70.91,4.79,54.18,93.73,1879.9,0
2026-09-01 08:17:07,157.18,209.23,186.46,39.61,12.01,33.31,41.02,30.23,64.51,70.04,4.81,53.65,94.85,1922.22,0
2026-09-01 08:17:08,157.11,204.89,186.27,42.4,12.06,33.22,45.35,30.08,48.3,69.87,5.49,52.42,98.61,1899.02,0
2026-09-01 08:17:09,160.81,209.75,188.62,41.2,11.9,33.82,44.93,30.34,54.39,68.44,4.98,54.38,94.5,1886.69,0
2026-09-01 08:17:10,156.59,195.7,188.3,41.29,7.89,21.48,43.27,32.19,46.37,65.28,1.78,69.2,0.0,1890.82,1
2026-09-01 08:17:11,158.67,212.84,185.84,37.88,11.83,33.56,39.64,32.56,63.0,66.64,4.48,53.17,94.48,1879.03,0
2026-09-01 08:17:12,161.25,211.51,188.09,38.27,12.04,32.21,40.66,29.36,57.01,72.16,4.52,54.08,97.69,1898.89,0
2026-09-01 08:17:13,157.54,208.38,188.82,35.74,12.06,33.3,44.51,27.68,55.68,69.08,5.36,54.03,96.14,1898.7,0
2026-09-01 08:17:14,164.01,204.07,191.95,38.79,11.95,33.74,40.87,30.6,62.37,68.01,4.45,56.07,97.81,1908.75,0
2026-09-01 08:17:15,163.06,208.51,189.94,41.44,12.16,34.38,44.24,30.19,55.74,65.78,5.06,54.31,95.86,1866.05,0
2026-09-01 08:17:16,156.07,209.09,190.75,40.78,11.88,33.86,42.95,31.06,56.1,64.84,4.92,55.51,93.47,1899.02,0
2026-09-01 08:17:17,157.67,209.06,187.58,39.67,11.85,33.29,42.1,30.28,55.66,67.89,4.89,53.36,95.53,1907.5,0
2026-09-01 08:17:18,154.29,211.86,188.6,39.97,12.02,32.76,40.59,30.06,57.82,72.66,4.64,54.19,95.13,1892.91,0
2026-09-01 08:17:19,158.04,215.96,190.08,38.97,12.1,34.49,41.81,31.13,52.54,68.33,4.59,54.37,97.56,1922.93,0
2026-09-01 08:17:20,161.92,210.37,187.26,40.31,12.17,33.75,42.38,31.27,53.93,71.2,4.89,53.51,100.83,1908.86,0
2026-09-01 08:17:21,158.97,209.35,186.96,41.15,11.95,32.84,44.07,28.61,59.05,68.19,5.02,53.39,93.74,1917.51,0
2026-09-01 08:17:22,161.15,209.22,189.92,37.58,12.11,32.88,40.23,29.18,56.39,71.92,4.57,54.42,97.36,1874.26,0
2026-09-01 08:17:23,156.19,210.37,184.76,40.45,12.0,32.37,41.47,29.89,54.43,68.94,4.93,51.4,97.35,1859.15,0
2026-09-01 08:17:24,161.99,207.52,185.43,41.4,11.98,32.88,42.09,30.1,48.0,66.3,4.97,51.5,94.88,1901.19,0
2026-09-01 08:17:25,158.61,210.36,186.22,39.38,12.09,33.3,43.33,29.77,62.49,69.19,5.16,53.25,96.73,1854.82,0
2026-09-01 08:17:26,160.03,211.35,190.0,41.05,12.07,32.42,40.18,30.43,51.69,75.5,4.47,55.06,93.05,1883.37,0
2026-09-01 08:17:27,159.77,210.63,188.53,44.22,11.84,31.85,39.37,31.0,59.94,75.37,4.36,53.95,94.74,1894.61,0
2026-09-01 08:17:28,156.82,211.37,187.03,39.84,12.15,33.22,43.35,31.72,55.88,71.46,5.08,53.78,95.67,1910.03,0
2026-09-01 08:17:29,157.12,211.3,185.36,40.59,12.14,33.39,38.96,30.58,48.53,69.59,4.55,51.61,95.61,1896.8,0
2026-09-01 08:17:30,162.42,204.68,187.55,38.89,11.94,32.87,44.57,29.15,61.26,70.91,4.99,54.4,95.19,1923.98,0
2026-09-01 08:17:31,161.0,211.91,189.64,40.27,12.04,32.53,41.69,29.85,56.27,70.95,4.6,54.43,95.64,1880.87,0
2026-09-01 08:17:32,162.63,207.99,187.62,40.69,12.05,33.27,38.9,29.92,61.68,69.88,4.48,53.4,94.53,1876.51,0
2026-09-01 08:17:33,160.81,206.71,191.21,40.29,12.03,32.72,41.04,30.51,54.09,71.32,4.68,55.52,98.56,1939.94,0
2026-09-01 08:17:34,160.36,206.69,187.64,38.47,11.94,32.71,42.76,30.39,58.52,70.62,4.83,54.04,95.78,1891.53,0
2026-09-01 08:17:35,155.68,211.3,187.56,40.31,11.93,33.04,40.93,32.05,46.19,69.05,4.77,53.35,96.05,1897.07,0
2026-09-01 08:17:36,159.32,209.33,186.78,42.19,12.0,33.32,42.04,29.54,52.5,66.41,4.73,53.42,95.13,1883.1,0
2026-09-01 08:17:37,159.93,204.95,185.68,40.67,12.12,32.6,43.48,30.38,48.64,68.62,5.26,51.12,96.85,1876.67,0
2026-09-01 08:17:38,164.88,211.43,187.36,41.44,12.05,33.86,41.6,32.35,53.13,72.4,4.6,53.56,93.29,1891.06,0
2026-09-01 08:17:39,161.72,205.68,187.5,39.64,11.96,32.73,40.13,29.41,57.36,69.91,4.68,53.91,94.07,1915.15,0
2026-09-01 08:17:40,163.84,210.42,188.38,41.12,12.08,33.57,41.4,30.15,51.98,70.9,4.67,53.81,98.87,1889.61,0
2026-09-01 08:17:41,161.49,210.72,191.09,40.42,11.72,32.98,44.83,29.06,59.32,69.15,4.73,56.08,94.63,1844.11,0
2026-09-01 08:17:42,158.22,212.66,188.35,38.57,12.11,33.47,45.37,30.08,50.72,66.82,5.25,53.2,96.19,1871.76,0
2026-09-01 08:17:43,160.29,215.35,189.57,40.48,11.83,32.69,37.96,29.22,59.43,69.28,3.97,55.65,95.19,1931.38,0
2026-09-01 08:17:44,160.59,205.91,187.92,38.51,11.96,34.01,44.18,31.05,61.55,66.93,4.97,53.19,93.09,1842.93,0
2026-09-01 08:17:45,157.65,209.84,188.69,39.05,11.89,33.42,42.5,30.15,60.07,66.74,4.79,53.98,94.5,1878.92,0
2026-09-01 08:17:46,159.04,209.17,191.58,40.28,11.87,31.46,43.85,29.06,53.28,73.62,4.65,56.38,94.97,1902.2,0
2026-09-01 08:17:47,159.49,211.3,187.79,40.45,12.12,33.77,40.9,30.84,44.37,68.74,4.78,53.09,98.12,1902.58,0
2026-09-01 08:17:48,164.01,210.65,185.19,38.22,11.95,33.88,38.46,30.18,57.91,67.78,4.17,52.07,94.42,1902.92,0
2026-09-01 08:17:49,154.8,208.94,185.85,41.58,12.03,33.15,43.17,30.95,54.37,74.85,5.13,52.1,96.34,1910.97,0
2026-09-01 08:17:50,163.01,208.68,188.25,40.86,12.0,33.31,40.12,28.85,50.11,72.44,4.36,54.1,95.59,1888.62,0
2026-09-01 08:17:51,157.66,206.65,188.02,38.94,12.05,32.94,39.22,30.37,52.22,68.89,4.66,53.91,96.95,1872.52,0
2026-09-01 08:17:52,156.57,212.96,187.29,37.69,12.01,33.09,39.36,30.77,62.17,71.28,4.45,53.58,96.42,1888.43,0
2026-09-01 08:17:53,162.95,211.38,188.55,39.78,11.87,32.37,43.2,29.58,49.31,69.29,4.49,53.67,94.91,1916.58,0
2026-09-01 08:17:54,161.83,212.75,186.43,39.33,12.1,33.75,42.28,28.74,57.34,67.92,4.83,53.34,97.31,1859.4,0
2026-09-01 08:17:55,163.14,209.07,186.65,40.17,11.95,32.92,43.56,29.96,56.09,71.42,4.82,52.65,94.71,1883.31,0
2026-09-01 08:17:56,162.0,208.03,188.28,39.46,11.84,33.38,43.34,31.23,53.21,69.03,4.77,54.53,93.98,1892.78,0
2026-09-01 08:17:57,165.15,206.77,190.95,36.99,11.96,32.47,41.16,31.13,58.22,70.23,4.41,56.32,93.32,1879.22,0
2026-09-01 08:17:58,161.4,211.08,190.37,39.42,12.15,32.98,41.86,29.57,63.16,73.06,4.61,55.25,98.27,1881.74,0
2026-09-01 08:17:59,159.61,206.88,187.28,39.54,12.09,32.43,40.98,28.72,53.52,72.73,4.86,52.86,96.48,1900.29,0
2026-09-01 08:18:00,160.86,215.55,189.0,40.95,11.97,34.06,41.58,29.57,53.78,68.35,4.57,53.78,94.11,1894.66,0
2026-09-01 08:18:01,163.11,206.08,186.74,38.95,11.97,32.42,40.07,29.53,58.11,71.46,4.62,53.3,94.54,1910.9,0
2026-09-01 08:18:02,158.05,210.82,187.06,42.52,11.97,34.44,42.78,30.45,59.59,66.62,4.85,52.96,98.21,1902.91,0
2026-09-01 08:18:03,158.37,214.7,186.54,37.13,12.21,33.29,44.15,29.89,54.36,71.35,5.2,52.54,97.26,1912.4,0
2026-09-01 08:18:04,159.23,211.8,187.05,41.97,12.04,32.92,40.37,29.25,53.47,70.45,4.66,52.25,96.94,1878.63,0
2026-09-01 08:18:05,154.74,210.53,186.54,39.66,12.04,32.57,44.56,31.1,43.91,71.14,5.38,51.6,95.57,1943.58,0
2026-09-01 08:18:06,160.35,207.09,188.48,41.29,12.1,33.32,42.23,30.14,51.11,69.11,5.06,53.7,95.09,1857.82,0
2026-09-01 08:18:07,155.28,205.85,187.53,40.12,12.02,32.09,42.48,30.44,49.3,76.25,5.07,53.51,96.25,1907.41,0
2026-09-01 08:18:08,160.13,212.31,186.64,41.71,11.97,33.33,38.6,28.28,58.42,67.3,4.31,53.1,97.44,1870.9,0
2026-09-01 08:18:09,162.16,214.52,191.1,39.42,11.98,32.56,38.39,27.58,53.78,72.91,3.96,56.07,98.05,1858.27,0
2026-09-01 08:18:10,158.81,208.68,186.59,38.35,11.99,33.56,42.29,28.56,53.58,66.9,4.88,52.68,97.98,1924.38,0
2026-09-01 08:18:11,164.19,206.58,187.24,42.13,12.0,33.33,43.58,29.52,54.95,71.51,4.92,54.22,96.95,1883.48,0
2026-09-01 08:18:12,156.35,202.63,187.37,39.83,12.07,32.17,40.66,30.58,50.65,71.73,4.93,52.5,97.43,1865.38,0
2026-09-01 08:18:13,162.98,207.06,186.06,40.33,12.01,33.82,45.34,27.66,62.77,70.16,5.07,52.73,94.67,1882.74,0
2026-09-01 08:18:14,161.69,209.66,188.57,41.85,12.07,33.47,43.47,31.59,61.49,68.51,4.83,54.83,96.7,1877.09,0
2026-09-01 08:18:15,155.71,214.8,189.84,38.45,11.99,33.35,40.18,30.17,63.09,70.42,4.45,55.23,97.44,1887.34,0
2026-09-01 08:18:16,166.78,212.02,188.86,40.89,12.01,33.84,42.06,31.36,58.42,70.8,4.45,54.85,98.22,1883.89,0
2026-09-01 08:18:17,159.84,210.92,186.69,39.12,11.8,31.3,46.95,29.11,54.85,75.37,5.09,52.95,94.3,1863.15,0
2026-09-01 08:18:18,157.81,208.8,188.82,39.8,12.09,33.76,39.51,30.5,63.07,67.38,4.65,54.09,96.11,1891.52,0
2026-09-01 08:18:19,156.48,208.25,188.01,40.11,12.03,33.12,43.06,30.09,51.6,68.33,5.2,53.79,94.89,1889.91,0
2026-09-01 08:18:20,159.45,214.22,188.03,37.75,12.1,33.91,41.35,30.82,50.64,70.85,4.57,52.79,96.8,1922.49,0
2026-09-01 08:18:21,159.68,210.6,184.59,38.83,11.71,32.27,43.41,29.77,51.99,69.23,4.78,51.78,95.4,1918.84,0
2026-09-01 08:18:22,160.26,203.69,186.63,42.03,12.21,33.63,44.53,30.47,57.61,69.7,5.56,52.59,0.0,1890.0,1
2026-09-01 08:18:23,159.26,224.66,185.94,41.33,8.0,22.82,41.23,31.1,51.19,73.21,1.39,66.67,0.0,1898.85,1
2026-09-01 08:18:24,161.58,207.43,189.17,39.91,12.11,34.02,44.24,29.35,54.22,61.54,5.31,54.34,98.65,1868.6,0
2026-09-01 08:18:25,159.03,187.67,183.98,40.36,6.72,17.51,46.44,30.24,46.99,68.21,1.35,71.65,0.0,1902.75,1
2026-09-01 08:18:26,155.16,211.69,183.87,39.56,12.06,33.04,42.13,28.11,57.41,64.77,5.2,51.37,96.23,1944.1,0
2026-09-01 08:18:27,159.63,209.68,186.88,42.03,11.89,34.01,43.57,30.7,47.41,66.41,4.92,52.3,97.05,1866.46,0
2026-09-01 08:18:28,154.08,209.77,185.94,39.7,11.94,32.32,40.82,31.95,50.34,77.21,4.7,52.25,96.06,1877.03,0
2026-09-01 08:18:29,160.88,213.94,185.93,40.35,12.19,33.6,42.04,28.76,61.09,71.79,4.64,52.61,100.02,1894.03,0
2026-09-01 08:18:30,157.55,207.91,190.61,41.72,11.98,32.77,41.65,29.91,60.9,72.85,4.73,55.8,95.94,1892.73,0
2026-09-01 08:18:31,160.41,215.59,188.5,38.83,12.02,33.81,43.59,30.88,56.87,69.76,4.63,54.38,97.94,1891.17,0
2026-09-01 08:18:32,163.29,207.99,189.04,42.34,12.09,33.22,44.41,30.03,56.38,72.28,5.21,54.56,94.98,1875.07,0
2026-09-01 08:18:33,157.63,210.27,186.95,37.7,12.05,33.57,41.78,30.17,52.35,64.7,4.95,53.01,97.59,1860.66,0
2026-09-01 08:18:34,162.65,209.16,191.08,42.44,12.02,32.67,45.07,29.61,51.14,73.11,4.9,54.41,95.55,1871.47,0
2026-09-01 08:18:35,158.92,210.37,187.65,39.44,12.04,33.71,45.06,29.57,53.19,67.54,5.27,53.55,94.38,1905.1,0
2026-09-01 08:18:36,164.38,211.33,190.27,39.64,12.24,34.03,43.69,29.91,47.43,68.41,4.81,54.0,97.23,1929.06,0
2026-09-01 08:18:37,159.09,211.3,185.83,37.16,11.99,32.6,40.97,30.04,56.26,71.52,4.6,52.42,95.75,1899.02,0
2026-09-01 08:18:38,157.9,207.74,188.68,39.32,12.02,32.55,40.78,28.82,55.24,70.95,4.7,54.02,97.04,1881.45,0
2026-09-01 08:18:39,161.72,206.63,187.58,38.44,12.11,32.6,40.38,29.93,50.33,70.25,4.76,53.18,96.7,1904.67,0
2026-09-01 08:18:40,158.91,217.51,182.39,39.09,12.11,34.91,43.9,31.57,62.84,65.91,5.02,50.01,94.03,1860.82,0
2026-09-01 08:18:41,157.9,208.55,186.35,39.79,12.12,33.33,39.58,29.58,58.03,70.3,4.68,52.0,96.47,1887.24,0
2026-09-01 08:18:42,158.81,212.1,186.04,41.44,12.06,32.91,43.35,28.76,58.46,72.88,4.98,52.15,96.52,1875.83,0
2026-09-01 08:18:43,159.89,205.18,187.41,40.31,11.89,32.47,39.84,29.85,52.56,68.4,4.66,53.96,96.06,1882.03,0
2026-09-01 08:18:44,163.36,209.16,189.01,40.46,12.16,33.58,43.65,29.29,54.99,73.94,4.94,53.84,98.73,1876.31,0
2026-09-01 08:18:45,155.16,209.62,183.27,38.36,11.89,32.61,42.03,28.66,58.14,67.38,4.93,51.57,94.03,1865.3,0
2026-09-01 08:18:46,160.06,211.42,190.48,38.68,12.03,33.88,44.67,30.14,55.76,70.02,4.95,55.44,95.15,1921.4,0
2026-09-01 08:18:47,161.56,201.83,186.25,42.7,11.92,32.03,44.28,29.29,63.01,74.61,5.13,53.49,94.21,1874.93,0
2026-09-01 08:18:48,160.48,210.5,185.57,38.9,11.99,33.05,44.87,29.38,53.98,67.96,5.07,52.52,94.49,1874.74,0
2026-09-01 08:18:49,163.27,206.55,188.7,42.48,12.03,32.43,44.92,30.15,52.48,73.16,5.11,53.81,93.82,1886.05,0
2026-09-01 08:18:50,159.81,210.97,187.56,39.64,12.03,31.84,42.29,28.47,58.17,75.92,4.76,53.88,96.99,1891.24,0
2026-09-01 08:18:51,159.54,206.89,189.66,40.0,12.04,32.76,39.68,28.26,48.68,70.51,4.58,54.53,100.29,1919.31,0
2026-09-01 08:18:52,161.48,207.43,188.48,41.61,12.16,32.74,39.89,30.67,59.62,68.42,4.75,53.3,98.61,1890.36,0
2026-09-01 08:18:53,160.25,209.18,186.93,41.91,12.05,32.73,37.83,28.07,48.5,67.68,4.48,52.75,97.83,1897.94,0
2026-09-01 08:18:54,159.02,206.84,186.43,39.83,11.98,31.77,39.83,29.02,58.19,73.91,4.41,53.01,96.5,1849.87,0
2026-09-01 08:18:55,161.29,208.57,190.1,39.42,12.1,32.42,42.14,28.2,51.76,73.83,4.77,54.84,94.73,1892.8,0
2026-09-01 08:18:56,158.37,206.42,186.52,39.92,12.12,32.64,40.88,29.51,57.38,74.35,5.0,52.77,96.48,1871.45,0
2026-09-01 08:18:57,158.47,204.5,186.75,40.51,11.88,31.77,41.64,30.43,59.54,69.9,4.86,53.47,96.05,1871.77,0
2026-09-01 08:18:58,158.68,213.05,187.21,41.34,12.06,32.36,42.99,30.11,55.77,73.11,4.98,53.85,94.55,1862.7,0
2026-09-01 08:18:59,163.38,206.11,187.07,40.01,12.07,32.92,41.39,32.39,49.0,69.85,4.82,53.02,95.83,1879.69,0
2026-09-01 08:19:00,151.95,209.46,187.45,40.93,11.97,33.33,39.76,31.09,50.52,67.35,4.81,53.34,93.8,1893.97,0
2026-09-01 08:19:01,160.99,212.26,189.49,42.46,12.14,32.98,41.89,29.07,51.36,73.37,4.71,53.73,96.35,1894.83,0
2026-09-01 08:19:02,160.09,208.16,185.29,40.57,11.98,31.76,40.2,28.8,45.52,74.9,4.49,51.78,98.85,1890.08,0
2026-09-01 08:19:03,155.8,207.52,187.65,40.47,12.01,34.32,41.46,32.71,60.64,66.94,5.11,53.5,98.54,1873.57,0
2026-09-01 08:19:04,160.77,210.68,185.74,37.72,11.98,33.84,44.69,31.06,55.55,66.88,5.06,51.85,96.1,1871.43,0
2026-09-01 08:19:05,161.19,213.35,188.39,36.05,12.0,33.28,41.46,30.59,49.32,70.12,4.41,53.58,98.36,1877.44,0
2026-09-01 08:19:06,161.47,206.49,187.25,40.58,11.89,31.71,45.54,30.07,62.28,72.87,5.07,53.84,96.12,1887.87,0
2026-09-01 08:19:07,153.37,209.55,188.21,39.86,11.86,33.64,44.86,30.27,51.49,66.6,5.23,54.51,94.47,1854.24,0
2026-09-01 08:19:08,163.42,204.8,186.43,39.23,12.16,33.05,40.84,28.52,56.25,70.68,4.94,52.94,95.4,1880.44,0
2026-09-01 08:19:09,158.16,188.22,186.02,40.37,6.13,15.95,39.78,30.16,50.87,68.23,0.77,79.12,0.0,1878.14,1
2026-09-01 08:19:10,161.72,210.1,188.33,39.91,11.9,32.8,41.89,30.07,44.91,72.1,4.54,53.7,94.78,1892.55,0
2026-09-01 08:19:11,161.85,207.44,186.98,41.69,11.78,32.4,44.31,29.1,48.18,67.61,4.91,53.33,93.7,1942.01,0
2026-09-01 08:19:12,157.81,208.63,184.77,40.13,11.94,32.42,41.02,29.46,52.76,72.32,4.66,52.11,95.32,1885.09,0
2026-09-01 08:19:13,161.65,205.78,190.22,38.88,11.87,32.29,43.82,31.52,59.49,69.53,4.81,55.95,93.4,1885.5,0
2026-09-01 08:19:14,159.04,210.23,183.98,41.49,12.16,33.56,44.42,29.87,56.73,67.19,5.36,51.26,95.35,1898.36,0
2026-09-01 08:19:15,154.82,213.17,188.54,39.67,12.1,33.33,40.45,32.07,55.7,70.19,4.72,54.12,94.76,1880.98,0
2026-09-01 08:19:16,162.92,206.71,186.17,40.79,11.93,33.21,40.65,28.26,44.95,64.19,4.56,52.33,96.11,1893.57,0
2026-09-01 08:19:17,158.06,208.13,189.87,39.28,12.23,33.38,43.43,29.48,61.35,68.32,5.17,54.57,96.34,1911.03,0
2026-09-01 08:19:18,157.86,211.51,184.56,39.03,12.1,32.62,42.3,28.45,56.12,71.01,5.09,50.69,97.1,1878.92,0
2026-09-01 08:19:19,158.99,213.64,189.4,40.13,11.97,33.63,40.63,28.79,54.4,64.68,4.56,54.55,95.81,1915.11,0
2026-09-01 08:19:20,160.68,205.52,188.22,40.02,11.75,33.13,41.3,29.17,60.66,62.29,4.76,54.54,94.51,1888.44,0
2026-09-01 08:19:21,159.86,209.49,186.07,40.72,12.23,34.48,41.86,30.32,61.24,62.98,5.1,52.48,97.31,1900.42,0
2026-09-01 08:19:22,161.37,210.85,187.67,39.6,11.86,31.99,38.87,30.27,60.77,73.98,4.32,53.95,93.27,1904.94,0
2026-09-01 08:19:23,156.65,209.69,187.15,37.25,11.84,32.55,43.53,29.32,53.76,69.77,4.97,53.68,97.25,1910.75,0
2026-09-01 08:19:24,158.14,202.57,180.7,39.35,12.1,33.09,41.04,27.77,49.98,68.4,5.3,48.22,95.76,1906.98,0
2026-09-01 08:19:25,159.71,211.5,186.3,41.19,12.24,33.56,36.43,31.48,59.94,72.84,4.35,52.09,100.91,1911.97,0
2026-09-01 08:19:26,164.74,214.56,187.83,39.55,12.14,34.75,41.95,29.71,48.17,68.79,4.5,52.75,95.08,1887.41,0
2026-09-01 08:19:27,159.72,210.35,184.6,39.63,12.06,32.24,40.52,28.88,64.74,70.81,4.62,51.7,94.92,1869.83,0
2026-09-01 08:19:28,162.71,206.91,185.57,41.48,12.06,32.83,45.38,30.27,55.14,70.08,5.37,53.46,93.77,1885.84,0
2026-09-01 08:19:29,160.1,208.46,192.12,38.93,12.09,34.22,40.83,30.2,49.7,68.59,4.71,54.97,96.81,1862.22,0
2026-09-01 08:19:30,158.79,215.31,186.84,37.69,12.08,33.56,39.8,29.68,48.84,70.88,4.38,52.89,97.59,1876.98,0
2026-09-01 08:19:31,159.38,212.73,188.4,39.76,12.03,32.85,43.02,30.15,48.61,72.32,4.85,54.05,94.01,1871.61,0
2026-09-01 08:19:32,159.58,211.92,186.15,39.27,12.01,33.43,40.68,28.84,55.7,69.45,4.67,52.53,96.13,1853.46,0
2026-09-01 08:19:33,161.51,211.07,188.64,38.55,11.99,33.22,40.44,30.76,54.97,68.62,4.42,54.33,95.33,1901.63,0
2026-09-01 08:19:34,163.44,208.02,189.39,39.74,11.92,33.03,43.02,29.0,48.82,68.97,4.65,54.76,92.3,1909.83,0
2026-09-01 08:19:35,160.9,209.4,188.07,40.74,11.97,34.26,39.92,29.39,53.22,63.11,4.53,53.88,95.62,1868.47,0
2026-09-01 08:19:36,162.97,209.77,187.07,39.99,11.83,32.91,39.09,30.65,48.16,70.85,4.19,52.6,96.01,1895.74,0
2026-09-01 08:19:37,157.59,211.65,190.7,40.46,11.99,34.95,45.45,31.2,57.95,66.37,5.1,55.75,98.12,1936.0,0
2026-09-01 08:19:38,158.96,214.53,186.54,42.72,11.9,32.87,43.16,31.59,54.73,71.89,4.61,53.53,92.73,1906.52,0
2026-09-01 08:19:39,158.19,213.36,185.99,39.49,11.89,33.39,41.47,31.06,53.11,69.73,4.58,53.58,96.64,1862.03,0
2026-09-01 08:19:40,160.79,205.74,188.24,40.42,12.02,33.19,41.99,29.68,48.56,70.32,4.9,53.03,97.35,1900.43,0
2026-09-01 08:19:41,159.1,210.67,186.96,39.24,12.14,32.86,43.01,28.46,53.5,72.1,5.05,52.71,96.55,1878.97,0
2026-09-01 08:19:42,161.82,212.21,187.16,38.73,12.09,33.86,43.95,31.41,52.93,67.22,4.94,52.97,94.13,1899.71,0
2026-09-01 08:19:43,157.67,211.86,186.97,39.12,11.84,33.23,40.49,31.37,56.59,71.11,4.6,53.59,95.24,1928.4,0
2026-09-01 08:19:44,160.11,208.11,186.47,39.28,11.9,32.25,42.73,29.33,55.84,70.8,4.84,52.48,92.68,1880.71,0
2026-09-01 08:19:45,161.72,218.74,192.49,40.54,12.09,34.88,40.99,30.92,58.96,69.45,4.49,56.89,97.23,1910.11,0
2026-09-01 08:19:46,154.84,206.17,186.92,43.52,11.9,32.76,41.62,29.67,52.58,67.22,4.97,53.66,94.34,1866.76,0
2026-09-01 08:19:47,165.3,206.75,189.75,38.93,11.98,33.26,42.32,31.5,45.7,71.79,4.65,54.59,94.55,1872.12,0
2026-09-01 08:19:48,159.29,210.7,189.05,39.38,12.06,33.54,41.99,29.49,59.96,72.11,4.73,54.37,96.87,1842.12,0
2026-09-01 08:19:49,154.94,216.35,186.98,39.91,11.9,33.47,43.47,31.98,50.32,70.34,4.77,53.1,98.65,1913.99,0
2026-09-01 08:19:50,160.4,207.49,186.05,40.59,12.01,33.72,42.97,30.79,49.47,66.79,5.13,52.22,98.27,1848.2,0
2026-09-01 08:19:51,160.08,209.2,186.29,40.4,11.87,33.31,38.98,31.8,54.78,68.42,4.46,52.52,94.92,1858.68,0
2026-09-01 08:19:52,159.8,213.23,187.14,41.93,11.94,33.15,39.28,29.54,56.51,69.82,4.34,53.78,95.96,1885.72,0
2026-09-01 08:19:53,162.48,209.95,185.95,36.36,12.03,32.9,41.26,30.41,52.35,72.07,4.65,52.38,96.09,1922.08,0
2026-09-01 08:19:54,161.87,209.0,186.83,36.42,11.84,33.12,45.66,29.03,52.31,65.25,5.09,53.62,94.3,1842.94,0
2026-09-01 08:19:55,160.74,211.7,184.21,39.26,12.04,33.86,40.3,30.84,53.04,68.31,4.64,51.44,98.78,1888.26,0
2026-09-01 08:19:56,161.13,210.82,189.69,41.65,12.0,33.85,41.58,30.9,62.08,68.79,4.57,54.77,96.41,1852.29,0
2026-09-01 08:19:57,159.74,213.09,188.98,37.65,12.06,34.25,40.93,32.4,54.99,69.75,4.55,53.88,97.23,1914.18,0
2026-09-01 08:19:58,164.44,213.87,189.14,35.49,12.02,35.9,40.89,30.48,50.16,66.1,4.36,54.71,96.79,1883.91,0
2026-09-01 08:19:59,156.3,210.92,187.91,40.86,12.14,33.41,42.36,30.72,50.21,69.35,4.94,53.41,97.0,1911.5,0
2026-09-01 08:20:00,160.35,210.88,189.94,40.37,12.01,32.78,44.8,29.53,53.75,69.07,5.05,54.72,94.53,1865.02,0
2026-09-01 08:20:01,160.16,210.64,188.73,38.36,11.96,33.46,42.91,30.54,56.19,66.89,4.81,54.63,94.37,1871.05,0
2026-09-01 08:20:02,162.03,211.47,185.77,38.52,12.01,33.13,40.39,29.62,57.42,69.65,4.53,52.21,96.57,1861.38,0
2026-09-01 08:20:03,157.89,210.17,187.84,38.55,12.05,33.61,47.51,30.12,55.62,68.38,5.4,54.04,97.34,1908.93,0
2026-09-01 08:20:04,155.64,210.0,190.21,40.17,12.0,32.79,42.16,30.17,50.79,71.49,4.85,54.36,94.24,1908.3,0
2026-09-01 08:20:05,160.39,213.59,184.89,39.06,12.0,33.88,40.85,29.65,52.88,67.34,4.51,51.9,95.0,1866.61,0
2026-09-01 08:20:06,160.7,214.55,191.95,40.74,11.93,33.19,44.82,30.06,58.67,70.27,4.73,56.48,94.63,1899.09,0
2026-09-01 08:20:07,163.72,205.48,188.35,35.72,11.93,33.32,41.06,29.62,49.27,67.57,4.67,53.89,94.07,1877.47,0
2026-09-01 08:20:08,156.82,210.03,187.7,38.71,11.86,32.18,45.33,29.62,52.67,68.2,5.27,54.1,91.83,1840.56,0
2026-09-01 08:20:09,162.89,207.93,189.13,38.31,12.17,33.74,40.26,31.08,57.99,70.89,4.62,54.61,95.4,1889.4,0
2026-09-01 08:20:10,165.92,209.07,189.3,39.62,11.88,32.71,44.86,30.18,59.38,70.7,4.89,54.94,94.94,1896.37,0
2026-09-01 08:20:11,159.06,211.21,187.76,39.19,11.93,33.07,42.4,30.35,54.04,68.75,4.81,52.98,96.29,1901.19,0
2026-09-01 08:20:12,156.77,212.01,188.47,41.2,11.93,32.01,44.58,28.54,52.94,69.19,5.07,53.47,94.4,1880.46,0
2026-09-01 08:20:13,158.98,229.53,186.21,37.21,7.29,21.69,45.8,30.42,48.39,65.64,1.15,70.17,0.0,1871.89,1
2026-09-01 08:20:14,160.04,204.26,186.9,40.07,11.97,31.97,39.73,30.53,57.63,74.21,4.73,53.35,95.9,1868.75,0
2026-09-01 08:20:15,161.41,207.1,188.49,40.84,12.12,32.99,44.55,29.6,61.59,72.06,5.24,54.28,98.05,1896.7,0
2026-09-01 08:20:16,158.52,212.69,188.33,42.78,11.93,33.36,39.18,32.09,67.83,71.95,4.33,54.88,97.92,1886.9,0
2026-09-01 08:20:17,163.89,201.78,189.7,39.28,12.03,32.84,39.91,27.71,56.93,65.21,4.64,55.2,94.9,1865.73,0
2026-09-01 08:20:18,157.21,213.56,187.36,40.49,11.92,33.18,40.39,30.78,54.75,68.21,4.43,54.32,94.62,1883.99,0
2026-09-01 08:20:19,155.65,211.56,185.42,37.29,12.21,33.06,43.01,30.71,50.4,69.0,5.24,51.58,95.84,1892.67,0
2026-09-01 08:20:20,162.77,213.95,189.98,36.41,11.88,34.09,42.07,30.54,45.61,64.21,4.54,54.96,97.29,1892.96,0
2026-09-01 08:20:21,154.31,209.4,190.79,41.27,12.03,33.34,41.67,30.18,55.88,72.67,4.75,55.13,95.59,1877.96,0
2026-09-01 08:20:22,159.49,203.82,187.72,39.99,12.06,32.44,42.29,30.55,66.75,74.36,4.92,54.09,96.86,1902.82,0
2026-09-01 08:20:23,167.79,211.29,187.26,41.77,12.04,32.42,43.18,30.87,61.35,76.19,4.73,53.66,97.31,1862.07,0
2026-09-01 08:20:24,159.97,213.82,188.55,37.94,11.98,33.88,43.34,29.27,60.58,66.86,4.76,54.52,97.99,1878.66,0
2026-09-01 08:20:25,157.2,212.77,192.41,40.78,11.99,33.92,44.19,30.3,56.23,70.35,4.71,56.24,93.67,1896.22,0
2026-09-01 08:20:26,159.86,208.01,187.97,42.8,12.0,32.05,45.64,29.82,56.8,73.97,5.1,53.93,97.44,1883.7,0
2026-09-01 08:20:27,159.87,210.26,186.03,40.63,11.99,32.86,41.96,28.91,42.88,69.24,4.85,52.09,92.96,1879.05,0
2026-09-01 08:20:28,160.4,208.4,191.5,40.41,12.1,33.77,40.96,30.72,58.81,68.3,4.64,55.97,95.05,1862.39,0
2026-09-01 08:20:29,161.66,207.54,187.0,40.01,12.22,34.31,43.23,29.44,52.1,64.4,5.28,52.39,97.43,1851.47,0
2026-09-01 08:20:30,157.4,212.87,184.37,37.64,11.94,32.26,39.71,28.5,51.49,73.4,4.47,51.57,95.52,1863.39,0
2026-09-01 08:20:31,164.22,206.41,188.43,42.03,11.86,32.91,40.64,29.46,53.38,69.94,4.49,55.18,97.16,1900.48,0
2026-09-01 08:20:32,160.61,207.32,186.02,39.08,11.99,32.96,44.0,29.2,53.21,67.81,5.28,52.56,96.0,1863.91,0
2026-09-01 08:20:33,161.82,206.69,190.69,40.76,12.26,34.39,41.75,31.03,51.41,70.85,4.89,55.02,98.01,1876.91,0
2026-09-01 08:20:34,158.43,205.53,189.86,37.66,11.92,31.81,39.58,30.15,55.07,70.46,4.61,55.69,95.64,1916.63,0
2026-09-01 08:20:35,163.22,210.44,189.78,38.23,12.16,33.6,39.02,31.38,52.21,70.5,4.38,53.75,99.04,1897.28,0
2026-09-01 08:20:36,159.36,213.48,184.11,42.15,12.17,34.22,42.1,29.33,55.5,69.35,4.89,51.04,96.25,1873.57,0
2026-09-01 08:20:37,160.69,209.45,187.34,39.48,11.94,32.27,44.28,30.87,47.56,74.87,5.06,53.1,93.11,1871.58,0
2026-09-01 08:20:38,157.67,205.48,188.88,42.18,12.06,33.64,44.26,32.84,53.93,69.6,5.47,54.94,96.6,1905.25,0
2026-09-01 08:20:39,157.51,212.52,188.84,39.88,12.16,33.06,42.22,30.36,49.52,74.86,4.81,54.39,97.43,1869.47,0
2026-09-01 08:20:40,161.72,215.06,185.6,37.24,11.96,33.68,46.02,30.86,51.79,71.69,4.99,51.7,95.43,1876.33,0
2026-09-01 08:20:41,158.89,208.06,185.84,41.34,11.98,32.93,41.79,30.69,55.72,71.05,4.98,52.18,98.29,1872.31,0
2026-09-01 08:20:42,157.87,208.56,185.81,39.12,11.94,33.53,41.72,28.58,46.98,69.66,4.84,52.71,96.8,1908.79,0
2026-09-01 08:20:43,158.39,211.55,184.08,41.05,11.9,32.41,36.87,30.59,50.89,72.92,4.26,51.26,92.36,1875.73,0
2026-09-01 08:20:44,161.75,214.87,186.88,40.04,11.94,33.2,41.11,30.31,57.84,70.34,4.37,53.68,94.73,1869.26,0
2026-09-01 08:20:45,158.43,208.44,187.02,37.69,11.88,33.4,43.7,29.74,47.93,67.2,5.14,53.06,95.76,1889.54,0
2026-09-01 08:20:46,159.71,206.0,190.54,40.25,12.0,33.48,45.13,29.12,63.89,67.1,5.25,55.33,96.66,1914.54,0
2026-09-01 08:20:47,160.04,211.89,186.58,43.29,11.92,32.63,40.34,30.69,61.02,71.27,4.56,53.95,97.03,1851.04,0
2026-09-01 08:20:48,155.21,212.4,188.61,40.74,12.02,33.73,42.92,29.03,52.53,67.28,5.1,53.7,98.46,1882.26,0
2026-09-01 08:20:49,156.32,210.02,184.03,39.91,11.84,32.79,44.09,32.13,51.06,69.81,5.17,51.52,95.35,1858.67,0
2026-09-01 08:20:50,160.84,208.33,186.81,41.61,12.03,32.73,42.02,30.11,56.01,73.17,4.82,52.61,97.18,1903.88,0
2026-09-01 08:20:51,158.16,212.98,188.52,40.32,12.08,33.39,37.43,28.78,47.76,70.91,4.39,53.1,94.59,1852.75,0
2026-09-01 08:20:52,162.64,211.58,186.0,40.31,11.8,33.27,42.49,29.49,44.99,67.83,4.67,52.59,93.4,1891.14,0
2026-09-01 08:20:53,162.42,207.69,185.74,38.36,12.04,32.56,43.52,29.72,52.7,74.23,4.94,51.86,95.47,1860.15,0
2026-09-01 08:20:54,161.8,210.15,187.8,40.35,12.12,33.66,40.11,32.41,54.33,71.64,4.45,53.96,94.83,1907.6,0
2026-09-01 08:20:55,164.55,205.94,188.41,41.55,11.88,33.05,41.49,29.12,55.47,73.05,4.54,54.64,96.16,1923.04,0
2026-09-01 08:20:56,159.79,212.06,189.8,38.75,12.17,34.73,39.69,29.88,51.93,63.2,4.56,54.63,97.53,1899.18,0
2026-09-01 08:20:57,161.62,209.21,187.71,42.14,12.04,33.59,36.86,29.46,61.37,70.99,4.2,53.73,99.1,1873.62,0
2026-09-01 08:20:58,158.54,208.69,188.61,39.86,11.93,32.34,44.05,30.5,47.52,72.53,4.91,53.86,96.41,1850.29,0
2026-09-01 08:20:59,166.13,209.9,189.53,38.67,11.99,32.4,41.99,29.48,49.31,75.1,4.47,54.62,96.44,1878.12,0
2026-09-01 08:21:00,164.96,210.12,188.03,41.5,12.06,34.35,45.2,28.86,57.43,65.61,5.04,52.72,98.8,1879.4,0
2026-09-01 08:21:01,160.03,212.68,186.38,39.57,12.01,32.68,43.71,29.8,49.19,73.62,4.98,52.34,94.98,1920.65,0
2026-09-01 08:21:02,160.97,211.77,187.49,41.14,12.05,31.97,41.29,29.7,49.0,74.93,4.64,52.34,93.69,1876.61,0
2026-09-01 08:21:03,163.4,209.53,188.35,39.56,11.91,33.66,41.83,29.41,55.62,63.95,4.6,54.36,96.66,1859.62,0
2026-09-01 08:21:04,159.63,212.29,189.24,39.91,12.02,33.33,43.13,29.46,49.73,71.44,4.78,53.78,96.76,1877.82,0
2026-09-01 08:21:05,158.36,211.2,188.77,40.74,11.86,32.48,43.93,31.18,54.33,71.85,4.86,54.53,94.67,1865.94,0
2026-09-01 08:21:06,162.18,208.72,187.89,40.44,11.99,32.88,42.65,29.68,51.5,69.02,4.69,53.23,95.19,1871.64,0
2026-09-01 08:21:07,160.2,209.63,189.05,37.01,11.91,33.02,44.21,28.87,50.69,68.53,4.93,55.01,94.2,1916.68,0
2026-09-01 08:21:08,160.46,209.56,186.63,38.32,11.93,32.07,41.41,29.54,44.49,72.0,4.49,53.53,95.4,1856.38,0
2026-09-01 08:21:09,157.91,211.52,187.59,41.39,12.12,33.86,40.01,30.05,55.7,68.16,4.82,53.66,97.31,1892.44,0
2026-09-01 08:21:10,155.71,208.9,185.78,39.8,12.11,33.32,41.87,28.66,48.76,69.35,5.06,52.3,97.93,1866.84,0
2026-09-01 08:21:11,160.59,208.83,187.74,39.21,12.06,33.71,42.41,31.63,54.16,72.44,4.92,53.44,94.32,1872.34,0
2026-09-01 08:21:12,162.26,215.91,189.32,37.96,11.89,32.64,39.6,30.87,52.44,75.26,3.95,54.48,96.78,1872.63,0
2026-09-01 08:21:13,159.44,212.82,187.31,38.38,11.97,33.94,39.33,31.43,53.97,71.61,4.39,52.64,95.45,1853.39,0
2026-09-01 08:21:14,163.59,207.72,187.68,36.97,12.12,33.72,42.89,30.39,54.25,70.4,4.8,53.36,97.07,1884.44,0
2026-09-01 08:21:15,158.24,211.71,185.36,39.85,12.01,32.69,41.19,27.91,55.97,68.45,4.76,52.11,95.0,1827.4,0
2026-09-01 08:21:16,157.36,210.36,187.71,39.1,12.23,34.17,41.67,31.54,51.36,66.97,5.11,52.99,98.56,1866.44,0
2026-09-01 08:21:17,159.83,211.17,187.58,38.55,12.04,32.45,41.28,29.14,61.21,73.33,4.68,53.48,99.08,1878.24,0
2026-09-01 08:21:18,159.79,210.41,186.14,39.9,12.02,32.24,45.04,29.22,45.76,69.54,5.23,51.58,97.34,1883.79,0
2026-09-01 08:21:19,161.92,213.57,188.11,40.55,11.97,33.57,44.52,30.16,53.87,73.45,4.76,53.42,95.09,1882.72,0
2026-09-01 08:21:20,158.06,211.04,187.16,43.14,12.01,33.57,39.53,31.38,59.18,69.01,4.5,54.08,93.47,1849.42,0
2026-09-01 08:21:21,163.42,209.81,187.3,37.73,11.98,33.93,40.93,31.05,57.38,68.05,4.61,54.31,94.96,1863.56,0
2026-09-01 08:21:22,164.92,213.13,187.59,41.74,12.07,33.83,43.7,30.91,50.13,71.26,4.69,52.51,95.74,1874.58,0
2026-09-01 08:21:23,159.9,210.7,185.96,41.46,12.1,32.73,43.2,29.69,50.96,69.77,4.99,51.88,97.39,1856.64,0
2026-09-01 08:21:24,163.12,210.36,187.28,38.83,11.92,33.64,41.92,29.67,49.97,66.38,4.75,52.61,94.39,1875.1,0
2026-09-01 08:21:25,157.36,210.94,187.34,40.3,11.87,32.41,39.72,30.35,58.0,75.45,4.44,53.9,93.77,1882.25,0
2026-09-01 08:21:26,162.69,209.72,188.98,39.31,11.82,33.41,40.63,29.87,51.3,68.12,4.26,54.7,94.0,1860.5,0
2026-09-01 08:21:27,162.62,210.03,189.36,40.28,12.05,33.7,40.97,30.89,56.28,72.78,4.52,54.51,96.33,1884.09,0
2026-09-01 08:21:28,162.16,208.24,187.21,42.26,11.89,32.61,42.55,30.83,56.32,72.53,4.71,53.45,94.64,1866.08,0
2026-09-01 08:21:29,159.96,207.75,187.53,40.91,11.78,32.0,45.41,30.59,66.84,66.22,5.07,54.73,93.68,1854.76,0
2026-09-01 08:21:30,152.61,207.0,190.49,40.76,12.04,33.03,40.63,27.47,56.57,66.99,4.9,55.53,94.27,1897.43,0
2026-09-01 08:21:31,158.4,205.82,188.96,39.35,12.25,33.66,39.95,30.13,50.94,69.1,4.99,53.86,98.68,1861.27,0
2026-09-01 08:21:32,158.44,207.36,188.61,37.77,12.0,34.02,41.78,29.89,47.7,67.4,5.02,54.29,94.44,1842.15,0
2026-09-01 08:21:33,157.55,209.48,188.69,39.69,12.08,33.35,44.06,30.17,53.62,75.18,5.06,53.8,98.05,1860.56,0
2026-09-01 08:21:34,160.31,210.31,190.55,41.81,12.01,33.73,39.11,29.25,54.4,69.4,4.38,55.05,97.73,1875.61,0
2026-09-01 08:21:35,158.95,209.19,189.37,37.71,11.99,31.96,44.91,28.68,43.95,72.67,4.92,54.48,94.07,1877.33,0
2026-09-01 08:21:36,157.94,202.93,188.3,38.42,12.09,32.21,41.66,30.46,51.43,71.54,5.18,53.36,99.35,1848.77,0
2026-09-01 08:21:37,157.35,214.72,189.88,40.19,11.97,33.43,40.53,29.64,56.49,70.79,4.39,54.99,97.41,1882.86,0
2026-09-01 08:21:38,158.21,213.26,186.05,38.52,12.03,32.89,38.8,30.57,52.34,70.12,4.38,52.22,96.46,1869.43,0
2026-09-01 08:21:39,162.8,211.34,185.34,38.81,12.03,33.09,43.41,29.33,59.84,73.71,4.89,53.05,94.77,1841.16,0
2026-09-01 08:21:40,158.35,215.72,187.97,39.36,11.93,34.25,41.66,31.42,47.21,67.52,4.59,53.79,91.65,1836.58,0
2026-09-01 08:21:41,158.71,207.07,187.53,37.95,12.1,33.21,42.34,31.0,58.38,75.18,4.98,53.0,96.8,1874.18,0
2026-09-01 08:21:42,158.86,215.66,186.69,38.54,11.98,34.41,40.2,30.3,59.57,66.14,4.54,53.28,96.05,1863.36,0
2026-09-01 08:21:43,160.85,207.1,188.3,41.06,11.92,32.29,41.36,29.79,59.78,72.34,4.65,54.56,96.72,1852.02,0
2026-09-01 08:21:44,161.14,210.72,184.14,38.04,12.05,33.89,41.03,30.85,47.17,65.78,4.87,50.53,93.47,1857.2,0
2026-09-01 08:21:45,152.39,206.18,185.95,37.6,11.91,31.98,41.8,30.39,56.57,69.05,4.94,53.0,96.75,1867.58,0
2026-09-01 08:21:46,162.55,210.04,185.73,39.05,12.0,33.28,40.66,30.24,51.66,70.28,4.72,52.2,97.71,1866.99,0
2026-09-01 08:21:47,163.59,211.16,184.39,41.1,12.0,32.73,38.93,31.04,47.97,68.54,4.39,50.79,96.63,1866.91,0
2026-09-01 08:21:48,157.37,209.54,189.61,39.7,12.11,33.56,47.46,31.43,52.93,69.45,5.61,53.86,0.0,1866.27,1
2026-09-01 08:21:49,157.57,212.14,185.54,39.3,12.05,33.82,39.27,28.75,50.48,65.84,4.66,52.54,96.03,1908.56,0
2026-09-01 08:21:50,158.87,210.3,186.41,40.07,12.0,33.49,42.36,28.95,59.6,67.04,4.76,52.75,94.25,1858.81,0
2026-09-01 08:21:51,158.11,208.43,187.1,37.38,12.08,33.14,38.46,29.22,57.57,71.49,4.52,53.6,94.67,1883.52,0
2026-09-01 08:21:52,160.56,208.3,189.65,40.74,12.14,32.83,38.01,28.5,49.24,70.09,4.23,54.42,95.34,1881.01,0
2026-09-01 08:21:53,155.13,212.43,186.65,40.58,12.06,32.93,42.2,29.94,51.38,67.93,5.02,52.43,96.78,1857.1,0
2026-09-01 08:21:54,157.21,208.04,188.86,39.39,12.0,32.72,42.35,30.6,53.1,73.97,4.88,54.42,94.76,1834.67,0
2026-09-01 08:21:55,163.85,212.75,189.37,41.51,11.87,33.35,44.52,29.98,54.64,66.34,4.63,55.06,94.6,1860.12,0
2026-09-01 08:21:56,157.68,213.67,190.27,38.31,11.89,32.71,42.8,29.47,60.03,68.92,4.65,56.04,96.14,1835.24,0
2026-09-01 08:21:57,163.11,204.99,189.52,41.69,11.97,33.39,41.7,31.13,58.45,68.48,4.71,55.03,95.75,1832.08,0
2026-09-01 08:21:58,160.89,213.4,186.56,40.23,11.94,32.98,40.1,30.14,55.26,71.85,4.37,52.96,94.92,1858.02,0
2026-09-01 08:21:59,155.48,216.18,186.39,39.5,11.98,34.25,45.0,30.34,53.7,70.14,4.86,53.34,95.64,1869.62,0
2026-09-01 08:22:00,161.59,195.24,185.43,39.97,7.39,19.98,43.86,31.15,46.13,69.68,1.41,69.13,0.0,1863.75,1
2026-09-01 08:22:01,159.71,211.8,186.27,39.84,12.05,34.12,39.51,29.88,61.46,64.47,4.53,52.71,98.37,1835.29,0
2026-09-01 08:22:02,158.86,213.11,189.85,41.83,11.99,33.17,42.08,32.06,52.76,72.6,4.53,54.74,92.27,1843.49,0
2026-09-01 08:22:03,160.61,209.17,187.41,38.38,12.05,33.57,42.29,29.55,62.77,69.35,4.81,54.24,95.66,1870.7,0
2026-09-01 08:22:04,161.19,210.55,188.88,38.86,12.01,33.59,41.31,32.0,55.98,70.35,4.53,54.96,96.07,1879.98,0
2026-09-01 08:22:05,161.77,206.06,189.85,41.55,11.8,32.42,43.54,29.03,65.13,67.75,4.84,55.84,97.46,1850.84,0
2026-09-01 08:22:06,162.95,210.42,183.57,39.11,11.91,33.21,43.66,30.52,58.03,67.28,4.71,51.7,94.97,1866.86,0
2026-09-01 08:22:07,161.02,211.49,188.99,41.35,11.99,32.48,41.62,29.36,47.84,74.5,4.7,54.22,95.28,1871.43,0
2026-09-01 08:22:08,156.56,211.55,188.19,42.55,11.88,33.62,41.44,31.12,51.93,64.68,4.69,53.62,94.68,1901.73,0
2026-09-01 08:22:09,158.82,213.2,187.66,39.4,12.06,34.72,45.0,29.52,54.15,66.84,5.11,53.62,96.3,1898.68,0
2026-09-01 08:22:10,167.36,207.68,186.94,41.02,12.15,33.42,43.87,30.29,50.63,74.44,4.97,51.73,97.55,1878.89,0
2026-09-01 08:22:11,161.81,208.4,187.28,38.27,12.12,32.98,42.14,29.35,53.11,71.92,4.99,53.35,97.53,1825.94,0
2026-09-01 08:22:12,165.92,215.69,186.98,41.13,11.98,34.03,38.74,30.94,48.17,69.02,4.05,53.11,95.54,1896.31,0
2026-09-01 08:22:13,163.49,209.55,191.93,40.3,12.15,32.73,42.69,29.34,55.03,73.74,4.75,54.56,99.99,1876.1,0
2026-09-01 08:22:14,160.6,210.6,190.55,40.71,12.01,32.77,43.4,31.68,56.19,71.34,4.74,54.97,96.17,1853.55,0
2026-09-01 08:22:15,160.75,209.8,185.71,39.03,11.97,33.01,36.49,29.0,49.98,70.7,4.21,51.55,97.46,1905.86,0
2026-09-01 08:22:16,159.91,207.53,187.66,37.51,11.94,32.76,42.5,28.65,64.7,70.68,4.87,53.82,95.62,1860.05,0
2026-09-01 08:22:17,155.66,214.87,187.38,40.75,11.97,33.32,41.17,30.95,55.32,71.4,4.54,53.57,95.13,1909.23,0
2026-09-01 08:22:18,160.05,208.42,186.12,36.9,11.96,33.13,41.56,29.41,50.92,71.52,4.78,53.26,96.39,1843.56,0
2026-09-01 08:22:19,163.03,206.62,186.9,39.52,12.02,32.26,40.19,29.99,46.85,76.59,4.4,52.9,92.52,1857.51,0
2026-09-01 08:22:20,158.5,208.65,183.44,41.41,12.02,33.14,41.7,29.68,55.3,69.42,4.94,50.89,95.89,1824.82,0
2026-09-01 08:22:21,161.03,203.99,186.52,40.29,12.0,32.5,44.78,28.69,53.7,69.51,5.2,53.13,91.63,1856.66,0
2026-09-01 08:22:22,162.13,208.05,187.03,42.92,12.04,32.66,41.11,29.92,58.92,66.29,4.8,53.56,94.5,1889.95,0
2026-09-01 08:22:23,157.73,207.1,187.62,41.54,12.12,33.82,43.93,31.26,54.28,69.84,5.37,53.84,95.74,1854.64,0
2026-09-01 08:22:24,158.87,211.85,188.5,39.02,12.09,32.55,40.39,31.0,49.03,75.59,4.43,53.91,96.72,1848.94,0
2026-09-01 08:22:25,157.46,207.98,187.46,40.04,11.85,32.2,43.52,30.23,63.35,72.95,4.95,54.25,95.31,1890.61,0
2026-09-01 08:22:26,157.94,212.66,187.08,39.93,11.74,32.61,42.0,31.11,57.18,68.37,4.55,53.37,91.5,1868.62,0
2026-09-01 08:22:27,156.78,214.2,188.05,37.63,12.09,33.48,42.7,28.94,53.73,70.09,4.78,54.08,95.99,1868.05,0
2026-09-01 08:22:28,157.75,212.34,184.44,38.59,11.86,33.78,42.01,29.67,55.82,66.11,4.76,51.96,94.39,1843.28,0
2026-09-01 08:22:29,163.55,209.35,186.79,39.16,11.98,33.85,43.28,30.4,57.37,67.09,4.91,52.89,98.89,1844.89,0
2026-09-01 08:22:30,157.71,210.42,185.99,36.95,11.88,32.89,36.86,29.87,47.86,70.45,4.24,51.72,94.96,1860.06,0
2026-09-01 08:22:31,160.32,205.43,187.58,40.07,11.82,32.39,39.16,29.75,55.79,68.52,4.47,53.56,92.68,1826.3,0
2026-09-01 08:22:32,158.74,209.6,190.08,39.63,12.05,33.41,42.83,28.8,52.75,66.87,4.92,54.96,97.72,1880.87,0
2026-09-01 08:22:33,162.95,207.42,188.51,37.49,12.08,32.68,37.91,27.92,57.54,71.47,4.29,53.9,96.2,1877.01,0
2026-09-01 08:22:34,163.28,212.08,187.79,40.61,11.94,33.77,40.94,30.82,51.3,69.75,4.38,54.02,96.65,1873.01,0
2026-09-01 08:22:35,162.16,217.72,186.96,41.07,11.74,33.73,41.89,30.24,51.98,65.3,4.33,54.3,95.4,1838.15,0
2026-09-01 08:22:36,160.77,194.14,185.22,40.34,6.25,17.37,40.34,30.9,63.31,63.77,0.67,76.62,0.0,1878.56,1
2026-09-01 08:22:37,159.42,204.03,185.89,39.51,12.04,32.75,40.62,29.56,61.15,68.29,4.91,52.35,95.7,1847.36,0
2026-09-01 08:22:38,157.02,208.92,184.51,40.89,11.85,33.25,42.54,29.29,38.52,65.24,5.15,51.27,94.25,1889.17,0
2026-09-01 08:22:39,164.86,210.37,189.45,41.02,12.02,34.58,44.02,30.01,60.78,64.39,4.84,55.51,97.47,1858.13,0
2026-09-01 08:22:40,158.1,210.26,186.73,40.46,12.0,32.74,40.08,30.85,54.63,73.39,4.67,52.69,98.42,1865.7,0
2026-09-01 08:22:41,161.66,207.81,186.3,38.76,12.06,33.42,40.85,29.77,51.46,69.71,4.79,52.56,98.97,1876.68,0
2026-09-01 08:22:42,162.65,210.74,187.31,40.41,12.01,33.99,40.54,30.8,49.96,69.2,4.65,52.67,95.78,1869.96,0
2026-09-01 08:22:43,158.61,206.27,186.79,41.79,11.9,33.13,37.16,28.99,50.25,69.43,4.08,53.03,97.51,1799.79,0
2026-09-01 08:22:44,162.6,207.17,187.4,39.11,12.12,33.51,42.28,29.84,51.6,66.59,4.98,53.05,97.52,1829.29,0
2026-09-01 08:22:45,161.91,211.94,189.21,43.15,11.98,33.58,43.87,29.93,49.36,71.23,4.85,54.15,95.33,1848.0,0
2026-09-01 08:22:46,164.32,206.95,185.83,39.21,12.0,33.55,44.03,31.23,48.23,69.61,5.08,52.82,94.8,1871.76,0
2026-09-01 08:22:47,158.83,211.61,184.02,40.05,11.91,33.46,40.26,30.21,49.8,67.73,4.72,51.84,95.96,1897.91,0
2026-09-01 08:22:48,156.79,205.89,186.57,38.99,11.96,32.83,39.5,31.75,56.62,68.18,4.77,53.0,98.03,1857.32,0
2026-09-01 08:22:49,158.74,215.29,187.79,40.33,11.91,33.53,42.04,28.65,55.25,66.32,4.64,53.79,97.12,1879.53,0
2026-09-01 08:22:50,160.52,207.68,189.09,37.39,11.98,33.0,43.66,30.13,57.78,68.78,4.87,54.96,94.67,1876.79,0
2026-09-01 08:22:51,160.15,209.33,182.59,39.18,12.17,33.57,42.31,30.18,54.67,69.28,4.99,50.2,97.9,1836.33,0
2026-09-01 08:22:52,159.02,210.99,186.33,38.36,11.86,32.64,42.58,30.62,48.47,68.7,4.86,52.8,93.64,1862.92,0
2026-09-01 08:22:53,155.23,208.3,187.33,40.2,11.84,32.7,44.28,29.19,57.47,70.17,5.06,53.63,95.02,1850.91,0
2026-09-01 08:22:54,161.18,210.43,187.55,41.49,12.15,34.0,40.52,31.68,49.98,69.76,4.67,53.18,97.88,1844.44,0
2026-09-01 08:22:55,164.93,211.73,188.18,40.97,11.98,34.08,41.56,30.01,58.23,70.69,4.55,53.87,96.3,1896.75,0
2026-09-01 08:22:56,161.16,212.88,186.31,36.44,11.93,32.34,45.27,28.91,49.17,72.83,4.91,52.39,96.95,1870.23,0
2026-09-01 08:22:57,161.52,212.37,186.95,43.06,12.1,33.48,41.61,29.98,51.56,71.78,4.62,52.87,95.74,1845.78,0
2026-09-01 08:22:58,161.43,209.48,188.64,40.44,11.94,32.66,39.47,29.69,53.19,72.86,4.2,54.3,97.51,1850.45,0
2026-09-01 08:22:59,160.99,209.56,187.63,38.84,12.18,34.73,40.66,32.78,58.37,67.46,4.75,53.33,96.9,1864.87,0
2026-09-01 08:23:00,162.33,217.05,189.22,40.24,12.07,34.74,40.12,31.05,55.88,68.47,4.32,53.69,94.83,1869.54,0
2026-09-01 08:23:01,160.99,212.85,188.58,40.26,11.95,32.52,42.71,30.05,55.1,71.96,4.69,54.37,97.11,1822.83,0
2026-09-01 08:23:02,159.22,207.23,188.69,39.0,12.22,33.72,40.21,29.89,64.43,72.01,4.77,53.37,98.43,1888.53,0
2026-09-01 08:23:03,158.01,210.3,187.87,40.3,11.94,33.68,42.54,30.95,45.82,67.96,4.86,53.81,96.96,1865.88,0
2026-09-01 08:23:04,159.38,208.99,186.45,39.09,12.07,32.49,40.53,31.0,49.81,71.83,4.61,52.22,96.82,1843.24,0
2026-09-01 08:23:05,160.79,209.59,187.23,39.39,12.03,33.67,37.75,27.09,49.59,67.17,4.42,53.06,92.96,1909.95,0
2026-09-01 08:23:06,159.21,206.31,187.06,38.97,12.13,32.55,42.61,30.64,46.15,71.44,5.33,52.26,95.77,1870.27,0
2026-09-01 08:23:07,160.79,208.76,190.26,37.85,12.16,33.77,42.3,30.03,51.4,69.92,4.95,54.71,97.43,1892.44,0
2026-09-01 08:23:08,161.1,215.43,188.47,40.22,12.0,33.86,43.04,28.69,58.44,65.85,4.81,53.76,95.94,1886.19,0
2026-09-01 08:23:09,162.08,211.74,186.66,40.88,11.92,33.36,40.65,30.88,52.04,68.7,4.52,53.77,98.08,1901.57,0
2026-09-01 08:23:10,163.21,202.53,188.49,40.77,12.05,32.26,40.44,32.25,53.33,76.55,4.57,53.63,95.17,1882.34,0
2026-09-01 08:23:11,160.2,213.65,188.47,41.23,11.93,33.49,42.8,30.56,46.39,70.61,4.59,54.17,96.75,1879.93,0
2026-09-01 08:23:12,156.73,213.27,188.78,40.49,12.2,32.72,45.04,31.1,51.02,76.9,5.21,53.14,98.5,1876.2,0
2026-09-01 08:23:13,159.14,208.92,185.84,39.2,12.01,34.21,42.02,31.8,52.69,65.67,5.03,52.2,92.5,1889.61,0
2026-09-01 08:23:14,160.11,212.15,187.93,41.26,11.96,32.99,42.85,29.17,58.21,72.25,4.66,53.71,95.68,1849.43,0
2026-09-01 08:23:15,155.41,207.42,188.92,37.96,12.02,33.44,41.36,28.14,46.63,62.4,5.02,53.65,96.32,1868.93,0
2026-09-01 08:23:16,163.47,208.59,188.64,38.65,11.87,33.34,38.91,30.66,52.72,70.0,4.22,54.57,96.87,1849.54,0
2026-09-01 08:23:17,160.36,214.5,185.72,38.55,11.9,32.63,43.93,29.75,60.43,71.89,4.8,53.12,92.66,1879.02,0
2026-09-01 08:23:18,160.95,209.18,186.7,41.62,12.12,32.82,43.82,28.63,52.77,72.51,5.12,52.79,98.13,1854.32,0
2026-09-01 08:23:19,163.41,204.39,189.01,41.41,11.93,32.47,43.42,29.92,44.42,67.6,4.98,53.69,96.06,1855.77,0
2026-09-01 08:23:20,158.42,209.81,185.82,40.73,11.9,32.15,41.64,30.73,61.4,73.12,4.56,53.11,97.12,1822.01,0
2026-09-01 08:23:21,161.44,209.76,185.11,41.61,12.05,33.05,43.19,29.85,58.67,68.4,5.18,51.79,95.48,1899.91,0
2026-09-01 08:23:22,159.73,213.6,187.11,38.68,12.12,32.92,43.79,29.21,59.35,69.51,5.09,53.8,98.12,1835.11,0
2026-09-01 08:23:23,159.54,210.04,187.7,40.52,12.07,33.39,45.24,29.78,46.28,68.7,5.24,52.64,94.9,1868.38,0
2026-09-01 08:23:24,158.07,208.74,186.61,39.81,12.1,33.57,43.98,29.98,62.56,66.59,5.18,52.92,99.92,1872.0,0
2026-09-01 08:23:25,164.16,237.23,185.79,41.27,7.4,21.28,42.13,28.07,51.13,74.71,0.93,69.36,0.0,1887.56,1
2026-09-01 08:23:26,159.06,210.36,186.15,39.83,11.86,32.84,39.38,29.86,52.45,70.14,4.3,52.49,92.66,1849.4,0
2026-09-01 08:23:27,161.75,207.75,186.81,39.42,12.15,32.67,42.31,28.66,51.49,73.26,5.06,52.81,95.88,1832.0,0
2026-09-01 08:23:28,155.31,213.46,190.31,40.81,11.97,33.09,42.51,30.66,59.73,73.13,4.7,55.95,97.19,1878.26,0
2026-09-01 08:23:29,162.95,210.58,188.73,41.31,11.97,33.79,43.42,28.44,54.1,67.1,4.76,53.9,95.75,1882.19,0
2026-09-01 08:23:30,162.63,210.01,185.74,39.0,12.13,33.65,44.71,31.01,57.41,73.65,5.15,51.99,98.59,1866.2,0
2026-09-01 08:23:31,160.24,210.53,187.77,39.91,12.06,33.31,41.81,29.59,55.38,71.51,4.71,54.03,98.83,1859.69,0
2026-09-01 08:23:32,159.43,206.79,189.47,38.41,12.05,33.6,46.2,29.46,54.52,66.88,5.37,54.61,97.83,1857.96,0
2026-09-01 08:23:33,161.0,208.42,188.79,36.25,12.22,33.19,38.48,30.29,50.27,71.35,4.41,53.43,99.16,1836.48,0
2026-09-01 08:23:34,165.72,210.01,185.91,40.3,11.94,33.74,42.84,29.13,64.06,66.93,4.78,52.84,94.0,1813.64,0
2026-09-01 08:23:35,155.59,209.42,188.92,40.91,12.09,32.2,40.4,30.28,47.68,74.82,4.74,53.61,95.59,1891.52,0
2026-09-01 08:23:36,161.96,213.82,184.38,40.39,12.01,33.05,38.19,29.27,57.06,72.44,4.32,51.66,94.27,1858.49,0
2026-09-01 08:23:37,157.72,210.65,186.81,37.08,12.03,33.3,41.6,29.44,56.88,69.79,4.67,53.38,96.26,1874.57,0
2026-09-01 08:23:38,159.95,212.56,187.76,39.47,12.15,33.48,39.09,30.41,60.77,73.79,4.33,53.58,100.15,1850.97,0
2026-09-01 08:23:39,159.38,210.03,187.68,36.67,12.05,32.63,41.68,28.86,61.94,65.25,4.79,53.47,96.03,1850.88,0
2026-09-01 08:23:40,158.93,213.17,192.94,42.05,12.05,34.14,42.07,28.74,54.31,67.75,4.73,56.38,99.08,1848.47,0
2026-09-01 08:23:41,159.97,211.19,187.98,38.37,12.11,34.28,44.24,30.25,57.65,69.24,4.95,53.22,94.43,1853.75,0
2026-09-01 08:23:42,157.16,210.04,186.0,41.88,11.96,31.29,38.98,29.97,63.82,76.71,4.39,53.07,95.03,1880.12,0
2026-09-01 08:23:43,162.57,209.96,187.95,41.42,11.92,33.56,43.82,30.17,54.67,66.79,4.98,54.86,93.95,1860.14,0
2026-09-01 08:23:44,155.51,207.14,189.18,38.65,11.9,33.13,42.2,30.33,49.67,64.88,4.99,55.49,95.82,1891.03,0
2026-09-01 08:23:45,161.35,211.52,188.87,38.3,11.8,33.42,44.06,30.06,53.08,65.67,4.82,54.84,94.96,1834.61,0
2026-09-01 08:23:46,159.18,209.88,186.14,40.53,12.21,33.82,41.14,30.61,48.48,72.72,4.88,51.23,95.11,1853.65,0
2026-09-01 08:23:47,157.07,208.49,185.11,38.73,11.89,32.79,39.34,30.1,56.86,68.22,4.74,52.78,93.88,1856.04,0
2026-09-01 08:23:48,160.51,213.32,186.49,40.15,11.98,32.62,39.57,27.99,60.32,69.52,4.29,53.48,97.55,1871.56,0
2026-09-01 08:23:49,156.11,206.25,187.46,39.28,11.97,31.73,39.42,28.25,54.39,72.29,4.63,54.59,97.22,1842.9,0
2026-09-01 08:23:50,160.1,208.73,186.37,37.33,12.03,33.13,42.96,31.93,46.9,69.53,4.94,52.37,94.99,1879.87,0
2026-09-01 08:23:51,156.44,213.08,190.02,36.65,12.08,32.7,44.95,30.0,60.11,70.61,5.05,54.89,95.53,1869.41,0
2026-09-01 08:23:52,161.15,210.95,188.18,40.34,12.09,33.25,40.87,30.95,46.12,71.61,4.51,52.86,96.51,1888.58,0
2026-09-01 08:23:53,157.69,209.86,188.75,39.16,11.94,33.28,43.26,29.65,47.27,68.71,4.96,54.34,94.22,1846.33,0
2026-09-01 08:23:54,158.87,210.75,185.61,39.17,11.98,33.17,38.95,29.94,54.11,69.5,4.38,52.28,96.47,1823.1,0
2026-09-01 08:23:55,160.73,210.54,190.04,41.04,12.03,33.3,42.36,29.55,56.26,70.73,4.61,54.92,95.92,1875.57,0
2026-09-01 08:23:56,158.07,205.45,183.57,41.76,11.98,32.37,43.34,32.47,57.11,72.6,5.02,51.1,97.26,1878.08,0
2026-09-01 08:23:57,159.86,208.95,188.76,39.59,12.16,33.88,39.1,30.25,54.67,67.62,4.54,54.73,96.91,1809.77,0
2026-09-01 08:23:58,156.22,214.85,188.89,39.49,12.05,34.84,41.59,29.47,63.8,60.94,4.83,54.49,97.73,1867.29,0
2026-09-01 08:23:59,161.58,208.02,186.14,40.75,12.07,32.99,43.43,28.35,55.33,72.04,5.06,52.81,95.81,1862.12,0
2026-09-01 08:24:00,164.41,209.05,189.79,37.96,12.07,33.65,36.13,31.97,60.17,72.78,3.93,55.15,95.78,1844.93,0
2026-09-01 08:24:01,166.98,208.38,187.38,40.33,12.12,33.13,44.67,29.84,58.93,70.6,4.95,52.46,96.87,1886.84,0
2026-09-01 08:24:02,160.23,209.74,187.22,40.83,12.02,33.0,42.71,30.74,48.54,70.8,4.84,53.85,93.81,1847.16,0
2026-09-01 08:24:03,161.97,208.25,188.84,41.02,11.87,33.34,43.43,30.86,54.15,68.31,4.75,53.84,94.85,1889.59,0
2026-09-01 08:24:04,155.55,211.46,191.34,37.09,12.04,32.77,41.17,29.54,65.62,71.5,4.8,55.87,97.97,1874.19,0
2026-09-01 08:24:05,163.76,210.59,189.2,38.86,11.93,32.78,38.55,30.67,52.48,72.56,4.02,54.35,93.77,1869.66,0
2026-09-01 08:24:06,161.94,212.32,189.32,38.68,11.95,33.5,43.07,29.4,51.63,70.17,4.58,54.27,97.06,1864.93,0
2026-09-01 08:24:07,158.79,206.85,186.37,40.15,12.06,32.11,41.83,29.01,55.85,77.47,4.87,52.64,96.58,1869.78,0
2026-09-01 08:24:08,163.09,208.98,187.68,40.72,12.12,34.0,42.06,31.16,52.66,65.31,4.8,52.89,97.26,1843.15,0
2026-09-01 08:24:09,159.36,209.32,186.47,42.25,12.0,32.36,44.18,29.84,51.03,70.49,5.12,53.22,96.63,1831.02,0
2026-09-01 08:24:10,158.85,211.37,188.87,39.26,12.03,33.4,43.52,30.52,52.58,66.48,4.84,54.36,95.8,1888.83,0
2026-09-01 08:24:11,161.19,207.62,186.57,39.25,12.17,33.41,45.84,30.41,62.16,72.64,5.4,52.66,97.9,1843.4,0
2026-09-01 08:24:12,157.34,212.75,185.55,41.72,12.02,33.57,42.31,30.64,54.32,65.26,4.94,51.91,95.84,1850.38,0
2026-09-01 08:24:13,162.55,213.56,188.83,40.44,12.26,34.38,40.62,28.44,48.36,66.0,4.6,53.12,97.18,1827.67,0
2026-09-01 08:24:14,157.36,207.03,185.73,41.9,12.06,32.5,41.62,29.41,47.44,68.1,5.04,51.57,98.23,1866.78,0
2026-09-01 08:24:15,157.37,208.53,187.49,40.43,11.82,32.25,42.83,29.68,66.03,70.8,4.79,53.99,92.75,1833.1,0
2026-09-01 08:24:16,157.73,208.4,185.81,38.26,12.08,33.02,44.03,29.17,53.88,68.21,5.24,52.63,95.86,1862.55,0
2026-09-01 08:24:17,161.9,217.9,187.48,38.0,12.04,34.41,39.07,30.43,57.17,68.24,4.26,53.35,97.55,1847.6,0
2026-09-01 08:24:18,158.46,208.71,188.19,37.67,12.13,33.75,42.02,31.19,51.14,69.46,5.08,53.57,95.64,1858.61,0
2026-09-01 08:24:19,156.63,215.03,187.79,40.99,12.07,33.08,45.22,31.35,56.6,69.27,4.94,53.62,96.28,1887.63,0
2026-09-01 08:24:20,158.49,206.2,187.06,41.78,11.99,32.21,41.52,29.66,62.3,74.46,4.82,54.21,93.83,1831.11,0
2026-09-01 08:24:21,159.92,207.03,188.39,42.77,11.88,32.35,43.86,30.29,51.74,72.06,4.84,54.53,94.4,1843.37,0
2026-09-01 08:24:22,157.05,207.94,187.76,41.26,11.98,33.47,42.99,30.45,57.29,69.03,5.02,53.96,93.68,1838.23,0
2026-09-01 08:24:23,157.12,207.46,185.58,41.74,11.91,31.42,43.91,30.62,47.97,76.29,5.11,53.11,94.24,1863.44,0
2026-09-01 08:24:24,165.28,209.2,187.72,39.13,11.94,33.06,40.38,29.12,65.11,71.47,4.56,54.0,95.78,1861.73,0
2026-09-01 08:24:25,157.85,207.87,189.82,38.27,12.06,33.86,40.39,31.82,56.34,67.09,4.7,54.74,96.39,1849.05,0
2026-09-01 08:24:26,159.19,207.54,187.77,41.28,12.17,33.08,42.04,30.93,52.94,70.77,5.03,53.42,99.0,1876.78,0
2026-09-01 08:24:27,159.08,213.48,188.27,40.63,12.04,33.86,38.94,30.95,53.51,71.61,4.27,54.13,97.4,1853.72,0
2026-09-01 08:24:28,158.95,213.67,189.35,40.16,11.88,33.74,41.46,31.2,52.45,67.94,4.42,54.43,94.5,1840.82,0
2026-09-01 08:24:29,161.55,212.85,187.44,40.58,12.04,33.91,42.51,30.53,52.71,66.84,4.7,53.23,97.79,1879.29,0
2026-09-01 08:24:30,162.37,211.57,188.26,40.48,12.12,33.18,45.57,28.97,42.76,70.26,5.07,53.07,96.75,1848.02,0
2026-09-01 08:24:31,159.24,210.28,184.07,41.93,11.94,33.35,42.81,29.86,54.51,68.92,4.93,52.48,94.5,1849.32,0
2026-09-01 08:24:32,156.91,208.51,187.14,41.94,11.99,32.3,43.25,28.35,54.3,74.44,5.13,53.55,94.04,1850.89,0
2026-09-01 08:24:33,163.19,207.14,188.68,40.82,12.0,32.91,44.33,30.42,57.44,72.22,4.94,54.76,98.2,1857.01,0
2026-09-01 08:24:34,159.76,211.09,186.5,41.27,11.92,33.15,40.07,29.83,52.38,68.08,4.57,52.8,97.27,1876.15,0
2026-09-01 08:24:35,164.33,206.48,187.15,40.77,12.06,32.61,41.67,29.96,51.14,71.28,4.79,52.65,96.21,1870.2,0
2026-09-01 08:24:36,154.39,190.95,186.23,39.31,6.15,16.47,46.85,31.2,54.96,73.8,1.0,78.93,0.0,1864.77,1
2026-09-01 08:24:37,160.49,213.46,185.49,41.13,12.04,33.46,41.84,29.54,46.94,65.82,4.65,52.02,95.98,1832.84,0
2026-09-01 08:24:38,164.8,215.7,187.39,37.91,11.91,34.27,44.23,29.75,55.72,66.93,4.66,54.27,92.45,1851.59,0
2026-09-01 08:24:39,159.12,211.18,187.6,41.58,11.96,33.87,43.93,30.02,45.69,69.97,4.97,52.63,95.49,1849.13,0
2026-09-01 08:24:40,159.44,213.32,190.13,38.21,12.07,33.05,39.04,28.16,60.6,70.11,4.31,55.97,93.35,1863.02,0
2026-09-01 08:24:41,160.74,209.26,185.95,40.43,11.96,32.7,42.62,29.73,58.42,69.84,4.95,53.18,93.94,1847.85,0
2026-09-01 08:24:42,158.6,205.99,190.53,38.73,12.17,32.77,42.29,27.51,50.37,69.07,5.03,55.06,97.36,1880.42,0
2026-09-01 08:24:43,159.22,211.84,188.95,40.83,11.96,33.71,42.66,29.41,58.31,69.02,4.83,55.0,96.89,1864.44,0
2026-09-01 08:24:44,159.16,211.71,187.22,39.95,12.02,33.3,40.49,30.86,55.56,71.15,4.6,53.14,93.66,1863.24,0
2026-09-01 08:24:45,158.43,188.63,189.09,37.61,7.95,20.06,39.77,30.45,49.95,73.4,1.83,69.14,0.0,1831.88,1
2026-09-01 08:24:46,163.07,209.27,188.42,40.63,11.86,32.54,41.05,29.41,44.89,68.56,4.5,54.16,94.76,1836.98,0
2026-09-01 08:24:47,161.15,212.89,187.18,39.13,11.82,32.2,41.8,30.04,56.58,77.32,4.36,53.71,94.35,1840.7,0
2026-09-01 08:24:48,160.63,207.04,187.18,41.32,11.85,31.27,44.37,28.93,51.03,75.88,5.04,53.57,95.27,1851.3,0
2026-09-01 08:24:49,162.02,207.68,186.88,40.0,12.13,32.13,45.63,30.0,60.47,73.99,5.36,52.84,98.18,1874.88,0
2026-09-01 08:24:50,159.34,206.98,185.38,40.59,11.94,33.06,44.79,32.93,55.07,71.87,5.21,52.67,95.62,1835.77,0
2026-09-01 08:24:51,158.06,210.25,183.88,38.56,12.26,33.21,43.72,31.85,51.5,76.02,5.28,50.55,100.4,1818.46,0
2026-09-01 08:24:52,158.49,206.74,188.03,39.12,11.94,32.5,39.99,30.05,63.99,69.13,4.67,54.24,95.22,1879.49,0
2026-09-01 08:24:53,160.0,207.95,188.81,39.31,12.02,33.3,41.18,30.16,57.88,67.5,4.81,54.05,94.62,1841.52,0
2026-09-01 08:24:54,157.35,207.88,188.21,41.29,12.15,33.21,42.42,29.02,36.72,68.42,5.25,52.38,99.99,1849.39,0
2026-09-01 08:24:55,158.75,209.22,188.73,42.52,12.2,33.81,40.74,29.2,52.57,66.99,4.96,53.11,101.33,1870.72,0
2026-09-01 08:24:56,158.71,205.54,185.17,38.79,12.21,33.73,43.15,30.36,48.08,70.37,5.33,51.47,98.56,1873.94,0
2026-09-01 08:24:57,165.31,210.26,188.43,41.62,12.12,33.88,43.44,29.48,51.0,70.9,4.77,53.33,93.51,1832.15,0
2026-09-01 08:24:58,153.07,213.74,188.14,36.75,12.1,33.68,43.07,30.9,54.28,70.6,5.11,53.59,97.22,1855.64,0
2026-09-01 08:24:59,159.55,210.41,187.62,38.21,12.06,33.53,44.05,31.57,56.77,69.96,5.06,54.01,95.43,1878.03,0
2026-09-01 08:25:00,164.31,214.62,182.8,38.56,12.08,33.37,40.19,30.33,56.31,70.4,4.41,50.53,98.87,1850.37,0
2026-09-01 08:25:01,160.3,213.92,187.67,37.97,11.94,33.19,43.87,30.1,60.39,75.21,4.77,53.94,95.54,1871.02,0
2026-09-01 08:25:02,161.88,212.17,189.37,37.62,11.92,32.72,40.61,28.32,58.18,71.86,4.45,54.97,94.33,1851.57,0
2026-09-01 08:25:03,160.25,209.97,187.57,40.62,12.0,32.51,40.12,30.75,57.87,72.77,4.52,53.8,96.51,1869.69,0
2026-09-01 08:25:04,158.33,209.73,188.0,39.68,11.98,33.94,43.06,28.86,56.01,70.57,5.04,53.7,97.8,1873.69,0
2026-09-01 08:25:05,154.4,211.87,188.77,40.57,11.95,33.58,44.43,29.58,61.43,65.15,5.23,55.04,94.42,1881.14,0
2026-09-01 08:25:06,160.51,208.32,188.89,41.04,12.07,33.72,42.98,30.96,53.42,64.56,4.94,54.14,97.73,1855.34,0
2026-09-01 08:25:07,158.06,203.77,186.44,40.4,12.1,32.46,42.04,31.03,53.55,76.25,5.1,52.36,93.91,1837.49,0
2026-09-01 08:25:08,158.0,210.81,185.3,40.99,12.01,33.52,42.62,29.53,45.47,68.4,4.85,51.55,95.94,1850.22,0
2026-09-01 08:25:09,158.75,205.85,189.47,39.9,12.15,33.27,42.27,29.59,60.28,68.15,5.1,55.04,95.09,1850.81,0
2026-09-01 08:25:10,164.36,206.28,186.95,38.22,11.89,32.15,39.75,29.3,54.62,70.74,4.31,53.16,93.83,1843.82,0
2026-09-01 08:25:11,166.01,209.08,185.67,41.59,11.98,32.69,39.51,28.8,69.67,71.65,4.39,53.35,97.63,1857.73,0
2026-09-01 08:25:12,160.54,208.71,184.96,39.12,11.93,32.64,41.84,29.37,52.97,72.03,4.81,52.23,94.9,1853.75,0
2026-09-01 08:25:13,158.84,204.68,188.94,38.6,11.81,31.61,42.16,28.39,55.44,75.32,4.65,54.42,93.43,1847.54,0
2026-09-01 08:25:14,157.06,209.33,187.82,39.73,11.99,32.19,42.02,30.68,57.73,74.5,4.94,53.27,97.69,1885.29,0
2026-09-01 08:25:15,161.17,211.64,186.38,38.63,11.99,34.17,43.35,30.39,49.49,67.57,4.81,52.45,96.77,1824.4,0
2026-09-01 08:25:16,164.46,205.28,189.16,39.37,12.15,32.59,41.57,30.56,56.79,72.91,4.59,54.54,94.36,1847.45,0
2026-09-01 08:25:17,159.38,212.4,187.29,40.52,12.06,33.19,43.13,29.05,55.17,68.85,4.93,52.65,96.4,1839.68,0
2026-09-01 08:25:18,154.05,203.81,191.53,40.52,11.9,32.1,41.71,28.8,53.48,69.59,5.03,55.76,95.27,1802.04,0
2026-09-01 08:25:19,161.68,214.76,186.58,38.65,12.19,34.37,45.65,30.05,60.86,66.72,5.21,53.08,98.67,1825.72,0
2026-09-01 08:25:20,162.46,207.09,187.32,39.27,12.12,33.84,42.16,30.06,50.48,64.92,4.94,52.45,96.55,1809.45,0
2026-09-01 08:25:21,156.04,208.68,185.77,41.61,12.06,33.4,46.68,29.85,56.37,69.91,5.5,52.81,0.0,1853.85,1
2026-09-01 08:25:22,160.44,202.48,187.86,40.74,11.98,32.81,42.7,29.71,62.27,67.13,5.06,55.19,96.25,1811.47,0
2026-09-01 08:25:23,161.13,207.89,187.14,43.11,11.9,32.8,41.57,31.71,51.47,72.78,4.58,53.01,92.88,1808.53,0
2026-09-01 08:25:24,159.82,208.68,185.38,41.77,11.96,33.12,40.2,30.43,53.52,69.16,4.7,52.83,95.14,1831.35,0
2026-09-01 08:25:25,158.02,207.65,187.63,41.72,12.11,33.5,39.11,31.97,66.73,70.93,4.69,54.04,98.52,1827.93,0
2026-09-01 08:25:26,162.54,206.14,185.2,37.92,12.19,32.96,40.02,31.27,57.37,74.1,4.66,51.5,97.06,1826.36,0
2026-09-01 08:25:27,158.99,204.9,188.12,41.15,12.15,33.3,40.24,31.7,52.47,65.54,4.92,54.01,97.4,1811.99,0
2026-09-01 08:25:28,156.29,211.05,188.84,39.92,11.95,33.42,42.79,28.93,59.01,67.83,5.01,54.79,95.56,1851.06,0
2026-09-01 08:25:29,154.88,207.67,188.18,39.17,11.89,32.42,40.95,30.59,52.16,70.54,4.72,54.52,91.49,1829.09,0
2026-09-01 08:25:30,163.15,212.11,188.87,40.25,12.01,33.16,42.37,29.57,47.18,70.94,4.57,54.83,95.5,1851.4,0
2026-09-01 08:25:31,161.54,205.83,187.62,41.42,11.82,31.53,44.56,28.34,61.86,73.31,4.96,54.3,93.91,1811.71,0
2026-09-01 08:25:32,160.22,206.02,190.66,40.75,12.03,33.11,41.82,31.5,49.48,72.6,4.66,55.26,98.74,1818.05,0
2026-09-01 08:25:33,158.9,209.69,187.77,38.68,11.99,32.73,46.16,29.71,67.26,70.29,5.33,53.86,97.87,1812.77,0
2026-09-01 08:25:34,158.68,202.29,189.35,41.11,11.95,32.07,39.65,28.94,52.55,70.91,4.65,54.42,93.86,1829.21,0
2026-09-01 08:25:35,157.31,203.43,188.13,39.04,11.84,32.18,41.7,29.59,65.67,70.99,4.76,54.77,92.52,1815.65,0
2026-09-01 08:25:36,158.92,210.28,185.84,40.33,12.05,33.68,40.92,29.2,48.16,65.59,4.88,52.13,97.49,1850.14,0
2026-09-01 08:25:37,154.7,203.39,186.79,39.54,11.95,31.78,43.87,29.31,60.13,69.53,5.33,52.6,95.59,1782.96,0
2026-09-01 08:25:38,158.16,201.37,185.46,39.67,11.88,32.06,37.52,29.78,57.5,70.75,4.45,53.29,95.32,1861.31,0
2026-09-01 08:25:39,159.22,212.34,186.62,41.15,11.71,32.4,39.11,31.73,59.19,71.38,4.19,54.12,92.0,1820.87,0
2026-09-01 08:25:40,161.52,202.47,182.29,38.44,12.0,32.96,41.79,29.33,59.84,67.23,5.22,50.83,95.88,1810.89,0
2026-09-01 08:25:41,159.9,207.12,187.14,42.92,12.18,34.01,45.1,31.66,52.51,66.19,5.47,53.57,96.37,1862.66,0
2026-09-01 08:25:42,161.99,206.7,185.26,37.27,12.17,33.61,42.45,30.85,48.46,69.3,4.99,52.11,95.6,1823.23,0
2026-09-01 08:25:43,163.37,197.97,189.43,39.1,11.95,31.9,39.3,30.4,54.75,75.9,4.36,54.7,95.11,1818.8,0
2026-09-01 08:25:44,162.65,205.52,187.5,40.56,11.94,32.86,39.61,30.75,56.12,67.54,4.43,53.47,95.25,1811.84,0
2026-09-01 08:25:45,161.18,207.58,189.71,40.88,12.05,33.06,45.35,30.01,52.64,73.52,5.08,54.84,94.52,1818.33,0
2026-09-01 08:25:46,160.03,207.22,184.83,39.85,11.9,32.78,40.76,31.29,56.39,74.75,4.54,52.81,94.63,1832.77,0
2026-09-01 08:25:47,157.55,208.78,188.06,39.91,12.03,33.29,40.11,30.57,56.65,70.14,4.62,53.79,95.19,1832.82,0
2026-09-01 08:25:48,161.85,204.82,190.58,40.62,12.08,33.27,44.95,28.34,50.45,67.96,5.38,55.28,96.32,1798.09,0
2026-09-01 08:25:49,164.2,208.04,186.72,39.65,12.12,33.69,44.02,30.3,56.97,71.54,5.14,53.53,96.35,1797.93,0
2026-09-01 08:25:50,160.86,203.75,187.04,42.09,11.99,33.03,44.55,30.78,53.66,70.58,5.2,53.58,98.42,1841.35,0
2026-09-01 08:25:51,164.79,201.5,187.83,41.26,11.98,33.03,40.1,29.71,51.5,67.42,4.7,52.93,96.18,1809.72,0
2026-09-01 08:25:52,156.19,201.76,185.06,41.31,11.91,31.86,38.95,30.13,58.94,68.02,4.75,51.95,94.57,1818.59,0
2026-09-01 08:25:53,157.11,201.18,186.48,38.55,11.92,31.51,42.27,29.39,51.12,71.36,5.23,53.68,96.82,1821.67,0
2026-09-01 08:25:54,162.14,208.51,185.83,39.88,11.98,32.23,42.67,28.62,52.72,72.8,4.83,52.48,92.68,1848.01,0
2026-09-01 08:25:55,160.66,200.86,184.99,39.55,12.04,31.81,42.73,28.45,55.36,69.03,5.35,52.06,97.14,1844.61,0
2026-09-01 08:25:56,163.28,206.14,184.12,38.49,12.09,33.41,44.96,28.46,61.87,69.79,5.25,51.85,97.04,1824.42,0
2026-09-01 08:25:57,159.96,204.44,185.62,40.54,11.92,31.87,38.53,30.67,55.96,72.01,4.64,53.18,95.8,1803.54,0
2026-09-01 08:25:58,157.83,204.84,185.46,39.19,12.15,32.57,43.72,27.51,57.64,69.48,5.39,51.76,96.4,1862.79,0
2026-09-01 08:25:59,159.47,209.16,187.14,40.98,11.97,32.59,39.81,29.33,53.51,69.1,4.43,53.11,97.04,1829.92,0
2026-09-01 08:26:00,156.17,203.67,186.97,38.39,12.0,32.83,43.71,29.23,54.61,67.73,5.33,52.77,96.5,1842.71,0
2026-09-01 08:26:01,157.18,206.73,187.06,42.58,11.93,33.16,41.05,29.72,54.76,67.68,4.81,52.57,96.69,1810.03,0
2026-09-01 08:26:02,162.43,204.93,184.37,38.66,11.76,30.21,40.37,28.14,56.47,78.01,4.52,52.41,92.77,1791.12,0
2026-09-01 08:26:03,162.18,204.28,185.65,40.33,12.09,33.36,40.78,30.4,53.52,69.41,4.84,51.77,98.39,1823.89,0
2026-09-01 08:26:04,160.91,211.55,185.99,41.19,12.07,32.18,39.11,28.73,61.7,74.1,4.47,53.14,95.79,1813.43,0
2026-09-01 08:26:05,155.7,200.24,184.95,39.14,11.97,31.35,42.08,31.13,53.13,75.05,5.16,51.7,93.57,1845.63,0
2026-09-01 08:26:06,159.1,208.35,186.28,41.28,12.01,33.94,40.45,29.38,46.46,69.45,4.67,51.78,98.8,1809.98,0
2026-09-01 08:26:07,156.94,206.37,184.15,38.16,12.05,32.62,43.57,29.9,68.71,71.11,5.3,52.48,97.66,1802.52,0
2026-09-01 08:26:08,162.94,202.88,184.39,42.18,11.84,32.48,43.28,30.0,53.36,70.31,5.08,52.11,97.59,1836.58,0
2026-09-01 08:26:09,158.54,209.12,184.0,40.02,11.95,33.46,45.38,30.24,61.57,65.16,5.26,51.78,95.55,1801.95,0
2026-09-01 08:26:10,157.29,198.6,184.77,39.11,12.08,32.75,42.73,30.04,62.02,65.34,5.64,51.99,0.0,1804.31,1
2026-09-01 08:26:11,160.07,202.5,184.9,39.55,11.87,31.76,43.04,29.57,59.73,70.15,5.18,52.7,96.84,1778.41,0
2026-09-01 08:26:12,158.4,200.35,186.23,41.21,12.03,33.15,44.8,30.34,54.01,68.73,5.56,53.3,0.0,1831.35,1
2026-09-01 08:26:13,163.71,205.13,184.78,39.12,11.86,32.54,40.74,30.47,56.43,75.67,4.53,52.41,92.53,1804.69,0
2026-09-01 08:26:14,158.16,200.47,187.45,38.88,12.05,32.43,39.02,29.23,48.63,69.29,4.61,53.23,97.0,1784.18,0
2026-09-01 08:26:15,156.5,205.03,185.7,39.67,12.0,32.27,42.4,30.43,64.95,75.85,5.2,52.74,96.4,1830.36,0
2026-09-01 08:26:16,154.62,203.09,189.19,38.23,11.84,32.71,39.15,31.19,50.74,68.57,4.61,54.61,95.19,1801.33,0
2026-09-01 08:26:17,159.92,202.12,186.98,42.73,12.12,32.1,46.91,30.71,53.73,75.74,5.77,51.53,0.0,1842.5,1
2026-09-01 08:26:18,158.6,204.64,183.31,39.15,11.93,32.22,44.91,30.93,55.49,71.52,5.33,50.79,94.64,1831.12,0
2026-09-01 08:26:19,156.43,202.59,185.99,41.25,11.92,31.73,46.33,30.17,54.46,71.69,5.62,52.33,0.0,1780.92,1
2026-09-01 08:26:20,162.97,200.05,185.14,40.31,12.02,33.33,42.12,29.06,51.72,68.46,5.18,51.44,97.2,1819.01,0
2026-09-01 08:26:21,161.67,211.63,185.69,38.52,12.11,33.52,43.1,29.19,61.97,71.73,4.87,52.35,92.23,1824.97,0
2026-09-01 08:26:22,159.93,201.68,182.14,39.99,11.9,31.37,41.08,30.32,59.75,75.08,4.82,50.63,92.65,1769.9,0
2026-09-01 08:26:23,163.41,196.41,187.74,41.18,12.01,32.32,43.77,30.94,56.61,69.57,5.32,53.29,93.27,1797.76,0
2026-09-01 08:26:24,161.66,200.45,188.36,39.72,12.04,33.45,39.57,32.79,53.0,68.98,4.64,54.32,93.31,1791.68,0
2026-09-01 08:26:25,157.94,199.09,185.43,41.79,12.07,32.02,36.91,30.98,60.32,69.26,4.64,52.61,96.34,1823.67,0
2026-09-01 08:26:26,157.4,205.29,184.71,41.53,12.02,31.43,40.42,28.83,52.68,74.86,4.82,51.76,96.98,1783.33,0
2026-09-01 08:26:27,162.04,203.69,185.73,41.38,11.96,32.03,39.09,29.23,62.85,72.57,4.58,53.17,96.49,1806.13,0
2026-09-01 08:26:28,160.99,203.84,185.23,39.31,11.92,32.01,44.96,32.28,55.56,74.34,5.16,51.66,93.52,1838.99,0
2026-09-01 08:26:29,160.42,201.45,185.43,38.38,12.01,32.18,45.63,29.79,61.15,70.94,5.42,51.84,93.5,1759.2,0
2026-09-01 08:26:30,157.88,201.64,184.88,39.08,11.89,32.24,39.19,30.05,54.43,70.12,4.77,52.63,95.39,1801.18,0
2026-09-01 08:26:31,161.52,201.28,188.05,40.29,11.71,32.24,44.58,29.04,55.36,71.27,5.06,55.52,94.41,1801.34,0
2026-09-01 08:26:32,158.11,202.06,183.18,40.82,12.04,32.46,43.9,31.57,61.13,73.21,5.36,51.14,97.22,1748.71,0
2026-09-01 08:26:33,159.75,204.73,188.01,36.74,12.09,33.11,38.86,30.5,65.97,69.26,4.62,55.04,94.58,1764.19,0
2026-09-01 08:26:34,163.62,203.15,185.71,39.99,11.76,31.81,41.22,29.23,62.8,74.11,4.64,53.36,95.33,1814.49,0
2026-09-01 08:26:35,158.35,203.56,184.28,40.24,11.9,31.84,40.84,29.01,59.39,71.1,4.9,51.73,95.46,1795.49,0
2026-09-01 08:26:36,156.07,203.47,188.16,39.58,12.06,32.89,43.5,30.31,57.95,62.78,5.34,54.29,94.99,1800.0,0
2026-09-01 08:26:37,157.37,204.54,186.52,41.94,12.21,33.23,39.54,30.04,52.47,72.65,4.94,51.45,96.69,1792.62,0
2026-09-01 08:26:38,162.49,202.67,186.15,40.63,12.0,32.8,41.8,30.83,56.48,66.18,5.01,52.53,94.68,1819.91,0
2026-09-01 08:26:39,160.64,202.8,185.58,41.97,11.93,32.13,40.63,30.55,50.43,72.58,4.81,51.96,94.21,1842.55,0
2026-09-01 08:26:40,159.68,205.21,183.44,39.68,11.98,31.78,42.95,29.74,56.88,72.7,5.12,50.72,97.5,1816.22,0
2026-09-01 08:26:41,158.73,199.56,186.41,41.41,12.14,31.92,41.57,29.46,57.2,70.99,5.1,52.44,97.89,1746.48,0
2026-09-01 08:26:42,161.21,198.9,188.65,42.45,11.94,31.82,40.93,29.84,45.2,71.63,4.86,53.97,93.83,1792.21,0
2026-09-01 08:26:43,157.88,197.83,187.98,41.97,11.92,30.39,41.57,29.45,55.19,73.3,5.15,54.52,94.69,1820.69,0
2026-09-01 08:26:44,160.76,201.85,186.73,38.36,11.95,32.28,46.07,29.87,57.07,68.51,5.6,53.67,0.0,1783.33,1
2026-09-01 08:26:45,158.17,195.66,186.6,39.62,11.9,31.53,41.17,30.02,54.58,72.38,5.18,52.53,92.22,1819.82,0
2026-09-01 08:26:46,157.76,202.52,186.37,39.48,12.01,31.98,39.92,29.1,56.79,73.49,4.83,53.8,97.0,1784.15,0
2026-09-01 08:26:47,158.41,200.73,187.25,40.73,12.16,31.44,43.17,30.63,48.29,75.28,5.4,53.14,100.31,1765.34,0
2026-09-01 08:26:48,159.06,204.37,185.5,41.03,12.03,33.4,41.71,29.63,51.12,66.68,5.15,52.05,96.73,1804.25,0
2026-09-01 08:26:49,159.88,198.87,183.75,38.74,11.97,32.69,39.17,29.16,60.17,71.23,4.84,52.1,95.52,1798.49,0
2026-09-01 08:26:50,160.59,200.19,185.99,40.1,11.97,33.27,46.46,29.65,55.0,67.12,5.78,52.29,0.0,1776.81,1
2026-09-01 08:26:51,150.78,204.09,184.64,36.97,11.84,31.87,41.3,30.24,56.7,66.99,5.1,52.56,91.34,1814.31,0
2026-09-01 08:26:52,157.98,204.78,184.55,42.16,12.09,32.33,41.24,30.08,52.27,71.08,5.09,50.63,95.94,1750.65,0
2026-09-01 08:26:53,159.02,198.51,184.59,39.23,11.99,31.73,42.32,30.42,55.1,70.23,5.37,51.65,96.68,1808.29,0
2026-09-01 08:26:54,163.76,201.01,189.43,40.08,11.98,33.11,45.46,30.9,43.49,73.44,5.14,54.67,95.61,1775.8,0
2026-09-01 08:26:55,157.3,201.27,186.51,39.54,12.32,33.29,38.64,31.3,59.23,68.96,4.93,52.21,100.44,1821.4,0
2026-09-01 08:26:56,160.41,201.42,185.43,41.72,12.03,32.29,42.55,30.29,64.04,69.6,5.15,52.48,96.79,1802.06,0
2026-09-01 08:26:57,163.74,199.43,182.89,35.74,11.92,32.17,46.17,28.93,49.67,70.63,5.56,50.39,0.0,1778.3,1
2026-09-01 08:26:58,156.72,203.98,181.69,39.98,11.96,32.85,42.26,29.73,50.3,67.41,5.48,49.79,97.54,1765.35,0
2026-09-01 08:26:59,160.98,194.38,184.23,39.84,12.11,32.65,39.53,29.0,57.2,67.83,5.28,50.99,97.81,1751.77,0
2026-09-01 08:27:00,157.99,198.7,186.07,39.32,12.01,31.55,40.76,31.7,62.37,73.35,5.12,53.62,93.72,1782.12,0
2026-09-01 08:27:01,158.74,201.23,186.13,42.59,11.86,32.68,42.41,31.99,54.99,68.35,5.24,52.53,93.38,1784.27,0
2026-09-01 08:27:02,157.99,201.17,186.08,38.67,12.09,32.77,44.66,30.65,48.85,73.55,5.54,52.26,0.0,1803.7,1
2026-09-01 08:27:03,158.17,203.77,187.2,41.16,11.93,32.27,41.32,30.86,53.96,71.82,4.84,53.77,98.1,1767.68,0
2026-09-01 08:27:04,166.8,203.23,183.83,40.53,12.19,34.06,43.65,30.25,49.85,65.36,5.33,50.34,98.63,1788.86,0
2026-09-01 08:27:05,162.11,198.69,187.13,41.89,12.11,32.59,39.13,30.37,51.66,71.59,4.8,52.28,95.3,1773.95,0
2026-09-01 08:27:06,162.75,203.36,185.07,39.0,11.96,31.95,39.11,28.4,53.48,71.57,4.49,51.84,99.63,1810.51,0
2026-09-01 08:27:07,161.23,178.43,188.31,38.9,8.28,21.36,41.03,29.93,50.35,71.27,2.28,66.61,0.0,1777.48,1
2026-09-01 08:27:08,155.98,202.09,185.29,41.64,12.01,32.51,44.88,29.12,51.11,69.57,5.5,52.33,0.0,1764.9,1
2026-09-01 08:27:09,160.99,204.65,182.57,40.64,12.09,33.69,42.14,30.28,55.37,67.18,5.19,50.32,96.23,1754.98,0
2026-09-01 08:27:10,162.68,202.78,184.19,37.68,12.05,32.12,42.58,29.94,56.08,74.04,5.04,51.47,95.61,1769.39,0
2026-09-01 08:27:11,157.87,199.36,182.68,39.19,11.92,32.13,42.56,31.95,47.88,69.7,5.33,49.87,94.07,1773.28,0
2026-09-01 08:27:12,162.41,197.97,186.6,40.58,11.94,32.41,44.22,30.92,56.98,67.35,5.51,53.13,0.0,1773.48,1
2026-09-01 08:27:13,161.76,194.29,185.96,41.26,12.1,32.73,40.78,30.28,53.09,71.37,5.23,52.82,96.63,1785.46,0
2026-09-01 08:27:14,164.63,199.73,180.25,38.98,11.97,32.2,43.38,29.73,58.6,67.77,5.5,49.84,97.12,1769.79,0
2026-09-01 08:27:15,158.96,195.37,185.24,35.63,11.96,32.35,40.34,31.68,58.9,67.15,5.01,52.23,95.49,1759.31,0
2026-09-01 08:27:16,157.26,196.25,184.5,40.78,11.9,31.72,45.97,29.97,52.28,68.87,5.93,52.11,0.0,1767.04,1
2026-09-01 08:27:17,159.1,194.97,183.07,38.17,12.04,32.23,40.4,30.33,58.07,68.0,5.31,50.85,95.44,1770.58,0
2026-09-01 08:27:18,163.59,197.08,188.46,36.97,12.21,32.71,40.24,30.04,50.82,67.26,5.01,53.58,97.68,1763.12,0
2026-09-01 08:27:19,155.43,198.29,185.97,35.75,11.89,31.51,43.1,29.6,61.62,72.42,5.21,53.04,93.99,1741.74,0
2026-09-01 08:27:20,154.83,199.12,184.23,41.22,12.0,32.12,42.16,30.04,51.0,69.66,5.48,50.95,95.97,1743.05,0
2026-09-01 08:27:21,160.22,196.41,185.24,40.19,12.14,31.64,42.65,28.04,56.76,73.76,5.62,51.51,0.0,1733.83,1
2026-09-01 08:27:22,158.89,201.33,177.34,39.66,11.99,32.11,42.45,28.45,54.06,67.44,5.56,47.58,0.0,1775.82,1
2026-09-01 08:27:23,160.02,197.42,183.57,42.08,12.05,32.81,39.82,30.35,49.92,64.82,5.18,49.73,95.82,1780.96,0
2026-09-01 08:27:24,162.36,195.6,188.09,40.96,11.89,31.52,45.23,31.57,59.5,70.45,5.45,54.76,92.51,1754.62,0
2026-09-01 08:27:25,158.62,198.56,184.98,42.42,12.04,31.96,43.79,30.35,51.93,75.57,5.52,51.64,0.0,1780.64,1
2026-09-01 08:27:26,155.32,203.68,184.87,37.91,11.98,31.33,44.72,29.28,46.5,71.59,5.61,51.28,0.0,1762.71,1
2026-09-01 08:27:27,165.11,198.71,181.43,39.95,12.1,30.67,40.94,28.56,40.59,79.65,4.95,49.33,96.09,1766.96,0
2026-09-01 08:27:28,157.51,196.54,181.6,37.57,12.12,32.49,42.83,30.78,50.62,71.0,5.69,48.39,0.0,1743.31,1
2026-09-01 08:27:29,157.35,192.96,185.85,39.66,12.26,31.59,42.39,29.43,61.88,70.71,5.76,52.46,0.0,1793.83,1
2026-09-01 08:27:30,162.76,196.8,184.41,39.63,12.06,33.15,44.26,30.64,61.29,63.53,5.62,52.49,0.0,1800.3,1
2026-09-01 08:27:31,159.04,198.08,186.69,40.94,12.03,32.85,44.32,30.39,51.41,71.28,5.54,52.21,0.0,1774.37,1
2026-09-01 08:27:32,159.84,196.13,185.76,40.07,12.02,32.08,42.39,30.48,53.13,70.51,5.47,52.13,94.99,1752.2,0
2026-09-01 08:27:33,161.21,192.21,183.92,40.94,11.96,31.19,38.96,30.03,52.68,68.78,4.99,51.5,96.03,1768.79,0
2026-09-01 08:27:34,162.71,194.57,185.28,41.06,12.03,32.5,45.56,30.38,48.33,69.59,5.79,51.13,0.0,1750.89,1
2026-09-01 08:27:35,159.17,201.4,184.3,43.23,11.97,32.39,43.11,29.88,50.26,69.8,5.36,51.51,94.99,1739.11,0
2026-09-01 08:27:36,163.8,201.26,187.18,39.53,12.02,32.7,40.78,29.36,59.91,69.46,4.81,54.59,97.69,1779.44,0
2026-09-01 08:27:37,154.66,194.21,187.06,38.59,12.13,30.23,42.81,29.04,57.52,76.27,5.63,53.18,0.0,1744.95,1
2026-09-01 08:27:38,161.9,198.81,184.61,40.37,11.9,32.25,38.98,27.61,56.37,68.89,4.76,52.18,94.98,1747.36,0
2026-09-01 08:27:39,157.9,193.17,184.2,38.8,12.11,32.51,44.11,29.82,48.32,70.51,5.81,50.45,0.0,1719.51,1
2026-09-01 08:27:40,163.43,200.84,186.81,42.22,12.13,33.33,39.06,31.52,55.5,68.79,4.77,53.34,96.24,1784.63,0
2026-09-01 08:27:41,160.36,197.27,186.79,39.58,11.99,31.67,41.56,30.73,43.48,72.35,5.09,51.44,96.12,1793.01,0
2026-09-01 08:27:42,158.32,199.3,187.02,39.15,11.79,31.83,42.49,30.23,59.21,70.53,4.96,53.91,95.73,1777.08,0
2026-09-01 08:27:43,161.66,191.23,180.84,39.29,11.94,31.52,44.08,29.27,56.29,69.16,5.8,50.06,0.0,1778.09,1
2026-09-01 08:27:44,162.23,198.32,183.93,41.08,12.13,33.7,42.21,31.0,48.27,64.22,5.44,49.74,98.78,1734.58,0
2026-09-01 08:27:45,161.6,196.18,183.43,39.76,12.0,31.85,43.27,29.88,63.08,70.73,5.61,50.66,0.0,1755.64,1
2026-09-01 08:27:46,157.43,198.68,187.15,39.04,11.9,32.45,41.94,31.57,46.02,69.07,5.08,52.49,95.29,1774.92,0
2026-09-01 08:27:47,158.79,198.78,186.35,42.5,11.95,32.2,41.94,29.02,57.65,69.82,5.27,53.61,98.85,1740.38,0
2026-09-01 08:27:48,159.99,196.15,183.1,38.72,12.08,33.45,42.17,29.25,57.78,66.45,5.56,50.57,0.0,1751.21,1
2026-09-01 08:27:49,159.9,194.07,185.95,40.05,12.05,31.49,41.62,29.15,48.8,74.3,5.37,52.49,96.27,1726.18,0
2026-09-01 08:27:50,161.87,198.13,188.03,40.98,11.98,31.79,38.63,28.52,54.81,72.57,4.56,54.16,93.99,1752.31,0
2026-09-01 08:27:51,154.96,195.52,185.43,37.55,11.96,30.29,40.46,29.06,46.82,74.29,5.01,51.27,95.87,1754.22,0
2026-09-01 08:27:52,160.84,193.0,187.26,40.72,11.96,30.78,42.49,30.1,40.77,73.44,5.28,52.58,97.24,1767.41,0
2026-09-01 08:27:53,159.28,192.77,184.65,38.42,11.91,31.13,41.5,29.29,49.66,71.78,5.33,51.64,97.82,1723.64,0
2026-09-01 08:27:54,157.9,191.02,182.97,41.23,12.16,31.57,41.69,26.14,51.92,66.57,5.79,50.49,0.0,1722.88,1
2026-09-01 08:27:55,158.14,193.84,186.51,38.56,11.97,30.77,41.35,31.07,58.22,75.53,5.18,53.23,94.51,1780.49,0
2026-09-01 08:27:56,159.46,198.59,183.79,41.04,12.12,32.07,40.27,28.32,55.34,67.22,5.39,51.0,99.37,1776.82,0
2026-09-01 08:27:57,151.0,195.73,184.95,41.66,12.15,32.32,41.01,30.59,55.47,69.19,5.62,52.12,0.0,1741.97,1
2026-09-01 08:27:58,158.25,193.53,184.92,41.29,12.1,31.44,41.39,30.03,49.93,72.12,5.53,51.94,0.0,1784.89,1
2026-09-01 08:27:59,157.81,197.45,184.61,40.38,11.96,31.55,42.01,32.12,52.35,72.27,5.21,51.15,97.11,1757.19,0
2026-09-01 08:28:00,161.33,192.45,181.5,39.65,12.04,31.2,42.79,31.0,50.35,71.72,5.72,49.41,0.0,1776.11,1
2026-09-01 08:28:01,157.99,195.15,185.22,39.14,12.0,31.54,41.64,29.5,48.88,68.8,5.36,51.84,94.41,1747.05,0
2026-09-01 08:28:02,159.46,194.24,183.65,42.21,11.91,31.45,39.94,29.3,52.03,68.18,5.19,51.27,97.15,1758.6,0
2026-09-01 08:28:03,163.86,197.04,185.34,38.95,12.03,31.57,39.2,31.5,55.37,77.6,4.65,52.37,93.27,1745.04,0
2026-09-01 08:28:04,162.49,189.88,184.56,38.44,11.88,31.16,47.19,28.52,52.14,69.88,6.0,52.01,0.0,1784.78,1
2026-09-01 08:28:05,162.26,191.98,186.74,41.0,12.12,32.09,39.74,30.19,53.38,69.51,5.16,52.93,98.22,1747.6,0
2026-09-01 08:28:06,158.75,189.53,185.24,38.81,11.95,30.83,40.96,29.87,58.47,67.86,5.31,52.71,98.05,1748.64,0
2026-09-01 08:28:07,161.36,193.59,184.89,38.57,12.02,31.29,43.03,29.66,52.5,70.73,5.44,51.65,98.31,1717.56,0
2026-09-01 08:28:08,159.42,197.92,182.19,37.83,12.03,31.77,42.72,30.35,48.33,70.59,5.47,49.79,92.33,1746.93,0
2026-09-01 08:28:09,159.51,192.68,183.96,39.28,11.97,32.01,43.04,30.19,57.82,69.95,5.53,52.13,0.0,1783.69,1
2026-09-01 08:28:10,161.02,192.58,186.41,39.88,12.06,31.86,41.11,30.46,56.33,71.15,5.28,52.58,96.59,1775.45,0
2026-09-01 08:28:11,158.51,196.65,183.62,40.36,11.95,31.25,42.48,30.14,56.64,75.29,5.31,51.65,94.41,1744.21,0
2026-09-01 08:28:12,163.73,197.15,186.63,41.43,12.09,33.4,42.12,30.42,58.13,68.21,5.28,52.63,95.28,1745.52,0
2026-09-01 08:28:13,159.6,193.6,182.56,40.79,11.87,31.2,41.38,30.09,57.28,70.13,5.29,51.07,95.96,1721.95,0
2026-09-01 08:28:14,161.55,195.83,183.08,39.71,12.01,32.09,42.49,29.34,55.14,68.06,5.63,50.99,0.0,1753.33,1
2026-09-01 08:28:15,163.64,169.52,183.56,39.7,6.61,16.53,44.11,30.0,66.96,70.88,1.21,73.29,0.0,1752.37,1
2026-09-01 08:28:16,162.58,197.75,184.86,40.77,11.9,32.06,41.96,29.29,48.58,68.29,5.05,52.46,94.27,1755.93,0
2026-09-01 08:28:17,156.48,199.97,184.93,41.91,11.93,31.55,41.97,29.22,52.07,68.42,5.34,51.56,94.73,1713.06,0
2026-09-01 08:28:18,161.11,195.01,182.82,40.19,12.05,32.66,44.14,29.66,59.84,65.62,5.8,50.88,0.0,1767.56,1
2026-09-01 08:28:19,162.13,187.11,183.12,39.3,12.02,31.33,43.92,29.88,55.71,70.29,5.91,51.14,0.0,1739.27,1
2026-09-01 08:28:20,162.23,191.6,181.97,38.51,12.04,31.18,45.17,30.04,58.79,71.29,5.65,50.56,0.0,1767.94,1
2026-09-01 08:28:21,157.22,195.03,180.15,37.83,12.05,30.99,38.49,30.92,55.85,75.58,5.07,48.91,94.71,1746.94,0
2026-09-01 08:28:22,158.36,191.85,182.0,41.0,12.06,30.57,43.81,29.5,61.87,71.41,5.92,50.57,0.0,1770.95,1
2026-09-01 08:28:23,162.49,196.84,183.35,40.87,12.11,31.94,43.2,30.2,49.96,68.65,5.59,50.51,0.0,1754.84,1
2026-09-01 08:28:24,158.1,194.71,183.95,40.87,12.04,32.71,40.23,30.12,61.71,65.92,5.37,51.91,95.22,1724.6,0
2026-09-01 08:28:25,159.25,190.74,184.87,39.81,11.98,31.73,42.5,29.39,60.85,66.34,5.63,52.24,0.0,1757.27,1
2026-09-01 08:28:26,163.94,192.87,181.95,42.11,12.07,32.98,44.1,30.07,48.95,66.11,5.81,49.7,0.0,1760.71,1
2026-09-01 08:28:27,159.88,190.01,184.82,39.27,12.19,31.45,40.34,31.0,58.15,75.63,5.29,51.74,97.32,1744.07,0
2026-09-01 08:28:28,158.18,192.06,181.63,41.43,11.99,31.37,42.89,30.19,54.78,70.86,5.77,49.8,0.0,1733.74,1
2026-09-01 08:28:29,157.81,190.86,184.9,39.94,11.9,31.44,43.74,30.23,51.97,68.25,5.73,51.71,0.0,1757.34,1
2026-09-01 08:28:30,160.83,195.97,176.45,39.09,12.11,31.7,39.86,29.29,45.56,67.12,5.4,45.67,0.0,1761.43,1
2026-09-01 08:28:31,156.67,198.71,182.86,40.89,11.99,32.66,41.72,31.97,49.95,67.43,5.41,50.43,98.21,1711.62,0
2026-09-01 08:28:32,159.38,187.98,186.19,40.61,11.78,30.67,42.6,29.35,58.54,68.17,5.46,53.11,96.62,1740.06,1
2026-09-01 08:28:33,160.83,186.42,182.87,40.54,12.08,30.76,40.41,28.33,59.07,73.95,5.38,50.63,98.72,1732.93,1
2026-09-01 08:28:34,163.25,191.37,181.3,40.12,11.95,31.25,40.24,30.86,53.95,69.91,5.27,50.34,97.69,1774.28,0
2026-09-01 08:28:35,161.67,187.47,179.57,39.94,11.99,31.92,41.73,29.89,59.08,65.66,5.93,48.86,0.0,1721.57,1
2026-09-01 08:28:36,158.21,192.08,185.18,43.58,12.03,30.91,43.6,29.7,59.73,76.93,5.69,52.77,0.0,1746.47,1
2026-09-01 08:28:37,162.95,194.1,184.19,41.78,12.02,32.8,43.29,29.45,55.77,66.58,5.59,51.67,0.0,1748.71,1
2026-09-01 08:28:38,159.25,196.26,184.22,41.08,12.07,32.9,40.28,31.87,51.39,68.23,5.36,51.08,94.95,1735.6,0
2026-09-01 08:28:39,156.91,192.29,181.39,40.17,11.96,30.76,43.3,30.35,57.21,73.93,5.9,49.62,0.0,1761.49,1
2026-09-01 08:28:40,159.57,191.03,184.5,41.51,12.05,32.21,40.33,30.55,57.43,71.25,5.33,51.66,94.4,1731.47,0
2026-09-01 08:28:41,163.6,185.59,182.22,40.78,11.97,31.5,38.78,30.16,58.37,68.59,5.17,50.39,96.05,1708.4,1
2026-09-01 08:28:42,160.41,191.52,181.82,40.04,12.07,31.26,41.27,30.27,59.33,66.31,5.64,50.63,0.0,1761.73,1
2026-09-01 08:28:43,160.03,191.57,186.48,39.54,12.06,32.21,44.25,31.4,48.19,67.1,5.82,53.19,0.0,1722.93,1
2026-09-01 08:28:44,164.09,193.19,181.66,39.88,11.91,31.77,43.31,29.75,52.45,67.28,5.59,50.48,0.0,1733.25,1
2026-09-01 08:28:45,156.42,189.06,185.1,35.24,12.11,31.83,42.0,28.54,45.51,70.02,5.73,51.05,0.0,1727.74,1
2026-09-01 08:28:46,156.79,189.8,185.52,40.32,11.95,31.1,41.17,30.87,58.73,70.57,5.47,52.64,95.52,1711.47,0
2026-09-01 08:28:47,155.96,186.59,182.58,39.27,12.08,30.99,41.22,30.5,53.94,69.55,5.77,50.23,0.0,1711.53,1
2026-09-01 08:28:48,160.93,184.06,182.03,42.39,12.04,30.26,42.22,30.11,57.15,69.88,5.99,50.01,0.0,1698.55,1
2026-09-01 08:28:49,160.42,187.53,183.41,40.03,12.18,32.73,39.86,30.47,47.62,66.85,5.53,50.25,0.0,1739.24,1
2026-09-01 08:28:50,163.86,186.06,182.27,38.22,11.98,31.61,41.3,29.63,62.0,70.88,5.38,50.71,97.07,1742.76,1
2026-09-01 08:28:51,160.61,191.7,182.94,39.93,11.97,30.53,41.57,30.02,49.03,73.84,5.15,51.28,96.13,1732.83,0
2026-09-01 08:28:52,158.99,189.05,185.79,38.43,12.0,30.89,39.3,29.87,58.87,69.51,5.19,52.81,96.4,1739.55,0
2026-09-01 08:28:53,160.0,188.9,182.09,40.71,11.97,31.59,40.32,29.41,55.59,69.45,5.37,50.68,93.03,1724.24,0
2026-09-01 08:28:54,160.29,187.48,184.61,40.44,12.08,32.19,42.82,31.19,54.05,70.25,5.79,51.96,0.0,1730.4,1
2026-09-01 08:28:55,155.82,180.65,183.99,41.44,11.84,29.23,42.02,28.59,53.65,73.35,5.82,51.99,0.0,1725.3,1
2026-09-01 08:28:56,166.78,194.79,182.44,38.81,11.89,32.42,41.38,32.36,51.81,67.32,5.04,51.08,96.46,1723.92,0
2026-09-01 08:28:57,161.3,187.18,184.55,40.05,11.89,30.87,40.18,30.88,61.48,74.35,5.12,52.15,94.8,1703.19,1
2026-09-01 08:28:58,160.53,188.86,182.75,37.95,12.1,30.73,45.15,28.22,55.06,71.26,6.04,50.84,0.0,1750.7,1
2026-09-01 08:28:59,161.54,185.65,180.49,41.05,12.17,31.06,40.32,29.78,48.65,70.09,5.65,49.42,0.0,1718.07,1
2026-09-01 08:29:00,161.77,192.85,182.16,40.78,11.99,31.01,42.5,29.83,53.08,73.64,5.45,49.93,99.46,1714.1,0
2026-09-01 08:29:01,159.65,190.28,180.96,40.74,11.98,31.36,41.02,30.39,55.64,66.45,5.5,49.51,95.67,1711.62,0
2026-09-01 08:29:02,158.42,187.29,180.55,40.0,12.01,31.83,42.07,29.01,59.49,71.57,5.93,49.37,0.0,1714.66,1
2026-09-01 08:29:03,161.5,188.51,179.15,40.62,12.12,31.81,42.92,30.03,51.98,71.29,5.95,48.98,0.0,1714.37,1
2026-09-01 08:29:04,160.96,194.63,181.17,42.41,11.91,31.67,39.26,29.88,52.31,67.19,4.97,49.33,97.62,1725.28,0
2026-09-01 08:29:05,157.98,189.3,180.62,39.57,12.02,30.95,41.99,29.26,55.12,71.38,5.79,49.37,0.0,1687.19,1
2026-09-01 08:29:06,163.55,188.89,179.36,40.21,12.1,30.68,44.38,29.12,59.37,70.85,5.97,48.84,0.0,1703.15,1
2026-09-01 08:29:07,160.73,186.52,183.31,38.37,12.05,31.69,45.52,30.92,48.16,69.46,6.28,50.32,0.0,1749.61,1
2026-09-01 08:29:08,161.82,183.58,185.56,38.7,12.02,30.9,41.74,28.3,57.53,72.59,5.54,52.02,0.0,1747.73,1
2026-09-01 08:29:09,163.48,188.7,182.78,40.15,12.1,31.76,42.08,30.48,52.68,68.28,5.77,50.01,0.0,1713.64,1
2026-09-01 08:29:10,160.05,190.07,179.86,41.66,11.73,30.39,46.42,30.8,53.38,70.81,6.11,49.29,0.0,1768.26,1
2026-09-01 08:29:11,160.79,192.31,183.62,39.62,12.07,31.47,44.27,29.78,65.01,69.6,6.12,51.31,0.0,1731.88,1
2026-09-01 08:29:12,162.03,182.18,181.16,39.65,11.93,31.44,40.77,30.05,54.02,68.16,5.67,50.36,0.0,1746.8,1
2026-09-01 08:29:13,158.19,185.47,182.35,39.39,11.82,30.99,40.76,31.16,58.77,71.51,5.53,50.78,0.0,1718.69,1
2026-09-01 08:29:14,160.14,187.02,181.36,39.2,12.05,31.36,43.91,29.3,58.59,69.38,6.07,49.67,0.0,1711.35,1
2026-09-01 08:29:15,160.31,188.67,181.95,40.44,12.14,32.14,39.98,29.4,49.1,65.58,5.61,49.75,0.0,1734.91,1
2026-09-01 08:29:16,157.61,188.16,185.09,37.75,11.99,31.31,44.18,29.5,45.77,64.6,6.12,51.74,0.0,1737.71,1
2026-09-01 08:29:17,165.79,188.15,179.59,41.92,12.1,31.23,42.67,31.17,59.1,72.37,5.8,47.5,0.0,1709.42,1
2026-09-01 08:29:18,156.48,189.65,183.2,39.0,12.16,32.18,43.04,31.29,49.58,66.34,6.07,49.96,0.0,1723.17,1
2026-09-01 08:29:19,156.75,185.63,183.51,41.08,12.13,30.68,41.49,28.6,46.68,70.84,6.01,50.2,0.0,1655.1,1
2026-09-01 08:29:20,163.29,191.06,185.18,38.1,12.16,32.55,40.74,31.01,60.13,70.16,5.41,51.59,94.55,1700.36,0
2026-09-01 08:29:21,161.78,189.48,182.73,41.0,12.07,31.25,44.92,30.82,49.9,68.89,6.18,50.61,0.0,1741.41,1
2026-09-01 08:29:22,157.44,187.13,181.09,41.01,12.01,29.97,41.51,31.55,51.14,75.87,5.81,48.85,0.0,1701.66,1
2026-09-01 08:29:23,161.52,192.81,180.52,40.58,11.84,30.88,41.18,30.39,64.87,70.54,5.24,50.56,93.37,1710.8,0
2026-09-01 08:29:24,163.67,192.6,182.23,38.51,11.98,30.75,41.84,29.96,46.7,72.27,5.27,49.13,94.71,1708.89,0
2026-09-01 08:29:25,159.92,190.64,180.8,40.37,11.92,31.59,42.39,31.15,48.72,70.85,5.58,49.37,0.0,1688.97,1
2026-09-01 08:29:26,166.5,178.7,181.93,38.23,12.22,32.03,39.94,30.7,52.7,69.31,5.77,50.22,0.0,1708.59,1
2026-09-01 08:29:27,155.69,192.41,177.87,39.62,11.98,30.74,40.87,32.24,53.8,69.94,5.78,47.46,0.0,1705.69,1
2026-09-01 08:29:28,161.73,189.98,179.98,41.54,12.01,31.08,40.76,30.96,50.53,74.38,5.52,48.75,0.0,1691.04,1
2026-09-01 08:29:29,162.92,193.53,181.9,41.2,12.06,31.35,43.69,30.15,49.21,73.26,5.52,50.14,0.0,1705.98,1
2026-09-01 08:29:30,162.23,191.14,182.62,40.02,12.0,30.66,40.23,28.83,62.55,75.86,5.11,51.34,97.73,1684.82,0
2026-09-01 08:29:31,159.49,192.08,179.07,38.54,12.17,31.81,38.49,29.42,56.31,70.66,5.38,48.3,94.86,1706.88,0
2026-09-01 08:29:32,159.27,189.89,181.83,40.97,11.94,30.41,38.07,28.56,57.93,67.37,5.23,50.3,94.44,1705.88,0
2026-09-01 08:29:33,161.11,191.22,183.26,40.03,12.02,32.17,39.06,29.78,54.31,68.68,5.18,50.8,94.43,1746.32,0
2026-09-01 08:29:34,162.04,193.07,181.16,36.52,11.93,32.25,44.72,30.93,56.45,66.44,5.9,49.37,0.0,1690.36,1
2026-09-01 08:29:35,161.51,187.66,181.82,41.17,11.87,31.05,42.03,30.0,59.66,72.3,5.37,50.19,94.58,1722.09,1
2026-09-01 08:29:36,162.6,182.21,181.75,39.96,11.94,30.36,43.0,31.02,50.02,68.24,5.92,49.94,0.0,1676.45,1
2026-09-01 08:29:37,157.45,185.92,180.97,41.8,12.0,32.03,43.07,30.34,56.32,60.83,6.36,49.77,0.0,1754.12,1
2026-09-01 08:29:38,159.43,187.93,182.25,38.36,11.96,30.3,42.11,29.6,58.48,77.39,5.57,51.64,0.0,1712.29,1
2026-09-01 08:29:39,157.65,186.9,183.41,35.23,11.93,31.29,41.85,30.09,62.72,68.29,5.6,51.9,0.0,1708.65,1
2026-09-01 08:29:40,159.03,182.85,186.12,40.42,11.86,31.23,44.09,30.47,64.74,68.27,6.02,53.35,0.0,1715.61,1
2026-09-01 08:29:41,162.54,181.61,178.56,40.44,11.99,30.24,42.29,30.14,55.35,75.01,5.93,48.37,0.0,1704.15,1
2026-09-01 08:29:42,160.27,184.2,182.63,37.46,11.85,30.26,44.8,30.15,60.69,66.38,6.04,50.48,0.0,1694.09,1
2026-09-01 08:29:43,166.52,188.76,182.42,38.53,12.08,31.71,43.24,29.23,41.65,73.41,5.46,49.66,96.09,1683.12,0
2026-09-01 08:29:44,160.48,191.0,182.35,44.13,12.01,31.45,40.76,29.57,62.76,68.24,5.54,51.06,0.0,1705.41,1
2026-09-01 08:29:45,160.15,188.92,184.43,39.54,11.85,31.95,41.01,32.26,51.37,66.03,5.28,52.08,96.69,1725.93,0
2026-09-01 08:29:46,160.27,189.26,179.46,41.1,11.97,31.27,40.55,31.23,53.79,75.12,5.61,48.65,0.0,1663.02,1
2026-09-01 08:29:47,158.41,185.76,181.68,39.02,11.92,30.17,44.44,28.53,57.21,72.77,5.91,50.5,0.0,1744.13,1
2026-09-01 08:29:48,159.86,180.69,184.03,36.86,12.03,29.99,41.19,27.63,54.23,72.76,5.74,51.2,0.0,1682.12,1
2026-09-01 08:29:49,162.82,184.47,182.83,39.74,12.13,30.87,40.4,30.08,55.98,71.1,5.64,50.62,0.0,1705.04,1
2026-09-01 08:29:50,160.28,184.98,180.68,39.6,11.81,29.82,42.64,30.89,62.94,71.8,5.64,49.82,0.0,1683.89,1
2026-09-01 08:29:51,158.02,184.18,181.21,39.4,12.01,30.7,41.81,29.48,53.08,66.3,5.93,49.16,0.0,1696.7,1
2026-09-01 08:29:52,157.69,185.75,182.84,39.83,11.98,31.02,42.59,31.02,49.57,70.33,5.97,50.97,0.0,1703.91,1
2026-09-01 08:29:53,158.87,186.83,182.3,40.4,12.07,32.48,45.78,30.06,64.07,67.21,6.35,50.62,0.0,1693.3,1
2026-09-01 08:29:54,160.18,187.98,180.52,39.77,12.02,31.56,43.83,29.84,57.63,65.83,6.25,49.58,0.0,1699.93,1
2026-09-01 08:29:55,162.98,184.5,181.4,38.1,11.92,30.81,42.05,30.76,64.61,71.23,5.64,50.16,0.0,1698.06,1
2026-09-01 08:29:56,156.65,179.54,179.8,40.73,11.97,29.99,39.18,29.47,59.32,73.47,5.69,48.71,0.0,1706.63,1
2026-09-01 08:29:57,159.2,183.72,182.17,37.08,11.92,30.46,41.0,29.71,48.38,68.85,5.78,49.92,0.0,1704.77,1
2026-09-01 08:29:58,160.36,185.21,184.42,36.92,12.11,32.14,43.42,30.67,58.23,69.36,5.89,51.74,0.0,1651.0,1
2026-09-01 08:29:59,155.42,207.03,178.84,41.11,7.05,19.0,39.66,29.97,50.08,66.59,1.32,63.6,0.0,1687.11,1
2026-09-01 08:30:00,157.92,208.3,182.4,40.76,12.19,33.96,46.28,31.91,55.04,70.02,5.69,50.13,0.0,1720.48,1
2026-09-01 08:30:01,158.3,211.54,179.71,39.91,11.99,32.8,42.03,30.69,54.62,72.28,5.09,49.09,94.1,1710.49,0
2026-09-01 08:30:02,158.01,210.87,185.1,37.91,11.93,32.6,42.1,30.63,46.91,72.37,4.93,51.47,93.23,1671.18,0
2026-09-01 08:30:03,160.48,210.13,179.47,38.94,11.85,31.88,40.67,29.95,50.94,71.64,4.68,48.88,94.71,1685.95,0
2026-09-01 08:30:04,159.6,212.79,182.24,39.61,11.82,33.32,42.99,30.87,66.03,68.14,4.83,51.35,96.74,1688.69,0
2026-09-01 08:30:05,158.61,208.02,181.19,37.61,11.84,32.32,39.68,29.68,56.19,68.05,4.65,49.76,95.46,1688.28,0
2026-09-01 08:30:06,161.07,208.27,179.84,38.89,12.03,32.27,46.33,30.28,54.12,72.39,5.47,48.75,97.44,1689.86,0
2026-09-01 08:30:07,164.31,209.96,180.05,40.98,12.05,33.27,44.63,29.08,64.06,72.44,5.21,49.38,98.92,1682.79,0
2026-09-01 08:30:08,164.1,208.08,184.09,42.14,11.84,31.97,43.97,31.04,53.02,69.48,4.99,51.36,95.38,1673.54,0
2026-09-01 08:30:09,155.19,211.52,183.43,39.37,12.09,33.86,39.22,30.29,54.54,68.72,4.81,50.7,96.19,1735.33,0
2026-09-01 08:30:10,161.44,207.86,184.04,41.13,11.95,33.4,42.41,31.98,59.95,73.5,4.91,51.77,97.79,1696.36,0
2026-09-01 08:30:11,159.55,210.68,179.97,37.13,12.01,33.0,44.42,32.39,53.0,68.92,5.24,48.97,97.57,1688.29,0
2026-09-01 08:30:12,160.39,209.7,181.36,40.99,12.16,32.82,43.19,30.76,51.27,72.24,5.14,50.06,96.17,1707.55,0
2026-09-01 08:30:13,159.0,210.64,180.9,38.79,12.09,32.66,40.0,30.07,43.73,69.59,4.97,48.41,95.43,1661.22,0
2026-09-01 08:30:14,160.29,208.62,186.33,40.46,11.97,33.51,40.7,29.05,50.32,66.86,4.61,53.17,95.71,1703.26,0
2026-09-01 08:30:15,160.38,208.98,185.51,39.63,11.91,31.98,41.1,30.9,50.27,74.84,4.59,51.92,96.63,1662.95,0
2026-09-01 08:30:16,158.55,210.29,188.01,41.98,11.78,32.44,40.79,30.21,55.79,70.36,4.55,54.37,92.85,1699.37,0
2026-09-01 08:30:17,157.76,210.61,186.53,38.69,11.93,33.44,45.06,30.54,51.95,67.87,5.28,53.3,95.63,1674.76,0
2026-09-01 08:30:18,158.88,209.99,188.2,40.94,11.98,33.24,38.16,31.73,65.79,65.83,4.4,54.68,97.19,1705.94,0
2026-09-01 08:30:19,160.59,215.12,188.45,39.58,11.9,33.07,43.31,29.18,49.71,66.13,4.69,53.11,94.84,1744.92,0
2026-09-01 08:30:20,161.5,207.03,187.44,39.76,11.99,33.07,39.42,29.08,62.0,68.88,4.49,54.28,96.32,1694.78,0
2026-09-01 08:30:21,162.13,209.81,189.58,39.72,12.01,32.38,40.08,29.76,56.1,75.78,4.5,54.91,96.8,1661.72,0
2026-09-01 08:30:22,158.76,205.28,187.43,38.73,11.98,32.61,37.98,30.82,59.03,68.25,4.59,53.49,96.95,1678.53,0
2026-09-01 08:30:23,160.71,211.12,188.15,39.98,11.93,32.61,40.9,30.55,58.73,74.34,4.38,54.18,95.6,1698.3,0
2026-09-01 08:30:24,162.41,206.65,190.96,39.91,12.02,33.07,45.02,29.1,43.91,69.61,5.1,55.15,95.95,1716.73,0
2026-09-01 08:30:25,162.91,209.17,188.93,40.36,12.04,33.64,42.53,30.76,54.94,66.46,4.8,54.48,97.88,1668.95,0
2026-09-01 08:30:26,159.85,208.88,189.4,40.13,11.89,32.88,39.6,28.8,53.69,68.58,4.44,55.07,91.31,1728.65,0
2026-09-01 08:30:27,159.45,210.84,186.96,41.2,12.14,33.5,44.03,29.16,49.34,66.16,5.15,52.28,98.43,1703.74,0
2026-09-01 08:30:28,160.48,208.34,188.01,41.39,11.99,33.63,44.46,29.88,57.3,67.43,4.96,53.94,96.8,1690.78,0
2026-09-01 08:30:29,157.13,208.21,185.18,38.42,12.0,32.91,42.21,29.45,63.58,67.34,4.96,52.19,98.3,1708.19,0
2026-09-01 08:30:30,159.52,214.31,187.99,41.3,12.07,35.3,46.07,30.89,41.63,64.29,5.21,53.27,97.43,1665.44,0
2026-09-01 08:30:31,161.86,210.85,187.98,38.22,12.02,32.29,43.64,30.29,52.33,74.54,4.75,53.5,94.63,1672.4,0
2026-09-01 08:30:32,161.6,208.32,187.69,40.88,12.1,33.32,43.37,31.77,48.77,70.63,4.82,53.25,96.92,1663.09,0
2026-09-01 08:30:33,159.32,209.25,189.04,40.93,12.03,33.8,40.39,29.75,55.36,67.94,4.67,54.16,94.76,1735.32,0
2026-09-01 08:30:34,160.54,214.94,186.97,37.13,11.94,32.8,43.25,29.88,53.37,70.67,4.55,53.28,97.22,1690.6,0
2026-09-01 08:30:35,157.94,209.29,189.21,40.14,12.04,33.7,42.43,31.21,51.97,67.49,4.92,54.21,92.59,1693.91,0
2026-09-01 08:30:36,161.76,207.93,188.8,39.3,11.89,33.05,43.04,29.91,58.45,61.99,4.77,54.25,92.71,1712.82,0
2026-09-01 08:30:37,159.81,207.95,186.21,38.86,12.01,31.57,40.63,31.49,63.18,78.87,4.46,53.55,94.28,1661.6,0
2026-09-01 08:30:38,159.31,208.35,187.56,42.03,12.0,32.6,42.26,30.54,68.31,70.57,4.88,54.47,93.53,1673.73,0
2026-09-01 08:30:39,159.1,208.22,187.38,39.02,11.98,32.66,40.37,27.65,51.3,68.23,4.65,52.79,95.35,1696.99,0
2026-09-01 08:30:40,159.84,206.16,189.57,38.79,11.99,34.26,37.71,31.18,45.9,64.2,4.4,53.99,95.27,1723.59,0
2026-09-01 08:30:41,158.88,206.63,187.37,40.11,11.81,32.92,44.0,30.91,57.8,65.52,5.18,53.78,95.72,1707.54,0
2026-09-01 08:30:42,161.65,207.51,187.93,41.03,11.95,32.26,39.0,30.95,63.05,74.96,4.4,54.82,92.71,1696.84,0
2026-09-01 08:30:43,159.01,211.77,187.11,39.79,12.01,31.98,42.21,28.09,59.07,74.51,4.88,53.8,95.27,1694.77,0
2026-09-01 08:30:44,163.98,208.86,189.73,41.75,12.02,32.53,42.67,29.34,63.03,72.26,4.66,55.28,96.52,1712.03,0
2026-09-01 08:30:45,163.66,209.38,188.02,40.8,11.9,33.75,42.65,29.41,53.87,66.65,4.64,53.37,93.79,1670.13,0
2026-09-01 08:30:46,157.77,213.81,187.67,36.73,12.13,32.98,41.43,29.16,51.95,74.53,4.7,53.33,94.51,1695.27,0
2026-09-01 08:30:47,160.17,213.89,189.27,39.21,11.91,33.25,42.54,31.74,55.58,71.35,4.7,54.88,96.36,1698.53,0
2026-09-01 08:30:48,158.37,209.15,187.53,39.16,12.1,33.63,42.94,29.99,53.35,71.96,4.92,53.07,97.64,1683.78,0
2026-09-01 08:30:49,159.18,208.11,190.44,40.72,12.04,31.91,43.47,29.96,58.32,71.34,5.07,55.85,93.15,1686.33,0
2026-09-01 08:30:50,165.01,207.41,185.96,36.06,11.94,34.02,45.47,30.55,59.85,65.48,5.14,52.89,94.84,1656.69,0
2026-09-01 08:30:51,159.23,212.08,186.68,43.82,12.18,33.64,42.47,30.57,60.24,66.41,5.02,53.33,96.49,1677.77,0
2026-09-01 08:30:52,160.9,209.39,189.21,40.8,11.88,32.58,42.13,26.67,57.55,68.47,4.77,54.81,97.74,1641.39,0
2026-09-01 08:30:53,161.35,231.21,186.07,40.22,8.43,24.51,40.19,29.35,56.23,71.93,1.38,64.07,0.0,1701.82,1
2026-09-01 08:30:54,157.5,207.56,186.83,41.77,12.1,32.65,42.87,28.59,58.97,65.86,5.28,52.56,96.12,1690.78,0
2026-09-01 08:30:55,157.86,207.69,186.93,43.52,11.93,33.26,43.33,30.4,45.19,69.47,5.06,52.79,96.6,1685.53,0
2026-09-01 08:30:56,156.98,210.96,185.17,41.31,12.14,33.28,41.62,29.71,56.05,69.47,5.1,51.86,96.93,1693.28,0
2026-09-01 08:30:57,157.79,206.05,186.26,41.42,11.97,31.96,43.09,30.02,55.26,72.38,5.12,52.44,97.4,1694.07,0
2026-09-01 08:30:58,152.87,212.98,188.11,40.2,12.03,32.58,41.41,27.92,56.07,72.02,4.9,53.49,93.25,1681.03,0
2026-09-01 08:30:59,161.36,208.4,187.28,39.79,12.03,33.69,43.34,29.69,54.56,66.97,5.01,53.76,94.27,1659.93,0
2026-09-01 08:31:00,165.14,209.55,189.27,39.29,11.99,33.95,43.83,31.12,57.16,74.34,4.66,55.0,95.42,1697.7,0
2026-09-01 08:31:01,160.37,205.99,190.76,38.76,12.08,33.85,43.8,31.41,52.13,66.51,5.1,55.84,97.39,1667.87,0
2026-09-01 08:31:02,156.46,209.96,187.19,38.97,12.08,33.17,42.24,30.72,60.65,73.28,4.95,52.76,96.64,1694.58,0
2026-09-01 08:31:03,158.39,209.02,187.46,37.97,11.83,32.53,39.92,28.66,57.37,68.35,4.5,54.7,95.51,1713.69,0
2026-09-01 08:31:04,158.85,209.85,188.04,39.89,12.13,33.73,40.78,31.26,55.75,70.49,4.81,53.24,96.53,1722.84,0
2026-09-01 08:31:05,157.46,214.42,189.13,37.47,11.83,32.88,43.19,30.72,51.51,70.68,4.62,54.19,92.73,1694.85,0
2026-09-01 08:31:06,162.15,210.53,189.1,40.29,12.1,33.24,46.9,29.88,59.08,70.59,5.33,54.51,97.66,1680.95,0
2026-09-01 08:31:07,162.03,207.62,187.78,39.95,12.11,32.92,41.32,27.97,56.03,72.02,4.94,52.71,94.58,1677.59,0
2026-09-01 08:31:08,157.11,207.87,193.8,40.22,11.89,32.44,42.91,30.95,51.22,71.17,4.67,57.82,93.69,1693.76,0
2026-09-01 08:31:09,161.81,211.79,187.9,39.22,11.96,32.04,40.89,29.41,54.72,72.35,4.53,53.89,93.63,1648.02,0
2026-09-01 08:31:10,163.82,213.9,185.53,44.62,11.89,33.12,40.05,30.35,58.15,71.39,4.26,52.45,95.39,1670.64,0
2026-09-01 08:31:11,164.76,210.85,188.03,42.04,11.98,33.58,40.65,30.07,57.76,66.21,4.41,54.41,95.71,1671.38,0
2026-09-01 08:31:12,167.16,212.07,188.7,38.13,11.97,33.64,37.84,31.54,57.44,70.81,4.08,54.36,94.05,1694.71,0
2026-09-01 08:31:13,157.75,211.83,187.94,40.35,12.08,32.92,44.71,29.87,55.46,68.31,5.11,53.61,95.43,1685.27,0
2026-09-01 08:31:14,167.06,214.26,187.29,39.09,12.13,34.99,37.54,29.98,60.13,66.67,4.09,53.58,96.51,1689.32,0
2026-09-01 08:31:15,159.11,204.15,187.02,38.48,12.14,32.3,41.47,31.58,61.19,69.13,5.0,52.95,98.08,1683.73,0
2026-09-01 08:31:16,158.52,212.0,183.03,37.99,11.94,32.81,39.64,29.34,58.69,70.55,4.74,50.7,95.59,1681.68,0
2026-09-01 08:31:17,160.82,212.95,187.52,40.65,11.98,33.58,40.23,30.81,52.06,70.75,4.43,53.36,96.26,1692.05,0
2026-09-01 08:31:18,158.54,205.98,187.71,38.98,11.83,31.94,44.75,29.8,49.71,73.17,4.96,53.23,95.29,1699.84,0
2026-09-01 08:31:19,161.0,207.34,186.69,41.45,11.92,32.45,42.4,29.0,52.28,73.92,4.71,52.9,95.32,1707.17,0
2026-09-01 08:31:20,156.7,226.7,186.87,41.49,7.1,19.66,40.07,30.0,64.77,71.01,1.05,72.64,0.0,1685.01,1
2026-09-01 08:31:21,159.4,207.81,186.31,42.06,12.16,34.01,40.82,30.69,56.41,71.55,4.88,52.36,97.08,1706.51,0
2026-09-01 08:31:22,163.21,208.55,188.05,38.72,11.88,32.69,40.47,31.35,65.63,70.29,4.4,54.3,97.2,1717.19,0
2026-09-01 08:31:23,159.86,210.73,189.93,40.71,11.94,33.33,41.91,31.47,54.4,72.3,4.71,54.94,96.32,1673.11,0
2026-09-01 08:31:24,160.35,212.6,190.02,40.95,12.0,33.94,42.35,29.71,53.71,71.46,4.73,55.36,98.73,1700.98,0
2026-09-01 08:31:25,161.19,213.24,186.46,39.29,12.03,33.23,45.79,29.01,54.63,69.84,5.04,52.49,98.13,1673.63,0
2026-09-01 08:31:26,162.93,207.49,188.99,38.84,11.92,31.74,38.17,29.68,54.54,76.46,4.06,54.73,95.06,1709.51,0
2026-09-01 08:31:27,155.86,207.47,187.02,42.41,12.04,33.16,41.93,28.82,51.13,68.36,5.04,52.2,96.04,1688.63,0
2026-09-01 08:31:28,161.46,213.95,187.08,40.34,11.95,32.49,41.37,29.78,49.26,74.36,4.43,52.94,93.14,1676.87,0
2026-09-01 08:31:29,159.33,211.94,187.87,40.95,12.0,33.39,43.89,29.66,57.51,65.94,5.07,53.52,94.32,1666.45,0
2026-09-01 08:31:30,160.42,210.25,187.1,38.77,12.05,33.37,42.71,30.73,60.27,72.44,4.84,53.42,97.96,1673.05,0
2026-09-01 08:31:31,162.65,211.42,189.44,38.17,12.0,32.82,43.18,27.79,67.22,74.31,4.61,55.05,97.45,1681.28,0
2026-09-01 08:31:32,157.01,209.91,188.09,39.15,11.96,33.5,42.69,29.27,52.83,64.28,4.97,54.2,92.63,1706.78,0
2026-09-01 08:31:33,157.47,211.57,186.37,39.81,11.99,32.88,40.14,29.27,53.24,70.42,4.56,52.62,97.88,1678.24,0
2026-09-01 08:31:34,155.16,208.99,187.53,38.4,11.99,32.76,44.42,31.19,51.14,72.15,5.31,53.8,97.7,1675.08,0
2026-09-01 08:31:35,158.63,210.81,192.53,39.99,11.96,32.9,43.6,28.89,60.63,70.76,4.71,56.06,97.38,1719.47,0
2026-09-01 08:31:36,163.33,205.47,188.72,37.47,11.97,32.72,43.83,30.23,59.07,71.13,4.92,54.51,96.56,1675.89,0
2026-09-01 08:31:37,159.7,207.94,185.21,38.32,12.16,32.66,44.53,29.87,50.62,70.41,5.39,51.61,98.05,1660.71,0
2026-09-01 08:31:38,156.65,207.97,187.71,41.01,12.06,33.28,42.84,31.04,50.49,66.72,5.2,52.89,96.17,1656.39,0
2026-09-01 08:31:39,158.79,208.88,186.55,40.91,11.97,32.01,44.96,30.6,59.76,77.1,5.06,53.24,94.82,1668.94,0
2026-09-01 08:31:40,156.28,207.22,188.23,39.41,12.07,34.02,42.76,30.12,56.92,68.49,5.21,54.06,98.27,1683.55,0
2026-09-01 08:31:41,157.19,208.4,186.53,38.47,11.97,32.01,41.56,29.45,58.79,71.3,5.0,53.62,95.34,1684.07,0
2026-09-01 08:31:42,160.97,205.46,186.8,38.46,12.12,32.87,41.99,28.15,50.59,68.06,5.17,52.47,91.12,1671.09,0
2026-09-01 08:31:43,157.07,211.65,187.29,39.44,12.04,33.62,41.95,30.25,45.61,63.17,4.74,52.64,97.23,1652.44,0
2026-09-01 08:31:44,162.78,209.75,185.75,40.97,11.99,32.75,40.96,30.53,50.63,67.23,4.66,52.02,94.34,1665.53,0
2026-09-01 08:31:45,159.82,204.88,184.42,41.39,12.04,33.56,45.26,28.43,58.44,65.66,5.51,51.75,0.0,1656.78,1
2026-09-01 08:31:46,160.21,207.5,187.66,39.26,11.84,32.11,42.59,28.77,65.56,73.27,4.76,54.13,97.2,1623.07,0
2026-09-01 08:31:47,159.3,211.01,186.83,38.27,11.89,33.64,42.19,30.25,52.85,68.18,4.8,53.56,98.22,1636.69,0
2026-09-01 08:31:48,161.93,230.37,186.88,40.4,6.69,18.77,42.78,30.34,66.38,68.46,0.58,75.34,0.0,1688.64,1
2026-09-01 08:31:49,161.96,207.91,189.23,38.76,12.01,33.7,47.96,29.01,59.15,66.81,5.51,54.69,0.0,1676.53,1
2026-09-01 08:31:50,160.84,209.78,186.41,39.22,12.17,34.29,39.74,29.43,48.03,70.28,4.66,51.55,98.52,1694.3,0
2026-09-01 08:31:51,161.41,211.03,188.49,41.99,12.22,34.3,40.31,28.16,56.07,67.85,4.69,53.6,99.01,1669.02,0
2026-09-01 08:31:52,159.47,205.69,189.42,41.24,12.06,33.1,39.24,31.38,59.32,72.98,4.61,55.03,97.9,1670.24,0
2026-09-01 08:31:53,161.36,211.65,184.07,40.24,12.05,32.64,41.53,28.7,42.87,70.91,4.75,50.8,94.79,1665.07,0
2026-09-01 08:31:54,159.16,207.6,187.36,38.09,11.82,33.3,42.49,30.54,58.22,68.28,4.88,53.77,92.67,1664.36,0
2026-09-01 08:31:55,160.01,209.95,186.21,40.32,11.95,32.31,41.07,29.97,60.86,72.55,4.6,53.43,97.08,1666.91,0
2026-09-01 08:31:56,159.31,209.89,182.73,41.59,11.92,33.04,40.92,31.29,56.99,70.02,4.88,49.81,95.83,1716.6,0
2026-09-01 08:31:57,158.86,208.42,184.2,39.44,11.94,32.06,42.28,29.21,54.69,70.06,4.94,51.61,95.74,1679.68,0
2026-09-01 08:31:58,158.28,206.93,189.07,42.03,11.98,33.39,41.0,30.06,54.14,65.61,4.64,54.11,95.15,1665.97,0
2026-09-01 08:31:59,161.17,209.14,190.47,41.94,11.95,33.27,42.62,28.3,53.84,69.79,4.65,55.54,95.09,1700.95,0
2026-09-01 08:32:00,163.28,214.88,187.58,42.5,11.8,33.02,44.23,28.06,49.12,70.96,4.58,52.72,96.27,1681.07,0
2026-09-01 08:32:01,162.93,205.91,187.36,40.46,12.07,32.74,43.35,30.6,51.56,74.0,5.01,52.88,95.32,1703.15,0
2026-09-01 08:32:02,156.86,215.08,187.72,40.88,11.89,33.92,43.76,28.21,52.92,67.74,4.84,53.53,95.16,1691.32,0
2026-09-01 08:32:03,163.22,209.22,195.12,42.12,12.02,32.63,44.17,29.77,55.57,76.83,4.58,58.39,0.0,1684.03,1
2026-09-01 08:32:04,159.2,210.11,190.2,40.67,12.21,34.2,42.57,31.01,52.22,71.67,5.08,54.15,95.29,1687.17,0
2026-09-01 08:32:05,161.5,222.29,186.56,39.25,8.05,23.14,41.68,30.75,50.65,65.44,1.56,66.34,0.0,1688.53,1
2026-09-01 08:32:06,157.73,207.69,184.76,39.33,11.75,31.73,40.46,29.34,58.8,67.46,4.54,52.65,95.06,1655.41,0
2026-09-01 08:32:07,160.35,208.49,183.28,40.36,11.97,31.85,41.22,28.41,56.85,74.26,4.7,51.11,94.18,1683.17,0
2026-09-01 08:32:08,160.78,206.86,189.9,38.06,12.11,32.27,40.95,30.51,52.3,73.73,4.7,54.51,95.81,1686.35,0
2026-09-01 08:32:09,156.29,209.37,186.83,39.79,12.2,33.74,43.46,31.34,57.53,70.05,5.27,52.8,95.76,1688.82,0
2026-09-01 08:32:10,161.52,208.78,187.76,41.64,11.88,32.66,42.69,29.34,52.73,70.45,4.52,53.84,95.21,1670.78,0
2026-09-01 08:32:11,163.36,215.55,184.79,36.71,12.05,34.29,43.39,29.2,55.32,66.51,4.74,52.73,95.67,1704.52,0
2026-09-01 08:32:12,159.56,206.5,185.97,42.3,11.95,32.03,39.68,29.48,59.88,73.96,4.66,52.22,92.46,1684.85,0
2026-09-01 08:32:13,163.4,210.31,186.29,41.68,11.99,33.6,44.86,30.57,51.98,67.04,5.07,52.33,95.38,1671.96,0
2026-09-01 08:32:14,159.53,210.74,187.6,39.31,12.26,33.79,41.15,31.23,49.14,72.53,4.77,52.63,99.71,1688.19,0
2026-09-01 08:32:15,162.12,206.79,188.12,40.82,11.85,32.33,39.8,28.76,54.27,74.06,4.32,54.65,96.51,1700.87,0
2026-09-01 08:32:16,154.45,212.06,184.92,40.0,12.03,33.09,41.12,28.5,48.18,70.14,4.87,51.94,98.02,1665.38,0
2026-09-01 08:32:17,166.05,208.81,187.59,41.84,12.05,33.98,46.97,32.34,53.61,72.9,5.39,53.79,94.88,1662.67,0
2026-09-01 08:32:18,163.74,202.52,189.12,41.47,12.11,31.46,41.22,29.82,53.6,75.54,4.78,54.12,95.07,1696.16,0
2026-09-01 08:32:19,159.29,211.98,187.89,37.9,12.01,33.65,41.35,30.25,42.68,70.8,4.57,53.59,95.11,1698.97,0
2026-09-01 08:32:20,155.07,206.65,191.49,40.88,12.03,33.15,41.62,29.31,57.65,69.47,5.05,55.71,97.71,1677.46,0
2026-09-01 08:32:21,160.72,206.86,185.57,39.69,11.96,33.65,41.7,30.49,54.09,69.8,4.89,52.75,97.09,1675.82,0
2026-09-01 08:32:22,156.39,229.89,182.69,40.12,6.4,18.27,40.44,30.96,60.91,67.77,0.53,73.43,0.0,1697.04,1
2026-09-01 08:32:23,161.11,208.96,185.93,38.91,11.97,33.16,42.29,30.3,56.08,67.7,4.85,52.77,97.4,1663.23,0
2026-09-01 08:32:24,161.03,212.75,186.04,42.62,12.06,33.7,44.15,31.74,58.68,71.33,4.99,52.14,97.41,1631.32,0
2026-09-01 08:32:25,157.65,213.63,187.72,41.56,11.96,32.23,42.63,29.67,60.95,69.51,4.83,53.31,94.98,1681.15,0
2026-09-01 08:32:26,162.8,208.07,193.82,38.89,12.04,32.27,39.78,29.74,54.34,70.98,4.22,57.04,95.78,1681.09,0
2026-09-01 08:32:27,162.01,212.38,187.67,38.0,12.0,34.17,41.31,30.23,55.0,65.53,4.5,53.57,94.07,1697.35,0
2026-09-01 08:32:28,162.44,207.73,191.68,39.42,12.11,33.25,40.9,30.46,47.13,69.72,4.59,54.88,96.71,1694.68,0
2026-09-01 08:32:29,160.02,216.7,188.54,40.65,11.99,32.75,42.11,30.23,61.2,73.09,4.43,54.82,95.05,1711.75,0
2026-09-01 08:32:30,156.46,207.92,185.75,40.36,11.82,32.66,44.66,28.72,54.27,66.64,5.3,52.5,93.1,1683.7,0
2026-09-01 08:32:31,162.44,213.08,188.54,41.88,12.13,33.29,41.7,30.31,49.97,70.05,4.58,53.8,95.89,1722.48,0
2026-09-01 08:32:32,159.32,212.53,189.87,41.18,11.91,34.1,41.82,29.63,58.7,64.44,4.82,55.22,97.5,1701.55,0
2026-09-01 08:32:33,156.53,210.95,188.38,41.45,11.93,32.96,45.56,29.42,44.1,66.08,5.24,53.95,94.79,1680.24,0
2026-09-01 08:32:34,163.38,207.99,187.13,40.49,11.94,32.28,43.75,30.03,52.85,72.42,4.87,52.83,97.88,1699.31,0
2026-09-01 08:32:35,165.25,209.55,187.04,37.92,12.14,33.82,43.15,29.04,59.54,69.07,4.91,52.49,97.19,1659.99,0
2026-09-01 08:32:36,159.9,203.54,184.57,39.71,11.79,30.54,45.92,28.86,52.81,75.47,5.25,52.33,93.95,1672.24,0
2026-09-01 08:32:37,165.4,210.67,193.71,41.59,12.31,34.7,42.98,27.38,51.41,71.3,4.86,56.57,99.31,1674.7,0
2026-09-01 08:32:38,160.23,211.05,189.57,39.92,12.11,33.65,38.03,31.75,52.92,71.59,4.3,54.5,93.24,1673.8,0
2026-09-01 08:32:39,159.05,210.4,188.25,40.75,12.02,33.72,43.67,30.56,44.95,66.77,4.99,53.04,99.31,1694.56,0
2026-09-01 08:32:40,158.42,201.08,187.41,39.52,11.99,32.74,38.82,29.88,58.58,68.84,4.63,53.91,97.39,1699.54,0
2026-09-01 08:32:41,164.09,206.2,187.56,38.46,12.03,33.73,42.9,29.33,54.39,67.8,4.94,53.66,96.54,1693.08,0
2026-09-01 08:32:42,158.05,207.76,188.72,39.81,12.05,32.79,38.57,27.12,53.64,66.8,4.63,53.58,97.64,1664.81,0
2026-09-01 08:32:43,161.84,210.87,187.06,40.46,12.06,33.33,41.07,29.27,53.66,71.99,4.53,53.19,96.6,1690.82,0
2026-09-01 08:32:44,158.6,210.87,189.44,39.02,12.06,33.44,41.27,30.72,55.07,72.59,4.62,54.59,95.53,1701.39,0
2026-09-01 08:32:45,158.85,209.49,186.72,39.65,12.01,33.6,40.46,30.94,58.27,71.2,4.74,53.22,96.04,1691.54,0
2026-09-01 08:32:46,162.58,211.91,189.76,38.59,11.98,33.71,41.3,30.64,54.74,67.52,4.42,54.34,95.21,1648.69,0
2026-09-01 08:32:47,159.05,206.92,189.24,41.68,11.98,33.09,44.07,30.16,48.19,70.99,5.0,54.57,94.53,1657.47,0
2026-09-01 08:32:48,158.99,211.83,186.26,39.56,11.98,34.3,40.57,31.3,57.88,64.26,4.67,52.73,95.25,1687.88,0
2026-09-01 08:32:49,162.83,211.42,185.48,42.18,12.11,33.17,43.09,29.67,57.49,73.97,4.99,51.9,97.23,1699.87,0
2026-09-01 08:32:50,163.99,211.13,187.0,42.29,12.06,33.37,40.07,31.09,56.03,66.11,4.61,53.3,97.01,1656.92,0
2026-09-01 08:32:51,161.61,209.45,186.99,39.88,11.71,33.2,41.62,29.62,60.38,66.64,4.61,54.08,95.71,1676.29,0
2026-09-01 08:32:52,158.36,215.49,187.89,38.49,12.07,33.88,42.65,29.12,55.15,70.35,4.67,53.01,96.06,1677.12,0
2026-09-01 08:32:53,158.72,211.48,186.8,36.87,12.02,33.21,40.01,28.99,60.56,70.61,4.49,53.92,95.09,1655.98,0
2026-09-01 08:32:54,160.2,207.09,187.99,37.79,12.0,32.55,39.38,28.94,62.04,69.78,4.51,54.24,94.1,1681.71,0
2026-09-01 08:32:55,160.8,210.74,184.77,37.94,11.96,34.19,42.98,30.66,57.91,66.67,4.89,52.09,96.35,1683.82,0
2026-09-01 08:32:56,157.53,212.26,187.87,42.07,12.11,32.9,44.25,29.26,51.26,73.4,5.03,53.26,99.11,1679.23,0
2026-09-01 08:32:57,161.81,208.24,187.44,40.17,12.09,34.03,41.84,28.97,54.35,64.94,4.95,53.21,96.17,1695.69,0
2026-09-01 08:32:58,160.21,213.27,187.25,40.58,11.92,33.41,41.09,30.71,61.19,65.55,4.44,53.88,94.54,1674.81,0
2026-09-01 08:32:59,155.71,211.15,188.06,36.67,12.04,33.11,42.31,30.33,47.51,69.68,4.91,53.82,97.63,1689.65,0
2026-09-01 08:33:00,157.68,202.97,189.34,38.2,11.9,32.99,42.11,30.96,53.04,66.21,5.11,55.38,93.64,1684.05,0
2026-09-01 08:33:01,158.74,210.9,187.12,41.33,11.86,31.98,42.49,30.51,53.29,73.67,4.7,53.4,97.3,1688.59,0
2026-09-01 08:33:02,159.82,208.78,187.33,40.43,11.94,32.92,36.94,29.25,50.67,66.47,4.18,53.6,95.39,1665.92,0
2026-09-01 08:33:03,164.72,211.61,187.85,39.78,12.09,33.34,39.86,30.08,59.36,74.67,4.24,53.98,97.26,1685.89,0
2026-09-01 08:33:04,160.6,212.83,188.5,40.85,12.1,33.7,40.31,30.13,56.88,73.11,4.52,54.24,96.82,1698.31,0
2026-09-01 08:33:05,157.9,210.59,186.8,42.45,12.05,31.95,42.3,29.08,51.44,73.71,5.03,53.29,92.64,1693.68,0
2026-09-01 08:33:06,160.55,215.0,187.53,39.67,12.07,33.7,42.37,28.9,58.03,75.66,4.64,53.84,96.48,1699.37,0
2026-09-01 08:33:07,159.12,209.46,190.53,40.1,12.05,32.84,43.27,29.32,54.21,70.24,4.88,55.32,95.84,1678.54,0
2026-09-01 08:33:08,160.81,211.87,186.46,40.29,11.94,33.41,42.52,32.04,50.55,66.96,4.71,52.55,96.07,1706.61,0
2026-09-01 08:33:09,161.45,212.41,184.78,43.59,12.04,33.95,39.4,29.59,51.44,69.69,4.4,51.71,98.07,1668.75,0
2026-09-01 08:33:10,163.02,209.71,185.75,36.85,12.08,34.1,44.89,31.23,57.18,68.3,5.16,51.96,97.38,1669.33,0
2026-09-01 08:33:11,159.94,212.34,186.31,41.02,12.08,34.04,44.54,29.53,59.7,67.87,5.01,53.03,95.6,1709.31,0
2026-09-01 08:33:12,164.1,208.22,187.95,39.83,12.12,33.3,39.48,30.89,52.57,70.45,4.57,53.49,99.45,1683.47,0
2026-09-01 08:33:13,162.27,208.73,186.21,40.85,12.07,33.73,42.67,30.9,57.72,69.06,4.99,52.13,96.63,1692.31,0
2026-09-01 08:33:14,158.23,206.06,187.34,39.01,12.04,34.31,40.81,30.95,62.91,67.74,4.86,53.53,98.21,1639.72,0
2026-09-01 08:33:15,165.52,210.72,186.67,39.93,12.11,33.54,42.28,30.39,48.71,69.26,4.79,52.14,98.19,1681.17,0
2026-09-01 08:33:16,160.82,210.98,188.35,41.07,12.0,33.58,44.11,31.38,56.78,71.65,4.92,54.39,94.48,1679.35,0
2026-09-01 08:33:17,157.91,213.54,186.62,44.67,11.91,32.37,46.26,30.38,59.15,72.87,5.21,53.27,96.87,1685.23,0
2026-09-01 08:33:18,164.13,212.37,188.19,41.21,11.98,34.02,43.5,31.71,54.52,65.19,4.85,53.36,97.17,1684.64,0
2026-09-01 08:33:19,165.19,209.15,188.37,38.73,11.93,32.91,42.59,28.38,61.19,69.09,4.59,54.69,95.52,1666.7,0
2026-09-01 08:33:20,159.92,206.47,187.31,39.36,11.93,32.76,41.32,30.35,65.99,69.58,4.65,54.18,94.79,1722.36,0
2026-09-01 08:33:21,158.74,211.3,188.43,39.5,11.99,33.62,42.47,30.28,56.72,66.45,5.01,54.23,97.1,1657.53,0
2026-09-01 08:33:22,159.57,213.33,190.72,37.67,11.92,33.16,44.92,29.06,53.83,69.64,4.79,55.13,96.85,1668.4,0
2026-09-01 08:33:23,161.79,212.27,189.18,40.05,11.97,34.3,42.21,30.58,59.88,70.44,4.55,55.06,95.14,1691.77,0
2026-09-01 08:33:24,163.19,213.25,191.82,41.83,11.81,33.44,40.63,28.51,59.21,71.56,4.18,56.76,95.38,1652.75,0
2026-09-01 08:33:25,161.43,209.36,186.68,39.0,12.02,33.1,39.27,29.35,42.41,70.23,4.45,52.26,95.66,1671.81,0
2026-09-01 08:33:26,160.25,208.6,187.96,42.66,12.0,33.11,43.63,28.0,54.99,67.36,4.95,53.27,95.18,1688.39,0
2026-09-01 08:33:27,163.75,207.79,185.06,42.0,11.92,32.84,43.2,31.56,53.03,76.04,4.7,51.63,95.99,1663.52,0
2026-09-01 08:33:28,159.22,209.83,185.97,40.35,12.07,33.1,41.52,29.77,56.98,72.49,4.75,54.17,97.72,1659.15,0
2026-09-01 08:33:29,162.58,209.76,189.37,41.42,12.09,33.84,44.96,32.17,54.03,71.66,5.07,53.88,97.53,1681.34,0
2026-09-01 08:33:30,159.28,210.62,186.9,44.22,11.84,33.3,42.17,30.8,54.57,73.01,4.62,52.66,94.51,1675.84,0
2026-09-01 08:33:31,161.08,209.61,190.62,43.1,11.92,32.73,42.84,30.45,50.68,70.73,4.77,55.2,93.68,1660.08,0
2026-09-01 08:33:32,159.72,209.6,186.52,42.19,11.92,32.21,43.18,29.41,58.67,73.86,4.84,53.2,94.92,1675.29,0
2026-09-01 08:33:33,159.86,207.67,186.51,42.01,11.91,32.39,42.61,28.95,63.28,70.17,4.88,53.18,95.8,1671.97,0
2026-09-01 08:33:34,159.06,212.82,186.77,42.66,12.08,33.76,43.89,30.52,50.76,70.01,5.05,52.33,99.92,1691.94,0
2026-09-01 08:33:35,163.36,210.23,186.52,41.96,11.98,32.52,45.82,29.93,48.01,71.91,5.01,52.56,94.39,1652.83,0
2026-09-01 08:33:36,158.17,209.48,189.21,39.75,11.97,32.35,41.33,28.66,55.1,74.73,4.73,54.74,95.62,1655.31,0
2026-09-01 08:33:37,158.15,207.76,189.01,46.15,11.8,31.45,44.69,28.48,54.86,74.54,5.0,54.34,94.16,1667.01,0
2026-09-01 08:33:38,165.3,206.0,187.44,43.51,12.06,33.28,44.16,29.04,60.85,71.78,5.03,53.45,93.13,1666.45,0
2026-09-01 08:33:39,162.44,213.92,188.11,44.05,11.88,33.2,44.23,31.82,48.85,71.55,4.66,53.86,94.13,1690.67,0
2026-09-01 08:33:40,154.04,211.66,186.86,43.55,12.01,32.79,45.76,32.21,52.31,72.09,5.34,52.87,94.26,1674.6,0
2026-09-01 08:33:41,158.59,205.13,185.78,42.72,12.03,32.6,44.22,30.2,44.26,72.96,5.21,51.59,95.62,1684.6,0
2026-09-01 08:33:42,155.47,212.29,185.62,43.72,12.14,32.9,45.18,30.15,61.87,73.9,5.27,52.0,99.37,1700.01,0
2026-09-01 08:33:43,157.62,212.77,189.0,41.78,11.87,32.86,45.75,29.66,56.25,69.29,4.93,55.48,95.93,1655.01,0
2026-09-01 08:33:44,152.15,210.37,184.7,47.78,11.7,31.07,43.42,29.07,52.68,73.95,5.1,51.46,93.84,1699.98,0
2026-09-01 08:33:45,159.66,214.79,190.08,42.69,12.02,33.55,45.12,31.38,48.39,71.03,4.86,55.08,99.08,1671.42,0
2026-09-01 08:33:46,157.15,210.65,186.89,43.18,12.18,34.37,44.12,31.87,48.85,71.95,5.19,51.95,99.59,1624.71,0
2026-09-01 08:33:47,160.15,205.75,186.24,44.25,12.12,32.61,44.46,29.11,57.07,74.15,5.43,52.66,95.77,1675.41,0
2026-09-01 08:33:48,155.94,211.1,188.03,47.02,12.02,33.09,44.18,29.92,49.46,72.24,5.16,53.52,93.42,1642.89,0
2026-09-01 08:33:49,160.21,210.73,190.43,45.29,11.95,32.97,45.87,29.55,55.52,72.75,4.95,55.0,92.14,1644.05,0
2026-09-01 08:33:50,158.96,208.19,189.23,43.6,12.08,33.44,45.19,29.58,65.21,68.83,5.35,54.78,95.32,1650.48,0
2026-09-01 08:33:51,163.75,211.72,188.12,47.52,11.9,32.63,45.92,31.19,53.26,74.49,5.04,53.86,94.38,1668.79,0
2026-09-01 08:33:52,163.53,205.0,188.57,46.91,12.05,32.34,45.2,28.69,50.19,72.09,5.29,53.8,98.71,1645.19,0
2026-09-01 08:33:53,161.96,212.97,183.93,46.81,12.05,33.27,42.13,30.47,56.91,70.38,4.86,51.85,98.22,1695.39,0
2026-09-01 08:33:54,159.18,207.37,187.7,47.26,12.11,33.13,45.5,30.73,48.87,73.3,5.44,53.63,98.24,1692.35,0
2026-09-01 08:33:55,164.96,207.05,186.55,49.96,12.28,32.62,45.66,29.86,63.6,77.76,5.49,52.42,97.44,1721.92,0
2026-09-01 08:33:56,156.12,209.66,188.12,49.82,12.04,34.18,46.12,30.89,62.02,66.49,5.71,54.27,0.0,1668.2,1
2026-09-01 08:33:57,156.49,211.3,187.5,45.7,11.95,33.93,44.55,30.15,54.18,67.59,5.11,53.99,94.98,1660.08,0
2026-09-01 08:33:58,159.79,210.49,189.46,49.34,12.0,31.67,43.45,31.22,50.51,78.06,4.83,54.28,99.29,1673.92,0
2026-09-01 08:33:59,165.64,207.77,188.4,47.67,11.82,33.02,47.19,28.48,52.87,71.28,5.15,54.61,93.66,1686.82,0
2026-09-01 08:34:00,159.49,208.48,187.41,48.02,11.93,32.21,45.49,29.65,53.52,70.57,5.26,54.49,94.26,1695.28,0
2026-09-01 08:34:01,159.54,206.6,186.78,44.92,11.96,32.63,46.48,29.93,56.92,69.65,5.51,52.81,0.0,1657.25,1
2026-09-01 08:34:02,156.4,209.33,188.38,47.38,11.95,31.95,45.68,27.33,60.2,73.63,5.46,54.61,94.14,1689.4,0
2026-09-01 08:34:03,162.36,213.23,186.61,46.6,12.02,31.42,46.33,28.91,49.82,77.83,5.04,52.27,96.96,1689.15,0
2026-09-01 08:34:04,162.38,209.99,187.87,49.24,11.92,32.89,45.55,29.19,60.05,68.0,5.02,53.92,95.77,1728.2,0
2026-09-01 08:34:05,161.97,212.58,185.87,49.79,12.11,33.91,44.61,30.95,58.09,69.71,5.33,52.23,95.77,1697.19,0
2026-09-01 08:34:06,158.43,214.37,187.46,45.25,12.0,32.91,47.59,29.29,52.46,68.95,5.52,53.53,0.0,1706.27,1
2026-09-01 08:34:07,158.23,208.24,186.18,48.51,12.0,31.91,45.54,29.18,49.57,72.2,5.44,53.25,94.72,1708.47,0
2026-09-01 08:34:08,156.77,209.44,187.07,50.41,11.97,33.2,47.18,30.82,55.58,73.67,5.49,53.11,97.25,1655.37,0
2026-09-01 08:34:09,160.21,216.51,185.4,48.63,12.02,32.7,47.77,28.38,49.7,74.86,5.36,52.34,95.9,1653.16,0
2026-09-01 08:34:10,157.3,214.33,187.19,50.18,12.08,33.28,45.88,27.93,60.12,72.3,5.32,53.02,96.34,1688.24,0
2026-09-01 08:34:11,157.06,204.98,186.15,49.8,11.91,32.04,44.74,29.64,49.38,77.56,5.28,52.43,96.51,1661.07,0
2026-09-01 08:34:12,158.94,211.16,186.61,49.97,11.93,33.25,52.1,28.55,57.74,68.28,5.98,53.78,0.0,1683.77,1
2026-09-01 08:34:13,158.78,210.0,186.21,49.23,11.97,32.81,46.3,28.59,54.6,67.5,5.46,53.16,96.11,1666.57,0
2026-09-01 08:34:14,158.66,212.48,186.83,47.99,11.87,32.11,48.7,30.57,52.2,74.41,5.44,53.11,96.47,1676.13,0
2026-09-01 08:34:15,161.17,207.77,188.54,48.32,11.92,33.15,51.43,30.88,54.49,70.37,5.86,54.05,0.0,1674.49,1
2026-09-01 08:34:16,160.2,207.48,188.91,51.25,11.95,33.84,49.24,30.79,60.4,65.87,5.85,54.92,0.0,1682.23,1
2026-09-01 08:34:17,159.28,207.97,186.24,50.39,12.09,33.53,47.16,31.11,49.04,69.05,5.7,51.99,0.0,1644.03,1
2026-09-01 08:34:18,160.46,208.28,191.53,50.34,12.03,33.71,47.72,31.24,52.94,70.77,5.41,55.56,96.16,1641.9,0
2026-09-01 08:34:19,157.52,212.45,185.99,50.09,12.02,33.02,46.29,27.87,51.24,68.06,5.5,52.2,0.0,1665.55,1
2026-09-01 08:34:20,160.26,206.46,189.77,50.45,12.09,33.71,49.82,30.45,54.81,66.96,5.97,54.57,0.0,1669.71,1
2026-09-01 08:34:21,160.38,208.13,187.51,52.66,11.99,32.79,49.29,29.47,51.58,69.38,5.92,53.13,0.0,1700.81,1
2026-09-01 08:34:22,156.24,204.63,185.75,50.77,12.04,32.5,47.23,29.25,46.16,66.81,5.96,51.27,0.0,1675.85,1
2026-09-01 08:34:23,162.49,213.02,186.24,49.44,11.99,32.87,46.28,30.56,49.72,71.91,5.13,53.13,95.56,1671.95,0
2026-09-01 08:34:24,157.8,213.81,189.05,52.75,12.03,33.79,45.82,28.27,63.19,64.17,5.33,55.1,95.74,1661.94,0
2026-09-01 08:34:25,160.23,209.02,189.45,51.51,11.94,32.97,50.54,28.25,56.23,70.27,5.73,54.84,0.0,1677.26,1
2026-09-01 08:34:26,162.91,209.11,187.25,52.05,11.76,32.43,48.91,30.63,56.06,71.56,5.3,53.7,95.72,1662.17,0
2026-09-01 08:34:27,162.31,211.36,186.37,54.59,11.99,33.2,49.2,30.49,53.59,69.73,5.52,53.27,0.0,1642.98,1
2026-09-01 08:34:28,160.09,214.42,186.02,52.33,12.14,33.26,47.22,30.14,54.74,73.28,5.38,52.46,98.64,1687.9,0
2026-09-01 08:34:29,159.09,211.23,186.74,52.98,12.09,33.06,46.04,29.12,52.85,65.89,5.53,52.47,0.0,1656.48,1
2026-09-01 08:34:30,162.37,207.91,186.77,50.96,12.1,33.51,51.0,30.74,57.63,67.9,5.98,53.18,0.0,1657.81,1
2026-09-01 08:34:31,161.69,205.14,186.56,52.58,12.12,33.68,49.26,30.68,55.5,69.01,6.09,52.71,0.0,1637.85,1
2026-09-01 08:34:32,158.45,206.65,185.57,54.01,12.01,32.0,51.09,30.09,49.14,72.14,6.24,52.08,0.0,1673.82,1
2026-09-01 08:34:33,158.01,210.22,187.48,50.94,12.02,32.19,48.6,28.82,56.27,70.66,5.67,53.85,0.0,1700.29,1
2026-09-01 08:34:34,154.82,208.03,191.51,53.76,11.94,31.35,49.0,29.57,42.71,76.43,5.66,55.65,0.0,1631.82,1
2026-09-01 08:34:35,160.39,210.58,185.86,53.79,11.97,33.28,51.0,30.84,57.07,67.58,5.98,53.03,0.0,1633.76,1
2026-09-01 08:34:36,159.79,208.34,186.38,53.88,12.06,33.86,51.14,31.33,47.95,65.82,6.09,53.07,0.0,1673.91,1
2026-09-01 08:34:37,162.84,183.1,187.0,55.56,6.19,15.82,51.37,29.67,54.52,75.37,1.08,79.92,0.0,1671.13,1
2026-09-01 08:34:38,160.9,206.47,187.42,54.68,11.99,33.67,49.29,29.75,49.03,65.71,5.88,54.13,0.0,1656.28,1
2026-09-01 08:34:39,163.34,214.69,189.46,56.58,11.95,33.21,51.21,29.84,55.01,72.05,5.47,55.26,95.19,1654.54,0
2026-09-01 08:34:40,158.26,212.67,186.18,53.06,12.0,33.9,52.3,30.27,57.89,67.06,6.22,52.75,0.0,1671.31,1
2026-09-01 08:34:41,162.85,215.19,190.02,54.93,12.06,34.22,49.97,29.42,62.51,63.79,5.63,54.64,0.0,1627.35,1
2026-09-01 08:34:42,158.68,211.62,188.36,55.04,11.86,32.97,49.26,27.11,47.29,68.88,5.66,54.46,0.0,1639.1,1
2026-09-01 08:34:43,161.94,208.71,187.68,53.49,11.77,32.48,53.07,31.19,59.88,72.7,5.85,53.89,0.0,1644.93,1
2026-09-01 08:34:44,156.35,213.97,186.92,56.71,11.94,33.04,49.18,31.79,55.66,66.33,5.81,53.38,0.0,1657.17,1
2026-09-01 08:34:45,160.59,209.9,186.21,58.94,11.88,32.46,51.84,29.39,52.75,71.73,6.04,53.18,0.0,1657.61,1
2026-09-01 08:34:46,155.04,210.66,188.35,55.61,11.95,33.28,50.57,28.93,58.8,72.29,6.1,53.89,0.0,1612.78,1
2026-09-01 08:34:47,159.33,209.87,184.76,56.58,11.99,34.2,47.1,29.86,53.82,66.18,5.69,51.58,0.0,1638.67,1
2026-09-01 08:34:48,161.1,201.16,186.55,56.13,11.95,32.4,53.15,29.81,58.59,69.32,6.58,52.79,0.0,1676.19,1
2026-09-01 08:34:49,158.7,214.81,186.17,55.11,12.15,33.52,45.47,31.0,50.04,74.73,5.36,52.95,98.65,1674.66,0
2026-09-01 08:34:50,157.37,211.47,187.62,53.63,12.03,32.51,47.12,30.05,51.84,71.95,5.58,53.63,0.0,1681.7,1
2026-09-01 08:34:51,162.12,210.99,186.68,55.49,12.03,32.81,52.25,29.21,59.72,69.22,6.04,52.88,0.0,1674.77,1
2026-09-01 08:34:52,159.74,209.81,178.54,54.64,12.06,32.36,52.35,28.68,62.43,71.25,6.55,47.76,0.0,1662.09,1
2026-09-01 08:34:53,158.78,210.49,186.02,59.47,11.89,32.93,50.12,30.87,54.82,67.94,5.96,52.52,0.0,1644.62,1
2026-09-01 08:34:54,160.1,208.21,188.52,56.92,12.1,33.05,51.79,30.6,41.06,73.34,6.18,52.92,0.0,1644.28,1
2026-09-01 08:34:55,166.59,211.85,187.22,56.75,11.99,33.54,46.53,31.06,54.0,73.34,5.27,53.08,93.31,1646.91,0
2026-09-01 08:34:56,162.88,206.08,189.83,58.79,12.07,33.3,53.11,29.03,55.16,70.36,6.25,55.06,0.0,1680.29,1
2026-09-01 08:34:57,162.91,210.56,189.28,55.95,11.89,33.72,52.3,31.84,53.84,70.69,5.73,54.21,0.0,1674.29,1
2026-09-01 08:34:58,161.09,211.68,187.06,56.67,11.84,33.16,51.81,28.26,56.68,67.0,5.91,54.13,0.0,1644.29,1
2026-09-01 08:34:59,160.42,209.4,188.84,58.1,12.08,34.51,52.04,30.71,52.62,65.94,6.17,53.26,0.0,1671.08,1
2026-09-01 08:35:00,154.01,211.11,184.23,41.54,12.04,33.09,42.99,28.09,59.19,68.87,5.18,51.64,96.76,1675.95,0
2026-09-01 08:35:01,158.3,207.03,187.03,40.75,11.91,32.38,41.94,29.21,49.17,69.74,4.87,52.86,95.19,1673.57,0
2026-09-01 08:35:02,158.8,207.1,188.98,40.37,11.91,31.7,38.25,31.56,61.18,73.19,4.31,55.31,92.57,1681.15,0
2026-09-01 08:35:03,155.31,210.71,184.65,40.12,12.11,32.39,46.39,30.83,62.75,72.77,5.57,52.51,0.0,1664.15,1
2026-09-01 08:35:04,157.11,212.04,187.6,40.6,11.88,32.88,44.4,29.45,50.43,70.55,4.91,53.94,96.12,1657.76,0
2026-09-01 08:35:05,155.05,204.38,191.28,40.3,12.16,32.6,39.43,29.48,50.43,73.57,4.8,55.3,99.33,1664.46,0
2026-09-01 08:35:06,159.9,211.57,190.48,38.46,11.91,34.35,41.31,30.1,57.05,67.17,4.68,55.51,94.92,1683.17,0
2026-09-01 08:35:07,162.05,208.37,188.16,40.07,12.06,32.34,41.53,30.51,49.06,73.23,4.76,53.98,97.09,1677.96,0
2026-09-01 08:35:08,162.77,209.42,189.33,38.39,11.97,34.1,44.16,31.25,52.54,67.63,4.73,54.16,96.0,1664.58,0
2026-09-01 08:35:09,161.04,205.98,183.71,40.12,12.06,32.28,37.68,29.54,60.51,73.72,4.44,51.55,97.29,1685.59,0
2026-09-01 08:35:10,157.59,207.45,186.78,39.28,11.95,32.05,41.0,28.39,58.69,69.96,4.83,53.81,94.6,1699.7,0
2026-09-01 08:35:11,155.17,212.9,185.81,43.81,11.98,34.5,38.48,30.16,64.9,64.01,4.46,53.39,95.76,1713.61,0
2026-09-01 08:35:12,155.61,210.1,187.29,39.94,12.0,32.11,41.43,29.54,55.85,72.19,4.63,53.62,96.85,1713.23,0
2026-09-01 08:35:13,156.83,208.85,187.19,37.89,11.9,32.2,41.05,28.7,51.95,72.43,4.61,53.6,95.8,1726.54,0
2026-09-01 08:35:14,157.78,209.65,183.53,39.8,12.07,33.72,42.16,30.3,55.26,68.63,5.02,51.33,97.51,1689.13,0
2026-09-01 08:35:15,159.6,211.47,188.36,40.78,11.95,32.89,40.79,29.79,54.25,68.89,4.69,54.05,96.78,1608.59,0
2026-09-01 08:35:16,157.46,211.32,187.57,42.51,11.98,32.42,40.5,30.31,54.32,69.52,4.68,54.13,96.06,1666.16,0
2026-09-01 08:35:17,160.85,209.77,189.18,39.12,11.9,33.82,43.24,29.11,54.88,64.22,4.81,55.57,95.65,1632.46,0
2026-09-01 08:35:18,159.42,213.28,186.5,37.63,11.74,34.04,42.91,30.49,50.34,62.91,4.65,52.53,93.12,1695.21,0
2026-09-01 08:35:19,160.03,212.91,186.7,41.23,11.98,32.31,43.1,28.68,56.41,73.9,4.8,52.98,97.14,1655.3,0
2026-09-01 08:35:20,162.85,211.24,182.07,37.93,12.24,33.32,41.65,29.17,47.96,67.53,5.01,48.95,96.28,1670.39,0
2026-09-01 08:35:21,157.05,210.16,187.45,39.35,12.08,32.52,40.86,29.76,51.42,75.57,4.75,52.85,97.56,1658.42,0
2026-09-01 08:35:22,161.05,211.97,188.44,39.61,12.0,32.99,41.76,31.74,54.41,74.11,4.59,54.09,96.18,1697.19,0
2026-09-01 08:35:23,159.97,210.94,186.44,39.9,11.97,31.83,43.0,30.78,43.7,74.7,4.88,52.55,94.72,1637.41,0
2026-09-01 08:35:24,159.17,213.18,189.71,41.03,12.0,34.11,37.65,31.08,58.84,68.05,4.19,54.95,95.01,1675.12,0
2026-09-01 08:35:25,162.21,212.7,186.48,38.97,12.05,34.14,42.79,31.42,44.73,65.17,4.91,52.5,96.76,1640.0,0
2026-09-01 08:35:26,162.2,206.95,188.45,39.59,11.88,34.0,42.62,33.6,58.35,66.74,4.81,54.23,94.69,1618.06,0
2026-09-01 08:35:27,157.63,206.74,185.48,39.98,12.11,34.07,42.12,30.04,48.54,68.66,5.17,51.55,96.24,1664.47,0
2026-09-01 08:35:28,159.54,207.9,187.64,40.22,12.07,34.32,41.7,31.42,52.98,62.88,4.95,53.57,97.21,1636.15,0
2026-09-01 08:35:29,160.7,212.93,184.44,40.15,12.07,33.82,36.87,31.01,57.6,68.57,4.24,51.51,94.04,1630.61,0
2026-09-01 08:35:30,159.32,205.27,188.91,40.65,12.04,33.22,41.12,31.0,65.99,69.39,4.85,54.27,96.49,1629.06,0
2026-09-01 08:35:31,161.46,211.18,188.92,41.27,12.0,34.14,45.58,31.77,55.58,66.12,5.2,55.27,95.46,1652.56,0
2026-09-01 08:35:32,160.7,211.09,189.48,40.59,12.07,33.41,42.03,29.58,45.09,66.88,4.78,54.4,94.68,1678.9,0
2026-09-01 08:35:33,164.58,213.49,186.79,40.68,12.06,33.87,41.39,29.5,59.77,69.34,4.47,53.24,95.96,1630.87,0
2026-09-01 08:35:34,156.17,210.54,188.47,37.63,11.96,32.61,42.03,30.32,53.84,71.07,4.66,54.47,93.75,1681.62,0
2026-09-01 08:35:35,159.69,205.97,188.66,40.08,11.94,32.85,42.71,29.82,55.35,67.33,4.85,54.52,97.31,1649.17,0
2026-09-01 08:35:36,157.73,207.12,188.2,40.72,12.01,32.5,43.32,30.32,57.79,70.88,5.02,53.4,97.16,1638.58,0
2026-09-01 08:35:37,161.51,206.45,186.7,41.09,12.15,33.71,41.54,31.56,43.87,70.41,4.99,52.16,98.5,1684.08,0
2026-09-01 08:35:38,155.96,208.39,184.15,38.96,11.88,31.89,42.85,29.52,55.03,70.14,4.99,51.48,95.77,1678.99,0
2026-09-01 08:35:39,160.87,209.45,188.82,39.01,11.85,33.15,45.35,29.7,52.95,68.04,5.08,54.59,91.65,1675.89,0
2026-09-01 08:35:40,158.42,206.5,187.95,39.14,12.02,33.6,44.01,30.17,61.11,66.0,5.13,54.2,94.36,1664.19,0
2026-09-01 08:35:41,158.16,214.41,185.89,40.8,12.01,32.61,46.68,29.77,58.64,75.09,5.26,53.08,97.38,1637.96,0
2026-09-01 08:35:42,156.38,206.02,187.83,41.55,12.02,31.59,40.69,28.09,46.86,71.89,4.7,52.86,99.1,1684.19,0
2026-09-01 08:35:43,158.84,214.04,186.91,39.39,12.02,32.67,45.35,29.42,61.31,73.02,4.96,53.02,96.76,1659.78,0
2026-09-01 08:35:44,162.71,213.56,186.25,41.36,11.98,33.52,40.42,30.69,57.25,69.75,4.36,52.73,97.9,1661.78,0
2026-09-01 08:35:45,159.94,212.69,183.42,40.19,12.15,33.31,42.71,31.44,47.26,69.51,4.96,50.93,95.96,1666.8,0
2026-09-01 08:35:46,161.57,207.92,186.1,39.81,11.84,32.28,43.46,28.85,55.28,71.47,4.78,52.9,93.8,1678.69,0
2026-09-01 08:35:47,164.16,211.03,191.36,39.68,11.92,34.48,40.98,28.84,60.17,64.5,4.45,56.5,96.33,1626.2,0
2026-09-01 08:35:48,160.66,206.17,189.46,41.12,11.99,33.59,42.18,30.03,48.93,66.66,4.94,54.37,94.72,1657.85,0
2026-09-01 08:35:49,158.6,212.73,187.92,40.49,11.84,32.3,43.82,27.92,61.89,67.61,4.73,54.34,92.29,1649.49,0
2026-09-01 08:35:50,161.17,209.78,186.22,43.41,11.98,34.13,40.58,29.56,47.44,68.64,4.64,52.45,96.98,1688.15,0
2026-09-01 08:35:51,158.64,208.77,186.41,38.72,12.17,33.22,45.34,28.26,51.04,67.36,5.5,52.58,0.0,1693.08,1
2026-09-01 08:35:52,158.74,206.33,188.36,40.78,12.0,33.03,39.23,31.37,50.29,71.0,4.56,54.05,93.11,1664.18,0
2026-09-01 08:35:53,156.2,202.57,186.36,39.21,12.02,31.95,45.88,29.23,61.88,70.24,5.79,52.62,0.0,1632.03,1
2026-09-01 08:35:54,162.32,206.88,188.23,38.7,11.87,32.5,44.0,31.65,52.54,74.18,4.85,54.26,95.74,1646.41,0
2026-09-01 08:35:55,159.03,213.34,186.1,39.98,11.94,32.84,41.82,31.11,49.19,77.42,4.5,53.17,96.55,1607.58,0
2026-09-01 08:35:56,160.46,208.79,191.51,40.21,11.96,33.12,41.19,29.35,57.23,66.21,4.54,56.24,96.83,1678.31,0
2026-09-01 08:35:57,157.41,209.49,187.62,44.38,11.97,32.45,40.99,28.93,58.31,70.44,4.68,54.27,97.2,1646.48,0
2026-09-01 08:35:58,161.09,211.97,190.38,39.72,12.13,33.8,41.73,29.81,58.34,70.44,4.6,55.77,97.79,1682.02,0
2026-09-01 08:35:59,158.1,215.42,187.51,38.3,12.06,32.89,41.9,29.9,53.64,69.96,4.69,53.37,94.2,1646.44,0
2026-09-01 08:36:00,159.65,213.98,189.76,40.41,11.89,34.03,44.51,30.35,56.27,66.75,4.8,55.17,93.5,1653.55,0
2026-09-01 08:36:01,162.19,207.08,186.51,36.89,12.02,32.98,45.94,29.22,51.75,67.25,5.28,52.86,97.71,1649.87,0
2026-09-01 08:36:02,161.98,204.17,187.92,39.86,12.05,32.99,42.4,30.75,63.37,70.72,5.01,54.57,97.26,1625.46,0
2026-09-01 08:36:03,159.94,217.08,188.99,40.02,12.11,34.04,40.31,30.27,60.72,67.16,4.48,54.34,96.71,1624.65,0
2026-09-01 08:36:04,155.58,216.81,186.62,41.19,12.16,33.23,40.91,29.66,60.41,70.48,4.61,52.42,94.7,1696.53,0
2026-09-01 08:36:05,167.48,210.57,187.75,41.46,11.9,33.24,41.63,29.29,58.97,69.26,4.31,54.24,93.94,1641.73,0
2026-09-01 08:36:06,164.36,206.19,187.85,39.24,11.92,33.39,39.94,29.82,57.6,70.42,4.35,54.41,94.9,1671.83,0
2026-09-01 08:36:07,161.81,212.89,187.36,39.77,11.87,32.93,39.64,29.18,48.78,67.14,4.24,53.57,93.87,1709.38,0
2026-09-01 08:36:08,158.12,209.68,184.97,38.85,11.98,33.13,46.19,30.06,58.17,70.47,5.32,52.37,94.25,1648.36,0
2026-09-01 08:36:09,159.72,209.66,189.85,38.31,12.05,34.22,42.61,30.09,55.57,67.36,4.82,54.81,96.88,1665.77,0
2026-09-01 08:36:10,158.64,212.68,186.39,40.46,12.1,33.85,40.33,30.26,61.32,70.48,4.68,52.83,99.01,1662.2,0
2026-09-01 08:36:11,163.16,211.0,189.39,38.09,11.99,33.12,43.63,31.77,59.04,74.02,4.59,55.36,96.9,1663.0,0
2026-09-01 08:36:12,160.66,206.44,189.2,39.38,11.97,32.86,39.64,29.87,57.75,70.78,4.44,54.02,95.03,1666.04,0
2026-09-01 08:36:13,158.04,209.03,190.84,38.51,12.02,33.81,39.81,31.0,46.58,70.97,4.37,55.08,96.02,1632.17,0
2026-09-01 08:36:14,158.82,211.98,186.47,40.82,11.92,33.03,40.39,30.23,54.55,72.45,4.43,52.66,96.25,1627.12,0
2026-09-01 08:36:15,162.8,211.53,187.19,42.7,12.21,34.48,45.31,29.76,52.21,65.79,5.28,52.68,96.76,1655.24,0
2026-09-01 08:36:16,164.0,210.79,189.01,38.05,11.84,31.84,41.49,29.88,56.26,75.16,4.23,54.97,95.03,1683.82,0
2026-09-01 08:36:17,163.82,212.8,183.23,37.22,12.02,34.51,37.12,29.94,52.92,66.83,4.1,51.0,95.61,1674.08,0
2026-09-01 08:36:18,161.89,208.91,186.86,39.81,12.2,33.4,44.42,30.28,53.62,72.64,5.14,52.64,97.04,1627.28,0
2026-09-01 08:36:19,159.37,210.54,188.47,40.02,12.0,32.51,41.39,29.04,57.3,72.24,4.66,54.75,93.62,1667.0,0
2026-09-01 08:36:20,151.9,199.87,187.93,40.33,11.98,32.25,38.3,28.53,52.84,67.29,4.84,53.74,95.91,1660.55,0
2026-09-01 08:36:21,160.74,208.65,188.94,39.33,11.96,31.9,41.37,30.65,55.61,73.03,4.68,54.05,96.33,1658.18,0
2026-09-01 08:36:22,160.0,212.29,187.94,39.7,11.98,33.5,43.04,30.9,47.4,71.49,4.7,53.84,97.12,1657.73,0
2026-09-01 08:36:23,160.35,208.83,186.51,40.55,12.14,32.99,42.81,30.75,50.84,75.67,4.93,52.51,94.45,1661.36,0
2026-09-01 08:36:24,160.13,208.6,187.88,41.56,11.78,32.53,45.6,30.15,58.28,70.58,5.1,54.05,95.63,1654.51,0
2026-09-01 08:36:25,156.68,206.88,188.88,37.07,12.15,33.76,40.29,30.77,48.85,69.67,4.89,53.94,98.33,1643.09,0
2026-09-01 08:36:26,161.39,213.01,188.41,39.45,11.86,33.5,42.09,30.71,61.23,68.46,4.5,54.48,97.04,1650.44,0
2026-09-01 08:36:27,161.58,211.65,186.34,40.32,11.97,34.26,40.6,30.79,59.87,64.77,4.63,53.49,95.24,1617.82,0
2026-09-01 08:36:28,161.71,212.48,184.32,38.62,11.96,33.37,38.92,29.14,53.66,69.05,4.26,51.12,95.76,1665.12,0
2026-09-01 08:36:29,162.37,204.82,186.62,42.6,12.06,33.32,43.77,28.9,69.99,69.17,5.33,53.53,94.93,1664.59,0
2026-09-01 08:36:30,161.51,209.52,190.01,39.05,11.84,32.55,42.93,29.61,61.22,70.79,4.51,55.9,94.63,1687.68,0
2026-09-01 08:36:31,158.97,209.16,187.98,39.94,12.05,33.9,42.57,29.98,50.25,65.73,5.0,53.01,95.89,1666.68,0
2026-09-01 08:36:32,159.82,209.16,187.72,40.83,12.2,33.49,42.85,29.76,58.73,69.28,5.18,53.55,97.85,1650.52,0
2026-09-01 08:36:33,160.23,208.15,188.91,39.11,11.86,32.29,40.63,28.12,55.33,71.73,4.5,55.11,94.85,1664.0,0
2026-09-01 08:36:34,160.27,208.96,185.94,37.23,12.02,33.04,39.99,31.72,51.12,72.03,4.57,52.24,97.37,1647.81,0
2026-09-01 08:36:35,162.5,212.55,184.63,39.36,11.93,33.45,42.08,29.73,49.65,64.42,4.82,51.82,95.17,1640.63,0
2026-09-01 08:36:36,161.61,204.26,187.37,41.54,12.04,32.86,44.32,30.17,59.97,72.12,5.25,53.25,98.26,1606.2,0
2026-09-01 08:36:37,165.19,215.33,187.41,39.49,12.0,33.39,45.22,31.24,52.01,69.26,4.76,54.44,92.31,1661.62,0
2026-09-01 08:36:38,165.52,211.45,187.36,38.73,11.94,32.57,43.59,27.66,54.49,69.44,4.8,53.54,97.42,1663.71,0
2026-09-01 08:36:39,160.2,209.87,186.87,41.39,12.05,34.37,42.06,29.49,50.39,62.91,4.9,52.91,94.31,1679.54,0
2026-09-01 08:36:40,150.41,212.72,184.62,39.5,12.18,32.27,42.54,29.61,51.26,74.48,5.37,51.08,98.7,1682.41,0
2026-09-01 08:36:41,163.09,205.64,188.52,39.23,11.98,33.04,42.02,29.66,54.37,70.53,4.8,53.87,96.86,1660.4,0
2026-09-01 08:36:42,158.65,208.01,185.92,40.22,12.07,34.52,39.95,29.83,56.94,65.41,4.79,52.87,94.96,1628.46,0
2026-09-01 08:36:43,158.0,209.64,188.37,41.16,11.87,31.94,42.05,31.45,42.06,71.13,4.63,52.73,96.78,1629.25,0
2026-09-01 08:36:44,159.0,214.1,188.27,43.57,11.9,33.24,39.33,30.67,55.08,71.03,4.31,53.47,93.47,1657.57,0
2026-09-01 08:36:45,158.88,209.86,186.96,41.24,12.05,33.57,41.75,30.96,51.27,73.67,4.75,53.01,94.39,1670.99,0
2026-09-01 08:36:46,161.53,211.35,185.53,41.74,12.15,33.85,45.27,30.05,62.01,69.07,5.29,52.19,96.51,1672.1,0
2026-09-01 08:36:47,156.1,208.23,187.1,39.24,12.04,32.64,43.65,28.6,69.71,70.04,5.25,54.25,95.68,1644.16,0
2026-09-01 08:36:48,157.31,211.46,185.79,38.46,11.97,32.68,40.15,27.92,53.2,68.07,4.71,52.25,94.84,1610.72,0
2026-09-01 08:36:49,160.86,215.03,188.13,40.09,12.0,32.76,41.86,28.47,46.39,71.79,4.64,52.78,96.1,1628.45,0
2026-09-01 08:36:50,161.56,212.99,187.92,40.16,11.87,32.64,40.33,30.36,55.58,67.65,4.28,54.05,95.55,1613.79,0
2026-09-01 08:36:51,161.6,209.76,188.63,38.38,12.06,33.58,41.87,30.03,53.97,67.32,4.77,53.87,96.36,1659.06,0
2026-09-01 08:36:52,158.03,212.03,190.58,39.74,12.09,33.59,44.08,29.79,64.86,69.8,4.87,55.18,94.95,1646.97,0
2026-09-01 08:36:53,157.55,211.73,187.63,40.6,11.95,33.5,43.31,29.63,63.33,66.32,4.96,54.42,94.36,1646.14,0
2026-09-01 08:36:54,158.73,211.52,188.54,40.54,11.95,33.16,46.97,32.01,59.33,74.81,5.05,54.6,98.77,1661.55,0
2026-09-01 08:36:55,160.6,213.34,187.59,40.76,12.03,32.92,44.38,29.18,52.07,75.78,5.03,52.95,94.63,1644.67,0
2026-09-01 08:36:56,163.71,213.31,186.46,40.44,11.96,33.81,42.41,30.93,58.39,68.64,4.72,52.54,94.14,1690.21,0
2026-09-01 08:36:57,154.88,209.62,186.46,39.24,11.99,33.45,43.35,30.0,56.33,65.84,5.07,53.1,93.62,1647.83,0
2026-09-01 08:36:58,159.45,211.93,188.56,39.23,12.21,33.71,41.6,29.94,56.21,71.01,4.76,53.31,99.16,1616.92,0
2026-09-01 08:36:59,156.67,208.85,190.67,38.2,11.98,33.05,39.74,31.18,47.21,68.55,4.6,54.69,97.24,1600.49,0
2026-09-01 08:37:00,155.87,207.23,188.66,42.68,11.96,32.82,44.61,31.46,60.31,73.52,5.22,54.51,96.31,1662.03,0
2026-09-01 08:37:01,162.42,209.19,189.22,40.02,11.94,33.3,44.02,29.76,55.54,67.64,4.87,54.74,97.4,1663.95,0
2026-09-01 08:37:02,161.36,209.77,188.44,39.66,12.07,33.45,41.52,30.8,54.5,71.63,4.71,54.06,95.5,1663.48,0
2026-09-01 08:37:03,161.12,205.02,188.69,38.61,11.98,33.87,42.55,30.36,52.0,70.34,4.95,54.53,94.13,1624.89,0
2026-09-01 08:37:04,162.3,212.58,187.05,44.4,11.94,33.87,44.48,30.01,51.03,67.97,5.08,53.0,95.89,1633.29,0
2026-09-01 08:37:05,158.8,201.7,190.8,38.39,12.13,32.82,43.69,30.2,56.59,70.72,5.17,55.46,97.77,1684.48,0
2026-09-01 08:37:06,158.92,218.14,190.15,39.36,12.14,33.13,39.07,29.31,46.25,72.64,4.22,54.23,97.42,1647.1,0
2026-09-01 08:37:07,165.46,214.51,187.66,40.62,11.94,33.93,42.49,29.69,58.95,70.26,4.32,54.41,95.06,1638.26,0
2026-09-01 08:37:08,159.38,209.22,187.38,40.9,11.81,31.21,41.66,29.42,49.73,70.29,4.62,53.27,96.02,1678.25,0
2026-09-01 08:37:09,161.84,210.03,188.8,41.44,12.1,33.9,44.23,30.9,44.71,67.38,5.2,53.73,96.74,1629.87,0
2026-09-01 08:37:10,160.02,210.91,189.16,42.71,11.93,31.87,44.06,29.9,64.11,73.43,4.87,54.79,95.83,1642.03,0
2026-09-01 08:37:11,155.38,208.23,188.03,40.76,12.08,32.18,44.64,28.7,50.71,73.13,5.37,53.05,96.59,1675.02,0
2026-09-01 08:37:12,154.89,210.58,185.53,38.42,11.8,32.12,39.76,29.28,51.39,68.77,4.57,52.41,93.7,1676.67,0
2026-09-01 08:37:13,158.55,209.57,188.44,39.61,12.09,32.89,40.43,26.8,60.67,69.63,4.64,53.29,95.11,1677.11,0
2026-09-01 08:37:14,162.64,209.72,188.04,40.46,11.88,32.21,44.23,29.51,64.27,74.24,4.64,54.98,95.66,1664.75,0
2026-09-01 08:37:15,161.97,210.54,187.9,43.1,12.07,34.33,40.82,30.04,47.33,66.6,4.8,52.83,93.32,1690.19,0
2026-09-01 08:37:16,162.29,206.06,187.82,37.9,12.0,32.96,38.96,29.86,50.22,71.81,4.39,53.27,95.06,1668.64,0
2026-09-01 08:37:17,157.53,186.82,187.04,41.8,6.17,16.67,43.07,31.98,50.59,68.32,0.86,79.27,0.0,1656.42,1
2026-09-01 08:37:18,164.04,210.49,187.74,40.27,11.96,32.08,40.91,30.57,59.67,75.33,4.24,54.36,93.86,1649.93,0
2026-09-01 08:37:19,157.59,210.39,188.24,41.26,12.07,33.27,45.58,30.53,63.2,70.19,5.25,54.3,96.11,1643.52,0
2026-09-01 08:37:20,160.53,209.35,184.73,39.85,12.01,32.48,42.59,28.36,49.6,73.78,4.9,51.76,96.76,1624.7,0
2026-09-01 08:37:21,159.97,213.41,189.27,38.74,12.06,33.91,42.32,29.64,62.07,67.72,4.74,54.84,96.66,1605.08,0
2026-09-01 08:37:22,159.57,208.94,186.01,41.13,12.2,33.68,41.26,29.51,51.45,66.25,5.15,52.05,96.71,1668.34,0
2026-09-01 08:37:23,163.35,210.68,187.03,40.98,11.84,32.55,45.18,29.21,56.68,69.3,4.87,53.81,95.66,1647.16,0
2026-09-01 08:37:24,158.24,213.89,188.54,41.46,12.16,34.33,42.72,29.2,48.64,70.79,4.89,53.8,97.69,1631.88,0
2026-09-01 08:37:25,156.63,209.76,188.24,39.98,12.01,33.09,41.18,28.19,54.39,68.47,4.92,53.43,94.36,1689.56,0
2026-09-01 08:37:26,160.05,210.64,189.34,39.1,11.91,31.67,40.41,28.72,54.44,72.27,4.5,54.57,94.13,1672.75,0
2026-09-01 08:37:27,159.0,209.71,187.25,37.66,11.87,32.4,41.85,30.87,53.42,69.37,4.56,53.17,92.84,1645.59,0
2026-09-01 08:37:28,168.44,213.71,188.12,41.23,11.98,33.78,40.04,29.86,56.92,63.76,4.37,54.26,95.33,1659.98,0
2026-09-01 08:37:29,161.69,209.23,188.62,40.64,12.09,32.6,44.06,29.49,49.96,71.66,4.88,53.87,95.73,1647.96,0
2026-09-01 08:37:30,158.98,213.85,191.15,38.55,11.99,33.39,38.38,29.99,50.58,67.35,4.23,55.79,95.55,1641.08,0
2026-09-01 08:37:31,157.36,209.69,186.73,39.19,12.15,34.17,41.72,31.17,57.19,68.92,5.06,51.78,100.15,1673.25,0
2026-09-01 08:37:32,155.3,207.42,180.14,39.3,11.85,31.56,43.22,30.0,61.71,74.66,5.2,49.54,92.42,1653.58,0
2026-09-01 08:37:33,157.44,212.04,188.89,37.78,12.0,32.26,42.68,30.54,54.89,75.32,4.69,53.38,93.15,1623.08,0
2026-09-01 08:37:34,160.29,209.09,190.4,38.77,11.87,32.64,40.57,29.15,57.52,68.27,4.41,56.46,97.22,1655.24,0
2026-09-01 08:37:35,163.57,211.86,186.85,38.3,12.04,32.93,43.32,29.38,58.79,71.73,4.56,53.27,97.08,1660.55,0
2026-09-01 08:37:36,162.8,201.81,189.62,39.38,12.09,32.92,40.23,30.35,59.15,68.34,4.78,54.43,98.18,1681.78,0
2026-09-01 08:37:37,160.57,210.02,189.08,38.89,11.96,33.43,41.96,31.89,50.23,69.14,4.67,54.26,95.15,1653.55,0
2026-09-01 08:37:38,159.19,208.62,189.2,37.56,11.74,32.48,43.3,31.43,51.11,68.18,4.83,54.97,94.93,1648.82,0
2026-09-01 08:37:39,160.67,206.81,188.66,43.03,12.02,33.72,42.93,30.58,51.55,64.83,5.02,54.77,95.97,1657.87,0
2026-09-01 08:37:40,158.7,208.34,186.39,41.88,12.04,32.46,40.65,30.15,64.64,70.29,4.75,53.14,97.65,1626.45,0
2026-09-01 08:37:41,164.3,208.28,187.54,38.83,12.04,33.42,44.39,31.4,57.54,70.86,4.93,53.63,97.85,1701.89,0
2026-09-01 08:37:42,159.53,209.86,188.12,40.41,12.12,33.95,42.17,30.79,57.32,67.99,4.87,53.45,98.39,1686.61,0
2026-09-01 08:37:43,159.78,205.9,189.79,40.63,11.89,31.42,43.49,27.71,56.83,73.26,4.83,56.08,94.17,1666.63,0
2026-09-01 08:37:44,154.46,210.95,187.81,41.79,12.07,32.83,45.06,28.95,48.4,68.69,5.29,53.82,96.68,1653.49,0
2026-09-01 08:37:45,159.51,214.1,187.89,38.77,12.12,34.0,44.24,30.34,64.69,68.09,5.07,53.15,95.5,1619.46,0
2026-09-01 08:37:46,162.09,210.84,188.26,41.64,11.82,32.68,44.24,28.21,57.4,71.58,4.77,54.85,95.39,1647.47,0
2026-09-01 08:37:47,157.33,212.43,188.15,39.18,12.03,34.21,42.39,29.1,58.62,65.37,4.77,54.17,96.77,1656.75,0
2026-09-01 08:37:48,158.12,213.28,188.58,38.0,11.95,32.67,43.59,29.3,46.17,72.72,4.78,53.52,93.22,1626.14,0
2026-09-01 08:37:49,161.98,213.71,186.02,41.09,11.99,33.64,42.43,29.74,58.9,68.79,4.8,52.43,96.62,1635.6,0
2026-09-01 08:37:50,156.31,215.61,187.69,41.94,12.03,32.96,39.58,29.71,53.22,72.97,4.53,52.63,96.93,1636.65,0
2026-09-01 08:37:51,162.64,208.5,186.87,43.88,11.95,32.91,42.61,29.71,48.39,73.86,4.68,53.17,96.46,1633.76,0
2026-09-01 08:37:52,158.67,207.84,185.43,38.2,11.93,33.16,42.51,30.83,50.23,71.92,5.01,51.63,95.53,1679.9,0
2026-09-01 08:37:53,159.03,212.35,184.02,41.05,12.0,33.69,43.17,29.73,48.68,67.56,4.98,51.21,96.87,1642.76,0
2026-09-01 08:37:54,157.19,212.12,188.96,39.39,11.89,33.52,41.74,29.62,48.59,66.25,4.67,53.89,95.6,1672.95,0
2026-09-01 08:37:55,160.95,212.33,187.85,41.18,11.89,33.58,40.48,28.65,55.3,65.7,4.44,53.51,93.81,1636.09,0
2026-09-01 08:37:56,166.15,215.67,187.98,37.79,12.07,33.85,43.31,31.02,53.07,73.31,4.43,53.55,97.5,1638.76,0
2026-09-01 08:37:57,161.95,210.03,185.85,38.11,11.89,32.46,39.37,29.33,56.67,69.6,4.3,53.36,93.67,1646.49,0
2026-09-01 08:37:58,157.84,211.28,187.58,38.84,12.07,33.15,44.92,28.91,63.38,68.2,5.31,53.5,94.92,1649.58,0
2026-09-01 08:37:59,162.84,207.06,188.15,40.12,12.05,33.4,41.54,30.21,54.35,69.6,4.85,53.72,96.69,1624.35,0
2026-09-01 08:38:00,159.21,216.41,186.15,39.04,11.83,32.26,42.49,29.23,43.78,73.24,4.55,52.57,90.68,1652.32,0
2026-09-01 08:38:01,163.44,208.99,189.85,40.99,11.93,32.21,43.12,29.47,53.79,72.34,4.65,54.99,94.46,1622.9,0
2026-09-01 08:38:02,162.02,209.08,188.34,41.54,12.12,33.32,43.18,30.26,60.97,71.32,5.09,54.14,96.48,1682.05,0
2026-09-01 08:38:03,152.64,208.96,187.73,40.9,11.9,31.48,39.18,29.67,54.57,71.91,4.68,53.86,97.19,1634.29,0
2026-09-01 08:38:04,157.49,208.07,187.86,42.43,11.95,33.81,43.65,32.31,62.65,70.54,5.06,53.51,95.31,1662.17,0
2026-09-01 08:38:05,162.36,207.81,185.88,40.62,12.05,32.77,42.61,29.93,57.26,70.91,4.77,53.06,99.27,1633.57,0
2026-09-01 08:38:06,160.38,208.43,188.02,38.17,12.08,33.27,40.73,30.62,45.81,70.66,4.76,53.32,94.38,1670.01,0
2026-09-01 08:38:07,157.44,205.9,187.35,42.05,11.97,32.77,40.5,28.06,55.55,70.0,4.91,53.41,96.5,1635.17,0
2026-09-01 08:38:08,158.42,207.64,187.8,39.09,11.94,33.27,41.33,29.14,56.49,72.26,4.75,53.5,96.49,1643.49,0
2026-09-01 08:38:09,155.23,215.85,189.95,41.37,12.14,33.44,39.4,28.91,60.4,71.08,4.33,54.74,95.74,1639.57,0
2026-09-01 08:38:10,159.78,212.21,186.01,42.36,12.17,33.56,45.44,29.05,64.1,67.36,5.39,53.01,97.25,1638.38,0
2026-09-01 08:38:11,165.53,212.78,188.02,40.69,12.1,34.02,44.97,30.42,59.54,71.59,5.06,53.27,96.62,1614.8,0
2026-09-01 08:38:12,162.01,213.53,186.23,37.76,12.01,33.51,42.9,31.04,57.2,70.74,4.7,52.49,97.7,1629.49,0
2026-09-01 08:38:13,165.48,215.5,187.4,38.62,11.92,33.33,41.55,30.34,58.38,71.83,4.45,53.77,93.2,1650.89,0
2026-09-01 08:38:14,162.21,204.69,186.87,41.98,11.92,32.66,41.61,29.77,54.16,69.69,4.85,52.63,98.13,1654.76,0
2026-09-01 08:38:15,162.57,206.31,189.75,39.75,12.05,32.98,43.52,29.37,47.69,72.44,4.92,53.96,93.56,1621.01,0
2026-09-01 08:38:16,164.94,207.59,186.73,40.12,12.04,34.29,45.52,31.11,55.21,69.82,5.27,52.84,96.97,1630.6,0
2026-09-01 08:38:17,160.94,208.59,185.95,41.14,12.14,32.89,40.86,32.07,56.83,72.17,4.75,51.36,95.8,1642.02,0
2026-09-01 08:38:18,159.53,209.1,189.77,41.04,12.07,34.31,39.76,30.14,48.98,68.63,4.47,54.3,97.24,1645.13,0
2026-09-01 08:38:19,162.58,208.66,190.63,40.42,11.85,33.11,45.1,30.94,61.63,68.84,4.76,55.57,93.82,1651.09,0
2026-09-01 08:38:20,163.63,210.66,187.17,39.69,12.11,33.8,38.43,30.34,60.03,71.81,4.33,53.78,98.88,1664.16,0
2026-09-01 08:38:21,158.8,210.11,185.97,39.53,11.9,33.04,39.98,30.76,48.14,69.0,4.58,52.25,95.35,1649.94,0
2026-09-01 08:38:22,158.2,207.83,188.69,41.29,11.96,31.78,41.51,28.84,61.83,76.62,4.63,54.94,95.07,1623.04,0
2026-09-01 08:38:23,160.35,203.47,184.74,40.83,12.03,32.36,38.88,29.51,53.46,71.7,4.79,51.87,94.52,1657.0,0
2026-09-01 08:38:24,162.08,207.02,188.46,39.61,12.2,33.34,44.22,30.4,51.11,70.07,5.21,53.09,98.19,1662.66,0
2026-09-01 08:38:25,162.0,208.35,187.01,41.62,12.31,34.45,43.71,31.21,60.4,72.46,5.3,52.9,99.18,1611.34,0
2026-09-01 08:38:26,156.44,209.26,186.46,39.81,12.06,33.28,40.85,29.18,54.74,68.56,4.83,53.4,95.94,1652.25,0
2026-09-01 08:38:27,164.78,206.61,187.96,38.72,11.98,32.54,44.56,27.97,64.5,72.77,4.92,54.32,95.9,1669.11,0
2026-09-01 08:38:28,158.4,208.53,187.58,38.86,12.05,32.52,44.9,29.5,50.74,72.69,5.06,53.07,96.85,1629.74,0
2026-09-01 08:38:29,159.34,206.61,186.19,38.53,12.09,32.13,41.77,31.01,46.34,73.76,4.9,52.23,97.68,1656.58,0
2026-09-01 08:38:30,157.74,209.62,186.62,39.59,11.97,33.04,41.1,28.42,53.6,68.68,4.79,53.17,94.25,1628.54,0
2026-09-01 08:38:31,166.75,206.78,185.97,41.85,12.18,34.23,46.52,28.82,58.95,66.33,5.42,52.22,96.73,1636.53,0
2026-09-01 08:38:32,160.61,207.45,186.59,38.79,12.02,33.49,43.44,30.16,50.36,68.17,5.06,51.51,97.1,1624.78,0
2026-09-01 08:38:33,157.87,206.07,186.93,40.28,12.05,32.96,42.51,29.88,48.35,69.16,5.13,52.35,96.24,1654.79,0
2026-09-01 08:38:34,162.16,209.54,188.38,39.01,12.07,32.77,44.73,30.59,56.14,75.0,4.93,53.4,93.7,1657.55,0
2026-09-01 08:38:35,161.92,207.4,187.44,39.61,12.04,32.56,42.6,28.77,47.68,76.59,4.78,52.99,98.73,1650.56,0
2026-09-01 08:38:36,159.53,212.72,188.76,37.73,12.08,33.6,40.99,29.68,56.53,71.03,4.53,54.6,97.95,1653.93,0
2026-09-01 08:38:37,162.1,211.22,187.84,39.67,11.94,33.47,42.16,31.2,53.3,70.03,4.54,53.96,92.9,1656.41,0
2026-09-01 08:38:38,157.94,209.79,186.73,39.71,11.94,32.17,44.08,28.81,57.47,68.95,5.17,53.09,94.57,1669.04,0
2026-09-01 08:38:39,158.77,207.61,188.84,40.81,11.89,31.83,38.02,31.48,48.08,72.47,4.16,54.33,97.46,1630.25,0
2026-09-01 08:38:40,154.97,211.14,185.41,40.33,12.04,32.87,41.42,28.93,61.49,76.57,4.91,52.46,97.04,1591.03,0
2026-09-01 08:38:41,156.69,212.07,186.6,38.2,12.08,33.04,44.77,30.85,54.08,75.36,5.02,52.95,94.45,1633.34,0
2026-09-01 08:38:42,164.52,210.43,189.3,41.63,12.05,33.6,40.98,29.63,58.82,73.41,4.58,54.89,93.42,1633.4,0
2026-09-01 08:38:43,164.1,214.81,186.75,40.32,12.17,32.82,45.09,28.86,59.8,73.37,5.0,53.42,94.66,1657.69,0
2026-09-01 08:38:44,160.16,211.38,182.43,40.3,12.0,32.97,44.83,29.5,49.21,72.5,5.15,50.11,95.26,1596.1,0
2026-09-01 08:38:45,164.16,212.74,187.1,39.99,12.07,33.7,41.87,30.54,59.41,69.86,4.69,52.61,97.54,1646.42,0
2026-09-01 08:38:46,159.6,210.4,186.9,39.22,11.89,33.14,40.86,29.99,47.87,67.79,4.68,52.51,92.85,1667.79,0
2026-09-01 08:38:47,159.39,212.03,182.94,40.33,11.96,33.32,41.43,31.12,48.15,69.94,4.82,50.51,96.54,1641.07,0
2026-09-01 08:38:48,160.14,207.61,188.52,40.71,12.07,33.34,47.33,31.44,64.82,71.27,5.52,54.33,0.0,1652.12,1
2026-09-01 08:38:49,159.69,208.62,186.31,37.38,12.08,33.63,45.75,28.82,60.56,65.64,5.44,53.16,93.87,1626.47,0
2026-09-01 08:38:50,159.46,211.05,187.34,39.19,11.97,32.59,42.25,28.74,65.37,69.54,4.88,54.41,95.24,1654.94,0
2026-09-01 08:38:51,162.86,211.03,187.84,39.62,11.99,33.7,40.78,28.7,53.15,67.52,4.53,53.64,98.9,1638.63,0
2026-09-01 08:38:52,160.38,211.52,185.87,40.38,11.85,31.86,42.23,29.1,55.51,73.04,4.63,52.4,96.78,1628.97,0
2026-09-01 08:38:53,161.78,213.3,185.84,41.79,11.96,33.35,42.49,31.1,57.64,68.35,4.8,52.94,94.97,1641.33,0
2026-09-01 08:38:54,162.58,205.73,185.5,38.84,12.09,33.08,39.51,30.56,54.94,70.98,4.62,52.21,97.03,1656.91,0
2026-09-01 08:38:55,160.97,207.08,189.41,39.25,12.06,32.89,42.16,29.45,51.27,67.9,4.95,54.57,95.58,1637.85,0
2026-09-01 08:38:56,157.57,210.69,187.8,39.23,12.05,33.04,44.64,29.99,50.52,74.79,5.16,53.04,93.43,1636.62,0
2026-09-01 08:38:57,156.62,207.83,186.82,38.8,12.0,34.15,38.4,31.4,56.07,64.9,4.84,54.33,95.13,1638.91,0
2026-09-01 08:38:58,160.37,220.13,187.3,39.48,12.0,33.85,43.65,31.91,49.67,71.43,4.6,52.41,96.96,1645.07,0
2026-09-01 08:38:59,159.57,211.55,189.64,41.16,11.93,33.59,44.75,30.26,49.53,66.17,5.03,54.71,93.72,1643.68,0
2026-09-01 08:39:00,160.22,209.77,190.38,38.42,12.07,33.23,40.88,27.34,56.97,68.47,4.66,55.44,98.17,1643.35,0
2026-09-01 08:39:01,159.96,208.45,189.38,40.64,12.04,32.4,45.39,30.3,54.52,70.62,5.25,54.83,98.01,1614.97,0
2026-09-01 08:39:02,166.46,208.56,188.75,37.45,12.05,33.0,40.62,30.93,59.69,70.77,4.43,54.37,95.71,1636.34,0
2026-09-01 08:39:03,156.67,210.09,187.34,39.16,11.95,33.05,42.88,30.22,52.88,70.69,4.96,53.67,95.75,1664.43,0
2026-09-01 08:39:04,155.03,210.34,185.33,39.51,11.78,32.42,41.39,30.73,52.09,70.46,4.73,52.91,96.2,1650.62,0
2026-09-01 08:39:05,160.83,208.63,187.39,42.51,12.11,33.53,41.39,30.36,57.12,68.07,4.94,53.33,97.43,1663.11,0
2026-09-01 08:39:06,159.06,209.18,186.73,39.59,11.95,32.53,40.77,28.77,50.94,69.51,4.52,53.04,97.8,1647.16,0
2026-09-01 08:39:07,160.79,214.03,185.14,36.7,11.91,33.23,43.4,29.11,51.71,70.09,4.72,52.37,92.7,1643.11,0
2026-09-01 08:39:08,161.46,214.15,189.91,37.0,12.07,32.94,43.7,29.68,51.91,70.59,4.9,54.63,95.68,1667.42,0
2026-09-01 08:39:09,163.21,210.76,185.39,40.05,11.96,34.08,41.87,31.07,53.95,69.8,4.79,52.8,95.2,1629.66,0
2026-09-01 08:39:10,156.23,205.98,188.56,40.92,12.11,32.93,39.28,29.23,63.86,72.19,4.76,54.72,98.73,1628.48,0
2026-09-01 08:39:11,158.61,211.62,188.99,40.56,12.06,33.3,42.81,30.46,48.12,70.28,4.91,53.78,96.49,1673.04,0
2026-09-01 08:39:12,161.07,214.66,187.79,40.25,12.07,33.86,42.84,30.3,61.48,70.6,4.77,53.55,95.43,1656.28,0
2026-09-01 08:39:13,161.93,214.11,190.95,41.74,11.86,34.29,41.57,31.59,58.69,68.85,4.4,56.42,94.74,1632.4,0
2026-09-01 08:39:14,165.48,195.36,186.96,39.19,6.49,17.25,45.73,29.96,62.83,66.84,0.86,77.55,0.0,1625.36,1
2026-09-01 08:39:15,162.39,214.27,190.23,41.34,12.03,33.93,38.87,28.25,70.68,70.46,4.12,55.62,95.73,1617.27,0
2026-09-01 08:39:16,159.86,210.16,187.18,37.55,11.96,32.63,37.57,30.65,62.16,73.62,4.13,53.56,96.96,1631.43,0
2026-09-01 08:39:17,157.77,211.88,187.59,38.64,12.01,33.65,40.54,32.14,59.63,71.33,4.56,54.01,96.29,1656.13,0
2026-09-01 08:39:18,158.59,207.96,186.55,37.29,11.82,33.15,43.42,30.71,48.44,67.55,5.05,52.83,94.13,1594.14,0
2026-09-01 08:39:19,158.52,210.88,186.19,39.59,12.04,32.78,39.89,29.21,49.07,72.44,4.49,52.9,98.1,1659.38,0
2026-09-01 08:39:20,161.64,213.99,187.87,39.93,11.9,33.63,40.04,28.92,56.8,68.99,4.46,53.66,97.32,1651.51,0
2026-09-01 08:39:21,160.64,208.23,187.62,40.17,11.86,32.05,43.9,29.05,46.51,72.14,4.9,53.27,96.65,1616.62,0
2026-09-01 08:39:22,156.69,207.42,187.32,40.09,11.85,32.8,42.93,32.0,58.08,68.89,4.86,53.54,93.59,1638.37,0
2026-09-01 08:39:23,158.91,210.29,186.38,38.61,12.11,32.84,42.75,29.67,44.33,71.06,4.94,51.55,98.69,1626.98,0
2026-09-01 08:39:24,162.19,209.32,185.78,39.71,11.94,32.74,43.56,29.34,60.76,68.44,4.96,52.58,96.99,1618.92,0
2026-09-01 08:39:25,160.88,211.95,188.29,37.75,12.15,34.03,41.15,29.84,53.39,68.52,4.59,53.32,95.49,1642.7,0
2026-09-01 08:39:26,161.42,193.07,186.98,42.04,7.44,20.47,41.24,29.68,55.63,65.3,1.46,70.31,0.0,1647.66,1
2026-09-01 08:39:27,160.96,215.16,188.16,39.54,11.83,32.65,43.62,31.57,51.26,71.54,4.47,53.26,96.47,1652.11,0
2026-09-01 08:39:28,164.07,206.13,190.7,39.27,11.89,32.73,39.31,28.99,45.51,71.11,4.31,54.76,96.53,1600.93,0
2026-09-01 08:39:29,160.59,213.76,182.16,42.38,12.12,34.01,37.71,31.18,61.17,71.28,4.32,50.42,96.19,1627.66,0
2026-09-01 08:39:30,159.03,207.71,187.48,38.14,11.98,33.3,41.13,30.12,61.68,70.83,4.61,53.58,94.25,1648.88,0
2026-09-01 08:39:31,157.71,204.61,186.39,38.31,11.95,32.85,43.86,31.21,53.24,67.71,5.36,53.29,97.5,1655.82,0
2026-09-01 08:39:32,160.62,210.71,190.4,38.36,12.02,32.85,42.51,31.58,58.31,72.9,4.63,55.27,96.97,1641.34,0
2026-09-01 08:39:33,153.9,209.24,189.98,39.9,12.05,32.91,43.71,30.08,53.05,72.98,5.08,55.0,96.46,1657.84,0
2026-09-01 08:39:34,159.54,206.67,188.85,40.65,12.11,33.67,37.97,29.68,56.44,67.64,4.55,53.96,95.68,1640.05,0
2026-09-01 08:39:35,159.49,204.96,189.67,41.11,12.14,33.02,42.63,30.07,58.8,71.6,5.07,55.0,98.25,1646.65,0
2026-09-01 08:39:36,156.59,209.97,186.19,43.86,11.96,32.31,43.31,29.91,57.78,72.62,4.98,52.0,94.16,1619.28,0
2026-09-01 08:39:37,157.68,212.93,189.77,36.63,11.87,33.02,39.3,28.34,61.7,68.59,4.22,55.58,93.6,1650.38,0
2026-09-01 08:39:38,162.02,211.75,187.97,40.91,11.96,33.81,43.72,31.55,57.59,69.11,4.87,54.63,96.27,1609.62,0
2026-09-01 08:39:39,160.58,210.17,188.61,39.16,12.03,32.96,41.78,30.25,55.14,71.6,4.6,53.53,97.7,1615.16,0
2026-09-01 08:39:40,160.25,211.44,187.83,39.12,11.9,33.31,48.14,28.84,51.19,65.47,5.36,54.04,95.44,1620.17,0
2026-09-01 08:39:41,160.77,209.92,182.87,39.07,11.9,32.19,37.65,27.93,52.61,66.73,4.48,50.96,94.7,1668.98,0
2026-09-01 08:39:42,160.23,205.71,191.28,38.64,12.03,33.23,44.74,27.67,59.05,67.03,5.13,55.31,97.61,1628.22,0
2026-09-01 08:39:43,163.11,205.74,187.34,42.53,12.0,33.94,41.21,30.77,47.49,64.61,4.92,53.18,94.23,1644.26,0
2026-09-01 08:39:44,160.31,209.39,190.62,41.26,12.0,32.23,38.77,29.38,60.53,73.25,4.21,55.77,94.6,1646.45,0
2026-09-01 08:39:45,156.35,209.52,187.31,40.03,11.92,33.35,40.95,29.55,53.59,64.04,4.82,53.46,97.01,1645.72,0
2026-09-01 08:39:46,164.08,212.55,184.88,42.03,11.98,33.06,42.55,30.49,50.91,71.03,4.79,52.23,94.05,1614.76,0
2026-09-01 08:39:47,160.93,212.27,186.8,37.73,11.91,33.1,44.07,29.48,49.51,72.44,4.74,53.43,92.61,1642.23,0
2026-09-01 08:39:48,158.53,211.82,187.46,38.0,12.09,33.13,45.44,30.55,58.37,69.12,5.38,53.76,95.22,1615.36,0
2026-09-01 08:39:49,156.87,209.16,185.73,36.73,12.1,33.83,44.84,30.1,54.93,67.99,5.38,52.76,98.47,1601.8,0
2026-09-01 08:39:50,160.99,205.86,184.58,38.95,11.82,32.62,40.07,29.92,62.94,70.7,4.47,52.24,95.84,1668.58,0
2026-09-01 08:39:51,159.71,211.24,189.3,40.24,11.91,31.8,44.26,28.43,48.68,70.01,4.94,54.28,93.08,1629.53,0
2026-09-01 08:39:52,163.94,211.58,187.41,40.15,11.85,32.74,42.78,29.18,52.11,73.01,4.65,53.4,93.59,1630.43,0
2026-09-01 08:39:53,159.14,202.83,188.15,40.22,11.93,33.73,40.69,30.6,54.54,62.11,4.81,53.82,93.26,1655.71,0
2026-09-01 08:39:54,157.91,207.5,187.99,37.88,11.99,32.47,41.58,29.32,51.24,67.24,4.9,53.43,96.89,1651.09,0
2026-09-01 08:39:55,162.24,207.93,186.98,41.2,11.86,32.5,40.58,31.21,55.03,71.68,4.44,53.48,93.03,1622.75,0
2026-09-01 08:39:56,162.31,210.36,189.66,40.36,11.91,33.31,42.07,32.35,56.6,70.15,4.47,54.95,95.93,1641.29,0
2026-09-01 08:39:57,160.42,207.59,184.75,41.1,11.9,31.99,40.54,30.66,57.42,72.26,4.58,51.76,94.89,1645.81,0
2026-09-01 08:39:58,161.69,209.89,186.83,37.16,12.02,33.11,39.94,31.49,62.53,70.79,4.51,53.74,96.31,1609.26,0
2026-09-01 08:39:59,159.91,209.37,187.72,40.47,12.01,33.62,42.96,30.72,48.48,69.6,5.02,52.94,93.54,1620.46,0
2026-09-01 08:40:00,160.58,209.52,187.3,38.22,11.93,32.97,43.26,29.47,56.69,69.09,4.85,54.26,96.75,1628.88,0
2026-09-01 08:40:01,162.91,207.85,186.19,39.4,12.02,31.96,41.62,30.2,51.77,76.98,4.69,52.84,98.46,1635.98,0
2026-09-01 08:40:02,161.56,208.08,189.37,40.8,11.95,32.26,44.74,32.01,57.15,74.6,4.88,54.4,97.77,1661.57,0
2026-09-01 08:40:03,159.58,206.76,189.07,40.14,11.97,32.92,41.48,29.48,57.16,71.49,4.73,54.61,95.88,1621.71,0
2026-09-01 08:40:04,163.38,211.14,186.28,38.72,12.17,34.25,41.39,28.96,50.07,70.24,4.66,51.57,94.22,1664.79,0
2026-09-01 08:40:05,154.09,211.71,187.53,40.01,12.13,32.84,43.32,28.87,50.49,71.61,5.01,53.48,96.52,1644.69,0
2026-09-01 08:40:06,165.13,207.69,188.37,37.7,11.87,32.49,41.74,29.78,57.56,72.48,4.42,54.47,95.36,1602.99,0
2026-09-01 08:40:07,155.74,214.56,185.97,41.73,12.08,34.09,42.17,29.0,55.12,71.26,4.99,52.39,96.87,1641.51,0
2026-09-01 08:40:08,158.43,209.06,184.43,39.69,12.08,33.96,36.96,31.67,53.9,67.75,4.25,51.51,94.32,1663.96,0
2026-09-01 08:40:09,159.9,214.59,188.58,41.68,11.89,32.96,42.03,30.22,58.29,75.35,4.54,54.53,96.14,1630.91,0
2026-09-01 08:40:10,159.63,208.07,187.45,39.21,12.08,33.02,38.35,30.97,58.66,70.74,4.5,53.19,97.82,1620.02,0
2026-09-01 08:40:11,162.52,203.92,186.74,39.21,12.15,31.99,39.56,29.7,52.35,76.04,4.65,52.52,98.41,1623.35,0
2026-09-01 08:40:12,157.36,211.21,185.61,38.85,11.89,32.94,39.33,28.86,50.74,70.56,4.42,52.91,94.04,1644.43,0
2026-09-01 08:40:13,160.65,210.75,186.7,41.31,11.91,32.98,39.91,28.69,48.69,69.26,4.5,52.7,93.11,1606.89,0
2026-09-01 08:40:14,158.55,210.1,186.68,38.94,12.1,32.67,40.9,29.09,55.17,74.15,4.84,53.34,96.07,1669.68,0
2026-09-01 08:40:15,160.74,208.07,186.11,40.97,12.03,33.13,41.03,30.35,47.88,70.9,4.78,52.06,97.99,1656.59,0
2026-09-01 08:40:16,159.84,209.9,184.35,39.43,12.06,33.83,43.33,30.52,55.5,70.4,5.06,51.59,94.98,1648.25,0
2026-09-01 08:40:17,160.23,185.87,188.73,37.04,8.1,21.26,42.44,30.6,61.08,66.4,2.33,69.42,0.0,1611.27,1
2026-09-01 08:40:18,158.63,209.09,188.15,39.14,12.04,32.68,38.2,28.51,53.23,71.98,4.39,53.93,94.72,1663.77,0
2026-09-01 08:40:19,158.72,212.52,185.88,38.23,11.87,32.72,42.17,30.0,52.32,68.52,4.56,52.84,94.32,1659.77,0
2026-09-01 08:40:20,160.72,210.55,188.13,40.05,12.1,33.64,42.64,28.97,64.99,68.66,4.92,54.39,97.47,1663.44,0
2026-09-01 08:40:21,162.36,211.83,185.57,38.21,12.12,34.19,41.34,30.4,62.55,68.53,4.68,52.85,97.96,1640.88,0
2026-09-01 08:40:22,158.5,209.3,188.25,41.39,11.98,33.0,41.88,30.48,51.18,71.32,4.75,53.48,93.93,1635.0,0
2026-09-01 08:40:23,157.83,208.97,186.75,39.86,12.0,33.99,42.38,28.83,55.7,65.39,5.11,53.29,97.48,1640.07,0
2026-09-01 08:40:24,161.53,206.54,188.01,39.73,11.85,32.58,43.53,30.97,56.64,69.37,4.93,54.36,96.48,1644.27,0
2026-09-01 08:40:25,159.92,208.89,190.02,40.98,12.05,33.52,38.85,32.34,56.02,72.94,4.25,54.07,95.98,1660.33,0
2026-09-01 08:40:26,162.08,200.04,185.32,41.45,12.06,33.66,41.51,30.83,64.07,66.26,5.02,52.62,94.37,1607.45,0
2026-09-01 08:40:27,157.74,208.23,186.59,39.97,11.99,32.57,45.02,29.84,55.44,70.52,5.28,52.59,97.83,1639.23,0
2026-09-01 08:40:28,155.55,209.75,186.54,38.84,12.11,33.16,44.83,29.68,56.19,68.11,5.49,52.77,97.47,1644.73,0
2026-09-01 08:40:29,158.67,211.69,189.09,37.34,11.97,33.24,43.7,29.79,58.44,68.79,4.68,55.1,98.58,1655.31,0
2026-09-01 08:40:30,158.08,209.19,184.54,38.97,12.06,31.62,43.07,29.24,60.95,74.97,5.12,51.52,94.28,1628.36,0
2026-09-01 08:40:31,159.8,211.04,186.33,39.07,11.9,34.0,45.31,30.25,59.68,65.05,5.33,53.22,95.62,1635.99,0
2026-09-01 08:40:32,158.41,203.46,183.64,40.16,12.0,31.94,45.84,28.86,57.69,72.3,5.69,51.15,0.0,1631.92,1
2026-09-01 08:40:33,161.85,209.83,187.64,39.48,11.98,32.36,41.74,28.11,47.21,68.57,4.62,53.69,96.56,1640.17,0
2026-09-01 08:40:34,159.28,204.96,188.42,41.03,12.02,32.89,40.06,30.22,52.56,68.42,4.8,53.66,92.9,1622.82,0
2026-09-01 08:40:35,160.38,206.38,190.84,39.08,11.96,33.9,41.46,30.02,59.1,66.67,4.73,55.89,92.58,1647.1,0
2026-09-01 08:40:36,160.39,209.44,188.33,39.91,11.99,32.58,48.19,29.43,56.25,72.26,5.54,54.34,0.0,1641.88,1
2026-09-01 08:40:37,160.49,213.83,186.26,41.78,12.08,34.09,38.86,28.72,59.13,69.43,4.51,53.08,95.73,1604.87,0
2026-09-01 08:40:38,159.94,211.11,186.82,40.51,11.96,33.12,41.06,30.29,64.44,69.05,4.56,53.28,96.36,1610.34,0
2026-09-01 08:40:39,161.28,210.05,184.93,39.91,11.84,31.84,39.17,29.01,49.12,70.33,4.4,51.93,92.79,1629.99,0
2026-09-01 08:40:40,158.01,209.94,189.11,39.1,12.17,32.78,42.25,29.86,60.69,69.49,4.9,54.97,96.53,1695.28,0
2026-09-01 08:40:41,163.5,207.86,185.87,39.05,12.14,35.38,39.59,31.76,53.35,64.0,4.78,52.12,98.55,1627.82,0
2026-09-01 08:40:42,159.41,208.37,188.74,38.72,11.87,32.65,41.78,30.65,59.68,68.53,4.66,55.21,95.39,1612.91,0
2026-09-01 08:40:43,156.72,211.28,189.26,39.19,12.07,32.52,38.1,28.63,54.79,72.69,4.34,55.2,95.87,1619.0,0
2026-09-01 08:40:44,160.47,205.84,187.3,41.13,11.95,33.02,43.24,28.73,65.64,65.48,5.09,54.01,96.79,1643.23,0
2026-09-01 08:40:45,157.87,211.78,185.88,39.67,12.03,33.7,44.44,30.15,55.65,66.73,5.14,52.83,96.13,1664.96,0
2026-09-01 08:40:46,161.66,208.83,187.68,37.98,12.03,32.76,41.23,28.62,51.8,68.72,4.7,53.76,97.74,1619.95,0
2026-09-01 08:40:47,165.52,212.48,184.56,42.65,11.98,33.84,41.73,28.0,57.1,67.82,4.66,51.35,95.17,1636.57,0
2026-09-01 08:40:48,158.03,212.88,187.7,40.48,11.92,33.26,41.67,30.53,56.62,69.92,4.62,54.05,95.81,1621.72,0
2026-09-01 08:40:49,160.83,204.98,187.94,37.89,11.93,33.59,42.36,30.32,60.69,66.72,4.92,54.82,98.43,1645.13,0
2026-09-01 08:40:50,155.61,208.26,186.34,39.34,11.91,31.9,41.92,30.45,57.24,68.84,4.87,52.5,95.5,1621.6,0
2026-09-01 08:40:51,161.13,207.43,187.58,40.17,11.92,33.02,43.54,30.26,67.38,69.86,4.82,54.32,96.37,1647.78,0
2026-09-01 08:40:52,157.79,204.56,188.32,42.56,11.99,32.53,44.47,29.93,54.44,71.95,5.27,54.02,93.33,1579.42,0
2026-09-01 08:40:53,158.44,206.9,188.98,38.34,11.93,32.09,40.37,29.34,54.5,73.73,4.64,54.5,95.65,1644.63,0
2026-09-01 08:40:54,157.25,217.32,186.51,41.46,12.07,33.66,41.38,30.52,51.98,69.22,4.75,52.52,96.85,1626.49,0
2026-09-01 08:40:55,161.83,211.83,184.19,42.1,12.15,32.49,43.8,31.53,55.43,75.66,5.11,50.77,95.35,1641.68,0
2026-09-01 08:40:56,162.52,215.75,187.67,39.06,11.94,32.97,39.16,29.5,56.16,69.45,4.24,53.95,95.13,1628.89,0
2026-09-01 08:40:57,160.06,212.49,188.57,39.58,12.02,33.45,38.06,28.98,56.41,72.49,4.22,53.86,95.76,1605.09,0
2026-09-01 08:40:58,157.84,207.77,188.49,38.45,12.05,32.24,42.45,28.86,55.34,75.79,4.83,53.7,94.73,1632.63,0
2026-09-01 08:40:59,163.97,208.85,185.5,39.69,12.05,32.99,42.99,29.13,51.95,70.42,4.87,51.29,95.61,1644.61,0
2026-09-01 08:41:00,158.12,211.77,186.24,39.95,12.01,33.6,40.56,30.2,50.59,65.88,4.7,51.94,99.23,1633.48,0
2026-09-01 08:41:01,154.59,211.31,187.95,40.99,12.07,33.2,40.84,27.86,53.12,70.27,4.77,54.09,96.63,1599.24,0
2026-09-01 08:41:02,161.15,208.27,188.33,41.64,12.05,33.94,40.48,30.44,60.71,68.17,4.72,54.2,96.86,1632.42,0
2026-09-01 08:41:03,157.24,205.47,188.03,38.88,11.88,32.22,40.27,30.64,61.78,69.18,4.63,54.75,97.81,1638.26,0
2026-09-01 08:41:04,162.47,219.86,188.98,37.05,12.09,32.61,43.39,28.2,54.62,75.95,4.31,53.8,92.93,1619.58,0
2026-09-01 08:41:05,159.05,209.58,185.64,39.97,12.09,33.67,39.64,29.02,50.29,66.33,4.81,51.17,99.96,1567.65,0
2026-09-01 08:41:06,161.51,209.02,189.52,40.44,11.92,33.4,41.47,30.08,54.59,70.9,4.6,54.62,96.5,1617.8,0
2026-09-01 08:41:07,163.5,210.34,186.19,40.37,12.0,33.87,40.19,29.86,65.46,67.37,4.39,52.46,94.18,1602.17,0
2026-09-01 08:41:08,156.98,209.27,183.97,39.51,12.07,33.8,39.09,30.52,59.99,69.08,4.67,51.2,94.68,1625.35,0
2026-09-01 08:41:09,158.59,210.37,189.06,40.19,11.98,32.71,43.74,29.86,57.75,72.23,4.9,55.09,97.03,1602.19,0
2026-09-01 08:41:10,159.81,213.86,189.4,42.27,12.11,34.0,40.96,31.26,59.81,70.95,4.58,54.58,98.03,1601.26,0
2026-09-01 08:41:11,163.84,209.63,188.39,40.57,12.24,34.0,42.38,29.68,62.7,69.32,5.07,54.44,98.56,1642.46,0
2026-09-01 08:41:12,158.35,206.51,185.91,39.44,11.92,32.88,38.98,29.02,49.24,68.05,4.51,52.67,93.96,1630.18,0
2026-09-01 08:41:13,158.51,209.52,186.7,39.25,11.86,32.01,40.52,28.94,53.04,70.95,4.47,53.67,95.24,1636.68,0
2026-09-01 08:41:14,161.2,208.61,185.93,39.75,12.03,32.6,43.51,30.74,52.36,75.12,5.05,52.26,95.27,1615.32,0
2026-09-01 08:41:15,158.56,214.27,188.68,42.46,12.07,34.66,47.17,30.03,57.94,67.3,5.34,53.62,96.16,1617.0,0
2026-09-01 08:41:16,160.38,213.51,188.99,39.73,11.98,32.46,38.05,30.63,55.8,75.73,4.17,54.08,94.34,1613.69,0
2026-09-01 08:41:17,156.12,210.32,185.48,39.97,12.15,32.07,41.6,30.61,58.78,73.6,4.96,52.64,96.13,1616.22,0
2026-09-01 08:41:18,165.54,206.16,185.31,39.28,11.87,31.99,42.82,27.98,52.47,74.11,4.8,52.44,91.81,1617.08,0
2026-09-01 08:41:19,156.63,206.32,191.1,41.65,12.07,33.64,40.77,28.86,61.86,70.93,4.78,55.28,98.82,1606.35,0
2026-09-01 08:41:20,159.2,210.05,186.11,42.94,11.94,31.95,43.7,28.98,54.65,73.51,4.95,53.05,94.26,1611.9,0
2026-09-01 08:41:21,159.92,211.01,185.63,40.68,12.17,34.36,40.27,29.18,58.47,66.97,4.71,51.54,99.46,1629.92,0
2026-09-01 08:41:22,164.78,208.88,185.82,40.12,12.2,33.95,42.31,29.58,60.98,68.0,5.09,52.52,96.9,1605.93,0
2026-09-01 08:41:23,156.69,208.56,187.85,40.06,11.92,32.13,40.96,31.0,60.58,72.3,4.63,54.07,94.5,1632.39,0
2026-09-01 08:41:24,164.96,208.22,188.06,36.42,11.95,33.47,44.44,31.2,56.8,70.89,4.73,54.33,92.44,1594.37,0
2026-09-01 08:41:25,161.89,209.93,187.44,41.12,12.09,32.89,40.65,29.71,59.1,69.55,4.78,53.36,99.57,1631.74,0
2026-09-01 08:41:26,161.04,202.85,187.41,40.2,11.96,34.07,41.3,29.75,63.71,62.49,5.02,54.27,97.26,1624.12,0
2026-09-01 08:41:27,157.54,206.7,188.92,40.64,12.0,32.91,43.89,29.29,57.57,68.69,5.28,53.88,94.54,1632.01,0
2026-09-01 08:41:28,161.43,208.12,185.92,38.93,12.0,32.78,39.94,30.09,51.35,66.48,4.58,52.5,97.4,1631.95,0
2026-09-01 08:41:29,158.19,213.62,184.22,39.42,11.81,33.19,42.14,30.2,57.92,71.48,4.69,51.93,96.04,1604.9,0
2026-09-01 08:41:30,163.17,207.56,189.25,39.38,12.0,33.74,38.35,30.81,54.81,69.43,4.4,54.69,96.29,1626.4,0
2026-09-01 08:41:31,157.57,210.54,188.21,41.53,11.93,33.4,39.82,30.8,43.26,68.12,4.45,53.38,95.71,1602.58,0
2026-09-01 08:41:32,159.72,210.68,186.52,39.43,11.95,31.92,42.76,27.7,57.31,77.93,4.74,52.78,95.59,1616.84,0
2026-09-01 08:41:33,158.61,213.89,187.52,43.12,12.14,32.32,40.02,29.85,55.58,73.11,4.54,53.16,95.97,1643.7,0
2026-09-01 08:41:34,157.53,213.79,187.84,40.65,11.87,32.51,40.91,31.38,60.78,73.17,4.42,54.79,94.4,1605.12,0
2026-09-01 08:41:35,161.85,209.83,184.2,38.09,12.08,33.32,42.99,29.56,51.25,76.61,4.83,50.91,95.19,1623.56,0
2026-09-01 08:41:36,161.34,208.57,186.77,39.81,11.97,32.89,40.84,31.14,47.47,72.41,4.64,52.83,97.32,1608.4,0
2026-09-01 08:41:37,163.02,208.01,190.7,39.02,11.97,33.21,43.65,29.69,55.84,67.69,4.8,55.26,98.26,1630.63,0
2026-09-01 08:41:38,155.55,209.28,188.01,36.71,12.08,33.54,42.43,30.17,56.9,67.34,4.98,52.93,97.18,1642.89,0
2026-09-01 08:41:39,162.66,208.7,188.07,42.4,12.03,32.27,42.87,28.86,55.47,72.89,4.93,53.81,95.48,1614.98,0
2026-09-01 08:41:40,166.26,211.66,189.24,41.05,12.06,35.09,44.48,28.9,20.0,63.82,4.89,54.21,95.78,1628.55,0
2026-09-01 08:41:41,158.87,211.26,185.74,40.8,12.1,33.32,42.64,30.73,20.0,69.77,4.87,49.94,97.31,1619.67,0
2026-09-01 08:41:42,164.74,211.78,187.87,40.25,11.97,33.81,45.08,30.88,20.0,63.49,4.91,52.43,96.57,1604.49,0
2026-09-01 08:41:43,159.34,213.78,188.11,37.93,11.94,33.27,43.82,30.03,20.0,70.3,4.66,51.31,95.73,1630.95,0
2026-09-01 08:41:44,156.57,215.59,189.21,39.27,11.89,33.01,40.95,28.77,20.0,72.56,4.35,53.03,94.06,1633.42,0
2026-09-01 08:41:45,159.24,210.37,186.41,41.26,11.92,33.01,44.59,30.04,20.0,70.84,5.07,50.73,97.09,1603.86,0
2026-09-01 08:41:46,162.62,213.3,187.89,38.42,12.29,33.61,42.53,31.26,20.0,72.81,4.88,51.47,98.55,1640.74,0
2026-09-01 08:41:47,157.9,208.95,186.79,36.2,12.12,32.37,41.21,31.74,20.0,75.89,4.86,50.81,97.69,1648.79,0
2026-09-01 08:41:48,158.5,213.56,188.49,39.66,11.86,32.14,42.56,29.68,20.0,69.57,4.57,52.44,91.8,1605.41,0
2026-09-01 08:41:49,161.48,213.18,186.69,39.79,11.87,31.94,44.22,28.34,20.0,78.42,4.63,51.13,94.62,1650.68,0
2026-09-01 08:41:50,160.01,213.03,186.27,40.2,12.05,33.67,42.91,30.84,20.0,70.64,4.89,50.04,97.46,1623.06,0
2026-09-01 08:41:51,161.46,210.28,186.72,41.09,12.05,33.13,45.64,29.72,20.0,72.85,5.24,51.04,94.58,1621.49,0
2026-09-01 08:41:52,160.59,207.99,185.59,40.96,12.05,33.28,44.17,30.94,20.0,68.17,5.21,50.19,93.81,1656.06,0
2026-09-01 08:41:53,161.2,205.82,186.56,40.39,11.97,31.4,43.05,30.28,20.0,74.86,4.98,51.08,97.49,1639.49,0
2026-09-01 08:41:54,158.92,209.88,186.93,41.79,11.99,32.12,39.95,29.12,20.0,73.13,4.51,51.3,96.09,1610.17,0
2026-09-01 08:41:55,160.58,214.6,188.52,37.72,12.03,33.5,41.64,30.06,20.0,74.41,4.32,51.95,96.56,1612.33,0
2026-09-01 08:41:56,157.68,209.07,189.24,40.76,12.01,33.39,42.14,31.31,20.0,70.16,4.92,52.82,96.67,1628.92,0
2026-09-01 08:41:57,163.22,212.36,187.25,40.94,11.78,32.61,43.39,29.85,20.0,66.23,4.67,52.05,94.61,1628.58,0
2026-09-01 08:41:58,158.41,212.53,190.45,38.14,11.98,32.85,43.27,28.97,20.0,71.38,4.73,53.91,91.36,1621.38,0
2026-09-01 08:41:59,162.82,209.15,190.31,37.75,11.91,33.74,42.34,28.41,20.0,64.91,4.65,54.6,94.71,1607.99,0
2026-09-01 08:42:00,159.42,213.95,188.35,38.88,12.02,33.45,42.24,29.23,20.0,68.99,4.78,52.31,95.93,1610.98,0
2026-09-01 08:42:01,160.5,179.23,188.56,39.01,8.5,21.22,43.44,29.59,20.0,70.57,2.62,64.82,0.0,1621.44,1
2026-09-01 08:42:02,158.76,206.33,187.71,41.13,12.04,31.9,40.28,30.82,20.0,77.13,4.43,51.84,96.33,1590.15,0
2026-09-01 08:42:03,157.46,207.25,190.17,39.08,11.97,32.24,45.39,28.88,20.0,70.96,5.03,53.62,95.11,1631.74,0
2026-09-01 08:42:04,155.64,192.22,190.13,38.72,6.6,17.56,37.91,31.55,20.0,70.42,1.02,77.81,0.0,1626.94,1
2026-09-01 08:42:05,157.36,211.01,190.26,39.08,12.05,33.25,44.91,28.66,20.0,69.81,5.15,53.24,95.96,1602.96,0
2026-09-01 08:42:06,159.19,210.87,187.63,41.68,12.04,33.94,41.91,32.33,20.0,65.97,4.96,51.41,96.61,1631.26,0
2026-09-01 08:42:07,160.53,211.18,187.83,40.02,12.06,33.94,44.01,31.73,20.0,70.26,5.1,52.37,98.89,1587.18,0
2026-09-01 08:42:08,162.53,211.79,188.47,39.73,12.21,34.64,42.73,30.14,20.0,70.31,4.97,52.23,95.45,1628.71,0
2026-09-01 08:42:09,158.89,207.15,186.53,39.83,11.89,33.85,42.69,28.35,20.0,67.09,4.84,51.54,91.73,1639.22,0
2026-09-01 08:42:10,157.8,206.35,188.17,41.94,12.05,32.99,43.11,29.94,20.0,66.44,5.17,51.63,96.9,1629.09,0
2026-09-01 08:42:11,156.39,211.19,187.29,38.88,11.91,32.92,43.62,29.61,20.0,68.56,4.9,51.78,96.13,1633.14,0
2026-09-01 08:42:12,161.2,208.11,189.44,41.97,12.06,32.33,41.34,28.73,20.0,70.19,4.74,53.16,99.73,1634.33,0
2026-09-01 08:42:13,163.46,205.29,189.51,40.32,11.91,32.83,44.07,30.29,20.0,68.63,4.81,54.16,95.31,1628.87,0
2026-09-01 08:42:14,163.17,212.91,186.94,39.76,11.96,34.15,39.83,29.18,20.0,66.85,4.37,51.54,95.4,1619.76,0
2026-09-01 08:42:15,161.77,214.19,186.22,43.75,11.97,32.24,41.99,29.29,20.0,70.87,4.48,51.54,94.98,1614.3,0
2026-09-01 08:42:16,161.6,214.67,180.18,38.42,12.1,33.04,43.67,29.8,20.0,71.62,5.02,47.23,0.0,1643.46,1
2026-09-01 08:42:17,164.24,210.56,185.21,39.47,12.09,33.36,43.99,29.43,20.0,70.36,5.1,50.68,97.5,1632.57,0
2026-09-01 08:42:18,160.83,211.88,184.58,38.15,11.88,32.76,42.92,32.08,20.0,68.31,4.73,49.44,96.22,1644.02,0
2026-09-01 08:42:19,161.62,214.11,181.16,41.43,12.01,33.04,41.21,29.46,20.0,71.78,4.64,47.59,0.0,1640.0,1
2026-09-01 08:42:20,159.2,224.17,188.24,42.53,8.0,22.98,43.79,30.44,20.0,69.43,1.47,66.81,0.0,1596.5,1
2026-09-01 08:42:21,156.59,213.33,189.76,42.5,11.87,33.22,40.66,30.15,20.0,66.43,4.53,52.94,97.08,1606.48,0
2026-09-01 08:42:22,158.29,210.83,187.85,41.84,11.98,32.97,45.5,30.35,20.0,73.11,5.16,52.18,96.72,1582.85,0
2026-09-01 08:42:23,159.98,212.74,188.26,39.7,11.97,32.88,41.83,30.43,20.0,71.06,4.54,52.3,94.95,1588.42,0
2026-09-01 08:42:24,160.15,210.56,188.56,39.45,12.24,34.28,38.92,30.88,20.0,69.64,4.52,51.17,96.46,1583.35,0
2026-09-01 08:42:25,164.82,213.89,184.27,37.49,12.04,34.3,39.61,30.27,20.0,65.29,4.42,49.0,96.58,1574.14,0
2026-09-01 08:42:26,160.2,210.67,188.58,43.05,11.86,33.28,42.09,30.22,20.0,67.77,4.74,52.87,97.14,1614.45,0
2026-09-01 08:42:27,162.95,205.55,187.01,40.7,11.94,31.88,42.28,30.06,20.0,76.06,4.68,51.13,95.86,1642.65,0
2026-09-01 08:42:28,158.91,214.36,187.17,39.26,12.1,33.71,45.94,29.86,20.0,65.47,5.26,51.13,94.31,1626.11,0
2026-09-01 08:42:29,159.22,207.16,187.5,41.99,12.21,32.83,39.92,29.09,20.0,69.25,4.7,51.52,100.38,1632.85,0
2026-09-01 08:42:30,156.68,213.76,187.32,38.54,11.84,32.48,42.08,29.94,20.0,69.95,4.59,51.99,95.41,1619.88,0
2026-09-01 08:42:31,158.14,209.73,188.88,40.61,11.81,32.26,39.88,30.24,20.0,70.96,4.41,52.87,94.36,1621.59,0
2026-09-01 08:42:32,161.32,213.53,190.11,39.74,12.19,34.9,41.01,30.4,20.0,65.51,4.72,52.25,97.24,1634.11,0
2026-09-01 08:42:33,160.02,213.4,189.26,40.96,12.04,33.53,45.37,30.18,20.0,70.52,4.96,53.31,92.84,1615.17,0
2026-09-01 08:42:34,162.36,211.29,187.77,39.9,11.91,33.56,39.73,29.77,20.0,64.94,4.41,52.44,94.07,1620.84,0
2026-09-01 08:42:35,160.45,211.53,189.03,37.82,12.05,32.64,43.17,29.94,20.0,70.29,4.84,52.28,95.15,1610.07,0
2026-09-01 08:42:36,159.12,211.27,185.81,40.11,11.74,32.25,42.79,29.45,20.0,68.04,4.56,50.99,94.81,1593.73,0
2026-09-01 08:42:37,165.37,203.96,189.68,41.57,12.0,32.98,41.95,30.31,20.0,67.4,4.67,52.83,95.69,1615.49,0
2026-09-01 08:42:38,159.77,210.35,186.75,39.96,12.03,33.52,43.04,29.78,20.0,72.5,4.94,50.83,97.9,1594.44,0
2026-09-01 08:42:39,162.91,206.65,187.15,41.16,12.09,33.41,39.68,30.18,20.0,69.29,4.63,51.21,93.48,1635.49,0
2026-09-01 08:42:40,159.0,210.51,190.45,38.43,11.9,33.58,45.31,31.0,20.0,71.42,4.94,54.23,98.55,1627.56,0
2026-09-01 08:42:41,161.77,206.57,185.25,39.96,12.01,32.58,45.85,29.29,20.0,71.52,5.26,50.78,97.93,1647.51,0
2026-09-01 08:42:42,162.32,206.45,188.63,39.06,11.91,33.12,42.09,30.6,20.0,73.81,4.53,53.06,95.9,1601.98,0
2026-09-01 08:42:43,160.52,214.81,188.21,41.12,12.03,34.24,46.85,30.03,20.0,66.38,5.24,51.59,95.68,1590.05,0
2026-09-01 08:42:44,154.11,213.21,185.07,40.05,11.91,32.81,41.2,32.02,20.0,72.76,4.74,50.08,96.46,1586.84,0
2026-09-01 08:42:45,160.05,209.99,188.07,41.04,11.96,33.78,42.8,29.78,20.0,70.05,4.66,52.57,95.81,1648.77,0
2026-09-01 08:42:46,163.08,210.55,186.35,41.63,11.9,32.97,44.86,30.7,20.0,68.87,4.95,51.47,94.91,1609.23,0
2026-09-01 08:42:47,161.32,209.26,189.04,41.04,12.07,33.59,41.08,30.02,20.0,66.55,4.86,52.34,97.65,1587.08,0
2026-09-01 08:42:48,161.11,211.71,187.38,40.41,12.09,33.12,39.24,28.61,20.0,71.82,4.48,51.76,98.0,1626.36,0
2026-09-01 08:42:49,155.69,185.58,184.96,38.5,7.7,21.19,38.78,29.48,20.0,67.23,1.73,65.5,0.0,1610.27,1
2026-09-01 08:42:50,158.2,212.98,187.55,40.0,12.0,33.06,46.12,30.88,20.0,71.55,5.19,51.16,95.31,1597.91,0
2026-09-01 08:42:51,161.03,209.24,185.78,39.2,11.86,31.93,40.94,29.57,20.0,75.78,4.47,50.15,94.66,1646.47,0
2026-09-01 08:42:52,161.03,208.74,186.3,39.48,11.97,32.55,41.63,27.78,20.0,72.94,4.83,51.09,93.75,1613.82,0
2026-09-01 08:42:53,163.04,210.07,185.81,39.44,11.99,33.26,39.77,29.97,20.0,74.17,4.32,49.88,93.86,1627.89,0
2026-09-01 08:42:54,159.64,208.23,185.93,38.53,12.26,34.08,43.9,28.91,20.0,67.84,5.47,50.66,97.17,1625.12,0
2026-09-01 08:42:55,161.01,210.99,187.9,37.06,11.89,33.28,40.44,30.13,20.0,72.29,4.28,52.46,96.55,1670.68,0
2026-09-01 08:42:56,160.04,208.39,186.32,39.0,12.15,34.37,41.02,31.55,20.0,66.57,4.94,50.56,97.35,1612.24,0
2026-09-01 08:42:57,157.53,211.41,186.99,40.29,12.1,33.62,42.6,30.77,20.0,69.3,5.04,50.72,98.24,1596.18,0
2026-09-01 08:42:58,154.36,213.65,189.72,37.98,12.03,32.43,39.87,31.54,20.0,75.22,4.55,52.64,98.17,1602.43,0
2026-09-01 08:42:59,161.08,207.84,186.57,40.02,12.18,33.4,41.64,29.44,20.0,68.18,5.04,49.57,97.96,1635.74,0
2026-09-01 08:43:00,160.43,209.61,187.4,42.85,12.04,32.6,44.8,29.86,20.0,73.33,4.98,52.16,94.74,1620.86,0
2026-09-01 08:43:01,158.45,211.38,182.64,41.53,12.04,32.56,42.86,28.96,20.0,73.05,5.04,48.83,97.53,1606.32,0
2026-09-01 08:43:02,155.95,208.69,187.69,42.47,11.99,32.5,42.26,29.32,20.0,73.22,4.98,51.8,94.26,1622.5,0
2026-09-01 08:43:03,161.57,211.39,187.48,40.59,12.12,34.77,42.43,29.07,20.0,66.2,4.98,52.18,96.17,1642.1,0
2026-09-01 08:43:04,159.34,211.67,179.92,41.75,12.11,31.88,41.22,28.69,20.0,71.58,4.89,46.61,0.0,1648.6,1
2026-09-01 08:43:05,161.39,213.25,188.72,38.91,11.94,33.6,45.99,31.37,20.0,69.53,4.89,52.55,95.49,1622.66,0
2026-09-01 08:43:06,164.66,208.18,189.07,39.03,11.87,32.93,40.38,27.91,20.0,73.27,4.18,52.74,95.63,1637.9,0
2026-09-01 08:43:07,154.65,207.17,186.47,35.89,11.98,32.86,42.42,31.37,20.0,65.03,5.14,52.01,92.78,1586.68,0
2026-09-01 08:43:08,158.25,209.08,186.1,41.78,11.92,32.46,42.23,31.25,20.0,71.1,4.88,50.98,94.89,1627.48,0
2026-09-01 08:43:09,159.48,207.1,187.3,42.31,11.99,33.03,44.02,30.5,20.0,70.68,5.16,51.72,96.37,1611.35,0
2026-09-01 08:43:10,163.64,211.69,185.74,39.17,12.12,34.65,44.21,28.89,20.0,64.03,5.08,51.06,97.13,1591.87,0
2026-09-01 08:43:11,155.91,206.51,186.11,39.62,11.95,32.0,41.94,28.42,20.0,67.34,5.04,51.45,96.81,1596.14,0
2026-09-01 08:43:12,164.84,217.0,189.68,38.87,12.0,35.26,42.58,29.45,20.0,64.51,4.46,52.42,95.02,1598.29,0
2026-09-01 08:43:13,160.34,213.89,188.51,40.57,12.01,34.13,42.66,30.63,20.0,67.82,4.7,52.21,97.77,1620.34,0
2026-09-01 08:43:14,159.76,210.04,184.14,41.69,12.08,32.4,37.46,30.0,20.0,71.65,4.27,49.52,95.98,1592.23,0
2026-09-01 08:43:15,159.5,212.6,184.71,37.39,11.78,32.75,38.82,28.96,20.0,70.59,4.15,50.65,94.24,1628.42,0
2026-09-01 08:43:16,158.91,205.09,188.09,40.61,11.94,33.1,40.79,31.15,20.0,70.51,4.79,52.38,94.04,1633.48,0
2026-09-01 08:43:17,162.62,217.57,188.47,39.58,12.02,34.64,40.88,31.68,20.0,66.88,4.33,51.92,97.0,1611.64,0
2026-09-01 08:43:18,157.33,208.23,185.42,40.17,12.12,32.42,39.6,29.77,20.0,73.36,4.71,50.84,95.81,1609.81,0
2026-09-01 08:43:19,160.86,209.64,188.59,40.69,11.95,32.62,43.5,30.11,20.0,69.94,4.96,52.7,96.0,1616.97,0
2026-09-01 08:43:20,159.04,204.43,190.31,39.72,11.81,31.87,42.0,28.49,50.94,70.1,4.81,55.72,95.7,1603.93,0
2026-09-01 08:43:21,158.09,211.46,189.88,39.84,12.06,33.4,41.57,29.59,50.24,72.82,4.62,55.08,97.89,1642.91,0
2026-09-01 08:43:22,166.46,206.68,187.29,39.68,11.94,32.8,39.49,30.51,59.22,67.03,4.5,53.85,99.4,1571.81,0
2026-09-01 08:43:23,161.05,210.3,188.03,41.46,11.88,32.53,41.91,30.35,56.04,70.69,4.59,54.07,95.06,1605.77,0
2026-09-01 08:43:24,161.53,208.37,183.57,40.63,11.94,32.58,36.75,29.49,64.23,71.27,4.29,51.6,95.04,1582.13,0
2026-09-01 08:43:25,162.84,206.77,191.07,40.33,11.98,33.61,41.67,29.73,59.86,68.36,4.64,55.84,94.91,1624.88,0
2026-09-01 08:43:26,156.45,207.59,185.77,38.09,11.94,32.46,42.13,29.55,51.34,71.96,4.88,52.35,96.43,1617.56,0
2026-09-01 08:43:27,164.38,210.68,187.85,39.43,11.78,32.25,42.48,29.72,59.2,71.43,4.51,53.69,94.05,1628.25,0
2026-09-01 08:43:28,153.73,206.16,188.09,41.35,12.09,32.86,38.87,30.42,53.47,69.7,4.72,53.31,95.44,1616.31,0
2026-09-01 08:43:29,158.08,207.75,189.78,40.06,12.13,32.87,42.45,28.03,61.08,69.6,4.99,54.42,95.69,1620.88,0
2026-09-01 08:43:30,158.85,211.99,191.46,40.99,12.07,33.48,39.92,29.93,52.57,71.57,4.43,54.78,98.42,1595.45,0
2026-09-01 08:43:31,161.45,217.81,186.46,42.65,11.89,33.38,40.38,30.35,49.74,72.37,4.21,52.94,96.4,1615.7,0
2026-09-01 08:43:32,160.55,211.43,190.89,41.56,11.98,33.18,43.44,29.43,51.02,70.19,4.65,55.56,97.82,1596.99,0
2026-09-01 08:43:33,159.58,207.25,187.12,40.14,12.0,32.4,46.03,29.52,51.28,73.36,5.34,52.74,93.86,1624.8,0
2026-09-01 08:43:34,159.97,208.9,185.85,39.23,12.06,32.79,42.1,29.55,50.8,71.98,4.96,52.05,95.94,1593.51,0
2026-09-01 08:43:35,157.55,210.09,188.32,36.17,12.07,33.24,40.37,29.52,52.14,64.63,4.74,53.92,95.15,1602.05,0
2026-09-01 08:43:36,156.26,208.95,186.93,39.75,11.93,33.7,42.38,30.01,59.28,65.79,4.92,53.43,95.61,1610.59,0
2026-09-01 08:43:37,161.82,212.71,188.97,39.51,12.01,33.48,43.88,30.13,63.98,73.55,4.92,54.76,94.88,1642.79,0
2026-09-01 08:43:38,161.73,210.65,189.52,40.59,12.05,32.52,43.24,27.9,48.35,69.26,4.81,54.17,98.47,1612.67,0
2026-09-01 08:43:39,163.96,212.72,188.01,39.77,12.15,34.85,47.49,30.65,61.32,70.49,5.25,54.02,96.62,1652.34,0
2026-09-01 08:43:40,158.02,209.06,189.44,39.52,12.07,32.91,40.57,29.71,52.61,73.42,4.41,54.36,99.36,1639.47,0
2026-09-01 08:43:41,161.73,213.98,190.25,37.33,12.08,34.42,42.5,31.93,56.74,69.98,4.51,54.91,97.93,1605.61,0
2026-09-01 08:43:42,159.29,209.5,187.41,38.59,12.01,32.66,45.1,28.81,46.73,70.11,5.25,52.82,97.42,1619.66,0
2026-09-01 08:43:43,162.98,207.09,185.33,40.71,12.14,33.58,44.97,29.13,57.62,67.39,5.63,51.68,0.0,1622.61,1
2026-09-01 08:43:44,162.55,216.53,184.14,42.57,12.04,33.72,38.1,29.8,44.97,71.11,4.31,51.13,96.43,1552.45,0
2026-09-01 08:43:45,160.53,204.53,191.36,39.85,11.91,33.26,41.99,30.41,56.57,71.76,4.62,56.35,96.57,1577.01,0
2026-09-01 08:43:46,159.15,207.78,188.79,40.49,12.14,32.83,44.97,28.05,56.29,68.27,5.37,54.0,97.6,1620.21,0
2026-09-01 08:43:47,162.4,208.12,189.56,41.43,12.07,34.08,47.78,29.17,55.96,67.23,5.43,54.99,95.37,1621.39,0
2026-09-01 08:43:48,161.62,217.52,185.7,38.78,11.96,32.43,43.41,30.59,51.33,77.88,4.51,52.34,94.7,1614.01,0
2026-09-01 08:43:49,158.29,215.42,189.53,40.55,11.95,33.86,41.26,29.05,57.75,69.72,4.38,55.11,95.32,1588.54,0
2026-09-01 08:43:50,156.68,214.48,186.47,38.89,12.03,33.25,39.98,31.37,56.96,67.95,4.62,52.69,96.91,1658.91,0
2026-09-01 08:43:51,159.28,209.01,185.45,41.3,12.05,32.65,46.44,29.55,53.95,72.12,5.33,52.59,97.5,1621.93,0
2026-09-01 08:43:52,163.79,217.28,187.86,40.23,12.02,32.97,43.46,29.1,58.36,69.85,4.41,53.9,97.0,1630.8,0
2026-09-01 08:43:53,162.87,211.11,186.87,40.45,12.03,33.68,40.3,30.61,54.52,66.74,4.52,53.18,97.12,1628.96,0
2026-09-01 08:43:54,157.22,212.93,189.08,38.83,12.17,33.64,41.59,31.61,57.64,71.45,4.58,54.19,96.94,1613.12,0
2026-09-01 08:43:55,157.08,210.54,187.19,41.06,12.11,33.88,42.62,30.42,54.37,67.44,5.01,53.06,93.5,1611.76,0
2026-09-01 08:43:56,163.19,232.14,189.44,43.13,6.87,19.19,43.09,31.26,56.08,74.73,0.74,76.94,0.0,1627.81,1
2026-09-01 08:43:57,157.16,209.24,186.94,38.49,12.09,33.9,40.2,31.68,57.87,71.48,4.83,52.27,95.55,1599.19,0
2026-09-01 08:43:58,161.27,209.37,185.77,39.49,11.9,33.46,40.77,29.08,53.01,69.17,4.64,52.77,98.38,1629.02,0
2026-09-01 08:43:59,158.46,211.83,188.26,40.35,12.04,33.51,38.69,30.94,48.83,70.33,4.38,53.27,96.84,1612.96,0
2026-09-01 08:44:00,164.04,211.1,189.2,41.18,12.18,32.85,44.08,28.48,56.38,72.71,4.87,54.06,99.55,1621.16,0
2026-09-01 08:44:01,158.07,209.91,187.28,39.16,11.98,32.38,41.32,30.42,60.95,70.56,4.66,53.46,94.17,1612.8,0
2026-09-01 08:44:02,162.86,214.53,184.05,35.75,11.92,32.38,42.93,29.93,56.5,76.37,4.67,52.03,97.0,1591.35,0
2026-09-01 08:44:03,160.46,201.1,188.6,42.04,11.93,31.8,44.84,31.24,56.59,73.41,5.15,54.08,96.55,1605.71,0
2026-09-01 08:44:04,160.63,211.53,189.0,41.14,11.89,33.55,42.44,31.17,54.79,71.46,4.61,54.54,95.69,1633.38,0
2026-09-01 08:44:05,155.07,212.15,191.39,37.39,11.92,33.35,41.77,30.57,58.7,67.19,4.71,55.96,93.81,1621.72,0
2026-09-01 08:44:06,154.49,213.44,188.8,39.09,11.96,33.36,42.39,30.3,54.07,69.56,4.65,54.02,94.65,1630.8,0
2026-09-01 08:44:07,159.45,209.81,187.94,42.35,11.86,32.59,42.13,30.51,52.73,71.44,4.48,53.7,95.85,1627.41,0
2026-09-01 08:44:08,160.62,210.62,191.4,42.17,12.0,33.53,44.49,30.06,60.53,67.53,4.99,55.62,94.96,1597.11,0
2026-09-01 08:44:09,157.19,212.96,188.19,41.41,12.09,32.66,42.62,29.94,52.35,73.88,4.74,53.34,95.47,1577.18,0
2026-09-01 08:44:10,157.28,214.47,189.5,39.74,11.91,33.34,40.91,31.44,59.45,67.08,4.52,55.23,94.52,1625.17,0
2026-09-01 08:44:11,161.4,209.1,191.3,40.12,12.15,34.11,44.1,31.56,60.53,68.09,4.97,55.31,97.98,1604.74,0
2026-09-01 08:44:12,161.41,210.8,183.71,39.8,12.05,33.43,44.46,29.86,57.83,68.31,5.2,51.31,98.55,1621.84,0
2026-09-01 08:44:13,159.66,215.04,185.23,41.69,12.1,33.49,39.32,30.24,48.75,72.23,4.5,51.81,97.45,1635.88,0
2026-09-01 08:44:14,161.95,203.63,183.08,38.69,11.93,32.68,45.07,30.08,55.14,67.59,5.47,50.94,97.29,1600.76,0
2026-09-01 08:44:15,157.06,207.93,190.94,38.79,12.09,33.6,42.73,28.39,53.99,64.6,5.09,54.82,96.47,1592.51,0
2026-09-01 08:44:16,159.11,214.4,187.8,41.52,11.89,31.88,42.57,29.66,52.52,73.26,4.61,53.11,98.16,1587.19,0
2026-09-01 08:44:17,164.12,213.28,187.25,39.93,12.09,34.73,44.01,31.6,55.71,68.67,5.01,53.5,98.72,1607.05,0
2026-09-01 08:44:18,160.17,211.57,185.95,42.07,12.02,32.91,40.87,29.25,58.85,66.79,4.64,53.34,97.48,1579.13,0
2026-09-01 08:44:19,160.32,208.65,188.17,38.99,12.06,34.08,43.91,32.11,52.71,67.74,5.08,54.22,97.13,1614.33,0
2026-09-01 08:44:20,165.76,207.35,188.97,39.92,11.88,32.97,41.25,31.17,54.14,75.15,4.45,54.75,95.65,1615.21,0
2026-09-01 08:44:21,156.5,208.23,190.17,38.62,11.91,33.51,39.05,30.4,53.79,68.03,4.24,55.39,93.06,1615.02,0
2026-09-01 08:44:22,161.99,214.64,187.02,40.01,12.06,34.18,40.0,30.56,60.82,69.63,4.54,53.27,94.16,1573.18,0
2026-09-01 08:44:23,164.16,208.11,186.34,37.78,11.91,32.93,43.13,29.08,53.71,68.66,4.77,52.86,96.21,1630.7,0
2026-09-01 08:44:24,159.19,210.3,189.48,39.27,12.05,33.42,40.11,29.73,48.83,66.3,4.63,53.97,96.48,1609.35,0
2026-09-01 08:44:25,162.15,207.74,189.82,37.85,11.86,32.77,45.22,31.44,47.13,67.77,4.91,54.51,95.74,1597.71,0
2026-09-01 08:44:26,157.54,212.53,187.43,41.04,12.08,33.85,44.38,29.39,56.81,66.1,5.23,52.6,94.97,1619.58,0
2026-09-01 08:44:27,158.28,208.38,190.97,41.07,11.88,32.28,44.67,31.06,51.2,72.87,4.95,55.99,97.28,1619.24,0
2026-09-01 08:44:28,160.96,209.71,188.1,37.4,12.06,32.86,42.25,28.62,58.34,70.3,4.69,54.12,96.14,1583.5,0
2026-09-01 08:44:29,162.0,204.95,184.56,42.0,12.06,31.98,42.52,28.8,48.34,77.45,4.95,51.11,97.07,1605.37,0
2026-09-01 08:44:30,162.8,205.16,187.61,43.75,11.93,33.24,39.61,31.9,52.31,67.87,4.6,54.1,94.69,1594.32,0
2026-09-01 08:44:31,163.92,210.02,187.59,40.07,12.06,33.53,43.99,29.99,48.35,67.42,5.08,53.98,96.96,1597.83,0
2026-09-01 08:44:32,159.83,206.02,189.06,39.04,12.03,33.47,42.76,29.46,57.17,74.6,4.86,53.89,99.79,1616.61,0
2026-09-01 08:44:33,162.98,216.32,186.64,44.24,11.95,33.22,43.13,31.36,58.24,73.17,4.48,53.5,97.3,1588.57,0
2026-09-01 08:44:34,159.14,203.82,186.56,38.02,11.9,32.66,45.38,31.25,56.69,71.15,5.33,53.25,94.35,1617.05,0
2026-09-01 08:44:35,162.26,207.6,189.67,40.03,11.8,33.49,40.79,30.92,49.57,66.66,4.43,55.67,92.95,1587.37,0
2026-09-01 08:44:36,160.52,210.05,186.45,40.27,12.03,32.24,41.75,29.43,51.27,75.23,4.78,52.39,96.81,1629.92,0
2026-09-01 08:44:37,161.11,208.9,187.46,42.02,11.84,32.37,42.65,29.71,56.17,69.78,4.67,54.34,94.26,1592.64,0
2026-09-01 08:44:38,161.06,206.69,188.78,40.54,12.01,32.59,40.13,30.31,46.56,68.71,4.51,54.1,95.06,1651.52,0
2026-09-01 08:44:39,155.99,207.13,186.0,39.25,11.97,32.33,41.62,30.69,53.79,73.43,5.04,53.06,98.76,1621.82,0
2026-09-01 08:44:40,157.19,207.03,185.9,38.57,12.07,32.81,42.99,29.49,62.58,69.93,5.14,52.47,93.56,1601.63,0
2026-09-01 08:44:41,160.26,209.14,189.0,39.49,11.97,33.07,41.35,30.17,54.1,66.5,4.62,54.27,96.82,1586.36,0
2026-09-01 08:44:42,155.78,215.86,188.5,38.49,11.97,33.85,44.62,30.27,47.56,70.12,4.88,54.02,98.64,1615.64,0
2026-09-01 08:44:43,162.08,210.23,189.26,40.07,12.07,34.32,38.98,31.29,51.96,67.66,4.51,54.68,94.84,1625.41,0
2026-09-01 08:44:44,162.18,213.55,185.12,39.15,12.03,34.82,44.25,30.75,51.85,60.97,5.26,51.93,95.64,1617.43,0
2026-09-01 08:44:45,160.82,211.52,187.18,37.76,12.03,33.3,43.32,28.49,65.7,67.35,4.84,53.01,95.76,1593.3,0
2026-09-01 08:44:46,157.2,213.34,186.81,41.88,12.05,33.42,40.86,29.79,63.33,68.42,4.71,53.87,98.8,1633.27,0
2026-09-01 08:44:47,163.45,201.6,185.6,39.25,11.85,31.98,40.15,29.07,58.65,66.53,4.71,53.41,94.73,1610.54,0
2026-09-01 08:44:48,165.09,209.09,190.88,38.1,12.08,33.31,37.84,30.57,53.28,71.73,3.96,55.03,99.7,1591.62,0
2026-09-01 08:44:49,160.37,213.92,185.13,39.75,12.06,34.25,40.41,30.92,61.0,67.67,4.57,52.58,97.77,1648.81,0
2026-09-01 08:44:50,161.28,208.28,187.32,40.1,11.9,32.53,44.09,30.1,49.33,71.44,5.07,53.55,94.66,1617.46,0
2026-09-01 08:44:51,160.5,215.29,187.75,37.38,11.98,34.8,41.89,29.73,60.38,66.3,4.55,53.62,94.12,1612.41,0
2026-09-01 08:44:52,161.33,214.45,185.62,40.5,12.0,32.83,44.33,30.07,59.64,72.73,4.97,52.97,94.45,1594.44,0
2026-09-01 08:44:53,159.7,208.59,188.12,38.43,11.99,33.5,40.76,30.21,54.24,66.17,4.69,53.85,96.89,1603.32,0
2026-09-01 08:44:54,159.91,208.49,187.62,42.57,12.03,34.12,43.41,29.36,60.7,62.98,4.97,53.24,100.13,1587.67,0
2026-09-01 08:44:55,162.26,206.96,183.78,40.79,12.14,32.77,40.57,28.78,52.76,73.71,4.9,51.2,96.43,1607.57,0
2026-09-01 08:44:56,165.86,208.11,187.7,39.4,12.11,33.48,40.07,27.95,48.67,67.43,4.52,53.89,95.89,1614.75,0
2026-09-01 08:44:57,156.5,206.3,187.8,38.88,11.87,31.57,41.79,31.27,59.89,75.27,4.88,53.32,95.92,1565.08,0
2026-09-01 08:44:58,159.74,211.29,189.2,39.84,12.06,33.2,40.67,30.5,54.57,71.69,4.58,54.47,96.2,1577.83,0
2026-09-01 08:44:59,157.05,205.63,186.22,40.92,12.13,32.87,38.91,30.36,58.01,72.37,4.76,52.68,96.36,1585.35,0
2026-09-01 08:45:00,163.98,211.81,187.35,39.96,12.04,33.24,41.64,31.27,64.1,73.14,4.58,53.31,98.65,1573.34,0
2026-09-01 08:45:01,158.53,211.88,188.88,39.67,12.11,34.28,42.21,28.74,51.39,70.34,4.86,54.29,99.19,1586.79,0
2026-09-01 08:45:02,156.39,205.02,185.48,40.09,12.2,32.56,44.54,28.26,54.28,70.37,5.47,51.37,98.05,1632.75,0
2026-09-01 08:45:03,161.6,214.65,188.42,39.09,12.1,33.53,43.87,30.38,62.85,73.84,4.86,54.23,95.83,1625.95,0
2026-09-01 08:45:04,164.36,211.54,186.2,39.49,12.02,33.48,44.44,30.29,58.34,70.33,4.91,52.53,96.78,1590.6,0
2026-09-01 08:45:05,161.66,212.25,189.55,36.87,12.1,33.69,43.44,28.27,51.5,67.82,4.84,53.89,98.39,1613.94,0
2026-09-01 08:45:06,160.51,207.72,189.61,41.46,12.01,33.3,42.67,30.36,50.22,71.76,4.87,54.64,98.14,1579.8,0
2026-09-01 08:45:07,161.02,211.87,190.65,40.45,12.0,33.86,39.54,29.6,52.36,63.66,4.48,54.97,97.71,1641.81,0
2026-09-01 08:45:08,163.54,213.38,188.46,38.84,11.96,33.79,42.3,29.19,51.31,73.96,4.55,54.49,91.85,1598.62,0
2026-09-01 08:45:09,157.81,209.7,187.11,42.85,12.16,32.54,43.19,29.67,56.19,74.02,5.16,52.97,98.0,1561.99,0
2026-09-01 08:45:10,159.72,216.01,184.81,40.13,11.92,32.51,44.91,27.56,55.39,73.59,4.74,52.44,96.49,1646.95,0
2026-09-01 08:45:11,158.87,210.13,186.18,38.45,12.15,32.96,43.37,29.41,56.4,73.48,5.07,52.75,98.63,1596.21,0
2026-09-01 08:45:12,157.08,213.42,188.96,41.29,12.05,33.36,44.48,29.3,50.8,69.75,4.98,54.52,96.94,1642.74,0
2026-09-01 08:45:13,159.18,210.88,189.9,40.6,11.86,33.54,39.94,30.56,54.65,69.68,4.37,55.16,94.94,1620.31,0
2026-09-01 08:45:14,162.77,211.76,185.48,40.59,12.04,34.64,41.35,29.84,44.72,66.31,4.69,51.64,95.85,1607.75,0
2026-09-01 08:45:15,161.42,204.99,183.73,39.36,11.79,31.18,42.86,30.64,55.73,75.24,5.0,51.38,93.15,1565.07,0
2026-09-01 08:45:16,161.61,211.11,187.65,40.68,12.06,32.93,44.32,27.45,60.88,68.54,4.92,53.79,95.55,1603.85,0
2026-09-01 08:45:17,160.37,207.8,185.82,39.61,12.09,33.08,41.71,29.16,47.88,71.02,4.91,51.62,98.8,1570.4,0
2026-09-01 08:45:18,161.31,207.46,188.29,40.83,11.94,32.85,41.84,30.56,57.42,70.76,4.72,54.69,96.59,1594.89,0
2026-09-01 08:45:19,158.0,215.23,188.68,37.14,12.01,33.8,43.37,29.69,51.94,65.98,4.79,53.66,97.34,1604.61,0
2026-09-01 08:45:20,159.23,209.36,189.38,39.35,12.2,34.41,39.75,30.85,59.01,64.77,4.73,54.18,96.7,1627.86,0
2026-09-01 08:45:21,160.48,206.99,188.42,42.58,11.95,32.33,45.21,28.2,55.79,70.02,5.34,54.43,96.39,1589.14,0
2026-09-01 08:45:22,160.69,208.92,188.64,38.85,11.89,32.69,40.24,30.73,57.02,68.64,4.5,54.74,97.89,1644.19,0
2026-09-01 08:45:23,160.8,206.1,185.64,39.09,12.15,33.22,38.16,29.36,55.32,69.73,4.72,51.61,97.4,1570.34,0
2026-09-01 08:45:24,159.65,214.3,186.91,39.33,12.2,33.41,42.02,29.26,61.64,73.2,4.75,52.79,98.78,1584.62,0
2026-09-01 08:45:25,159.06,207.91,192.46,38.18,12.0,33.06,45.4,30.99,56.74,70.67,5.13,56.44,95.24,1604.4,0
2026-09-01 08:45:26,167.89,211.59,188.09,36.69,12.1,33.08,43.17,31.16,51.47,72.28,4.55,53.37,96.22,1554.2,0
2026-09-01 08:45:27,162.27,214.07,188.91,39.65,12.13,33.85,43.5,31.03,55.49,71.34,4.72,54.12,97.51,1576.98,0
2026-09-01 08:45:28,161.03,208.5,188.26,40.2,11.93,34.14,42.08,32.04,53.16,69.05,4.58,54.35,94.37,1609.82,0
2026-09-01 08:45:29,159.42,211.6,188.56,39.92,11.95,33.61,41.7,31.27,55.81,66.99,4.59,54.24,94.5,1619.03,0
2026-09-01 08:45:30,158.87,206.91,182.67,39.78,12.12,32.57,38.91,29.2,52.9,70.79,4.79,50.28,96.73,1580.81,0
2026-09-01 08:45:31,159.67,217.34,187.42,40.06,12.17,33.92,37.48,30.14,51.62,70.25,4.32,52.57,97.66,1589.56,0
2026-09-01 08:45:32,160.73,212.81,186.89,41.53,12.06,33.32,42.39,29.64,56.0,72.75,4.74,53.65,95.53,1610.1,0
2026-09-01 08:45:33,155.3,209.42,188.79,39.71,11.91,33.49,44.63,32.03,55.28,69.55,5.15,54.67,95.55,1565.29,0
2026-09-01 08:45:34,156.08,207.68,188.88,39.14,12.2,33.41,42.69,31.1,60.32,69.11,5.28,54.0,95.88,1596.2,0
2026-09-01 08:45:35,158.41,209.66,184.87,39.58,11.95,32.2,43.25,29.81,52.93,69.31,5.0,52.43,95.82,1595.03,0
2026-09-01 08:45:36,160.52,208.98,187.39,40.87,11.97,33.35,45.17,30.88,45.1,67.24,5.1,53.17,92.9,1634.95,0
2026-09-01 08:45:37,159.4,215.86,186.02,42.12,12.03,32.56,42.66,28.77,53.18,74.34,4.65,52.53,97.9,1610.19,0
2026-09-01 08:45:38,163.7,206.32,184.7,39.06,12.16,32.82,41.75,30.25,46.87,73.42,5.0,51.07,94.88,1599.8,0
2026-09-01 08:45:39,156.29,210.4,187.32,40.15,12.09,34.0,40.36,29.06,57.08,66.36,4.83,53.7,99.03,1614.69,0
2026-09-01 08:45:40,158.12,209.94,187.79,40.51,12.04,32.15,46.04,28.31,46.63,72.41,5.31,53.8,96.98,1603.64,0
2026-09-01 08:45:41,163.8,209.65,189.79,38.51,12.05,34.58,43.05,30.78,50.06,64.46,4.74,54.91,97.26,1580.48,0
2026-09-01 08:45:42,160.33,209.67,189.24,40.03,12.0,33.14,40.11,30.91,53.19,72.96,4.58,54.46,95.38,1613.41,0
2026-09-01 08:45:43,162.21,209.65,188.07,37.8,12.06,33.95,39.66,30.46,62.72,67.91,4.64,54.63,97.26,1616.11,0
2026-09-01 08:45:44,165.13,212.62,188.61,37.35,11.75,33.03,44.51,29.82,49.64,71.08,4.52,54.42,94.25,1592.41,0
2026-09-01 08:45:45,158.27,211.83,186.88,40.55,11.97,32.86,39.93,28.73,55.06,64.21,4.69,52.85,94.04,1602.69,0
2026-09-01 08:45:46,159.75,211.26,190.38,39.42,12.02,33.94,45.71,28.84,57.9,66.4,5.08,55.64,97.35,1637.63,0
2026-09-01 08:45:47,159.32,200.9,184.57,40.3,11.88,31.61,36.49,29.03,62.42,71.41,4.5,52.95,93.84,1602.73,0
2026-09-01 08:45:48,155.11,210.9,187.52,39.97,12.04,33.02,44.85,29.77,58.89,67.9,5.35,53.62,99.83,1594.36,0
2026-09-01 08:45:49,159.22,205.03,185.35,38.54,11.98,33.72,42.97,31.08,60.47,67.48,5.05,53.19,94.66,1578.3,0
2026-09-01 08:45:50,162.2,211.94,189.16,39.93,12.18,33.92,42.24,31.06,59.32,74.19,4.74,53.71,94.94,1580.31,0
2026-09-01 08:45:51,161.35,214.42,187.02,38.15,12.16,32.44,41.65,28.35,48.95,76.63,4.63,52.51,99.83,1600.06,0
2026-09-01 08:45:52,161.55,207.22,189.01,42.09,11.95,32.27,45.78,29.31,56.8,72.81,5.14,54.27,96.79,1585.53,0
2026-09-01 08:45:53,159.06,209.21,184.32,37.97,11.98,33.56,43.41,29.28,59.24,66.72,5.15,51.49,96.56,1609.95,0
2026-09-01 08:45:54,158.36,208.2,189.13,39.71,11.99,31.85,40.19,27.47,50.22,75.29,4.54,54.24,95.11,1589.48,0
2026-09-01 08:45:55,163.17,213.71,188.43,38.44,11.95,33.69,38.56,30.57,52.1,65.32,4.16,54.71,95.74,1655.14,0
2026-09-01 08:45:56,158.76,210.29,188.25,40.86,12.02,33.96,42.35,29.75,50.98,69.09,4.88,54.23,95.92,1602.3,0
2026-09-01 08:45:57,160.74,215.18,186.2,39.5,11.92,33.14,42.0,29.89,58.86,70.16,4.53,53.65,96.72,1565.92,0
2026-09-01 08:45:58,160.41,211.24,186.25,39.22,11.89,32.33,38.96,31.35,54.65,75.77,4.19,53.18,94.21,1601.18,0
2026-09-01 08:45:59,163.65,210.73,188.49,41.28,12.06,33.42,41.89,30.09,53.4,72.74,4.71,53.75,95.74,1589.88,0
2026-09-01 08:46:00,162.43,210.2,186.91,40.04,12.06,33.19,40.85,29.57,48.59,68.61,4.61,52.82,97.59,1611.53,0
2026-09-01 08:46:01,156.76,212.45,188.47,40.77,11.92,33.96,42.02,30.57,54.66,67.17,4.73,53.69,97.34,1597.17,0
2026-09-01 08:46:02,157.03,204.79,181.98,38.53,12.09,31.96,43.45,31.06,52.16,73.01,5.38,50.48,96.13,1605.31,0
2026-09-01 08:46:03,161.45,210.26,186.99,37.89,11.94,33.37,44.99,30.3,56.22,68.4,4.95,52.69,96.46,1651.17,0
2026-09-01 08:46:04,159.84,209.79,188.95,40.16,12.03,33.06,43.82,30.69,49.29,70.65,5.08,53.97,97.77,1592.57,0
2026-09-01 08:46:05,158.86,212.18,188.64,39.52,12.08,34.47,40.56,29.85,55.89,65.89,4.55,54.03,95.27,1611.42,0
2026-09-01 08:46:06,162.54,209.44,188.86,40.94,12.0,33.25,42.74,29.92,52.81,71.71,4.76,54.55,95.56,1618.74,0
2026-09-01 08:46:07,160.47,206.88,189.78,39.88,12.05,32.91,42.13,30.11,48.75,71.47,4.81,54.62,93.78,1602.77,0
2026-09-01 08:46:08,160.13,210.02,183.8,40.31,11.95,32.55,39.34,29.25,48.36,66.28,4.63,51.26,98.66,1564.19,0
2026-09-01 08:46:09,161.95,206.75,185.83,37.56,11.98,32.49,42.8,29.43,49.11,73.09,4.86,51.31,96.21,1611.92,0
2026-09-01 08:46:10,159.06,204.22,187.82,42.83,11.98,32.67,45.71,31.38,53.97,71.66,5.44,53.63,97.2,1556.51,0
2026-09-01 08:46:11,163.92,212.18,188.86,39.75,11.93,32.76,42.06,32.01,55.6,72.22,4.48,54.28,94.81,1630.35,0
2026-09-01 08:46:12,158.03,211.74,190.11,41.05,11.98,33.74,38.81,31.59,56.35,68.86,4.4,55.24,95.12,1569.99,0
2026-09-01 08:46:13,161.64,211.4,186.51,38.75,11.85,32.81,42.06,28.68,56.54,70.54,4.7,53.3,94.6,1635.21,0
2026-09-01 08:46:14,163.58,213.91,189.18,40.46,11.95,33.31,39.57,28.58,51.21,70.19,4.04,54.53,95.34,1597.5,0
2026-09-01 08:46:15,156.56,208.0,186.95,38.05,11.97,32.36,43.73,28.81,60.29,69.56,5.14,53.02,99.31,1613.23,0
2026-09-01 08:46:16,159.14,205.71,189.93,40.68,11.97,33.32,43.05,30.13,52.79,70.51,4.88,54.95,96.39,1605.91,0
2026-09-01 08:46:17,162.86,209.79,184.65,39.47,11.98,32.82,41.66,27.19,57.25,73.77,4.6,52.66,96.82,1615.03,0
2026-09-01 08:46:18,162.89,208.96,187.38,40.04,11.99,32.2,41.34,29.41,54.18,73.22,4.52,54.25,95.98,1556.08,0
2026-09-01 08:46:19,159.57,207.47,186.71,41.05,12.05,34.12,41.58,31.41,56.88,66.45,4.92,53.55,96.5,1582.57,0
2026-09-01 08:46:20,158.16,209.76,189.63,38.15,12.09,33.3,42.02,30.98,53.93,72.96,4.88,53.78,97.73,1603.47,0
2026-09-01 08:46:21,162.39,208.17,186.58,38.97,11.94,32.09,40.46,29.49,56.97,73.57,4.47,53.08,95.43,1596.29,0
2026-09-01 08:46:22,162.96,204.49,186.66,40.69,11.88,32.39,39.22,29.57,54.96,69.55,4.5,53.08,97.12,1587.17,0
2026-09-01 08:46:23,157.09,208.68,188.27,43.15,11.9,32.46,44.28,30.57,59.07,71.53,5.13,54.48,93.94,1598.95,0
2026-09-01 08:46:24,156.99,206.59,187.51,39.79,11.95,32.96,41.23,30.94,50.91,71.48,4.75,53.95,97.43,1590.64,0
2026-09-01 08:46:25,160.56,210.69,187.39,40.89,11.96,33.17,42.33,29.47,46.15,67.45,4.72,53.05,97.47,1639.11,0
2026-09-01 08:46:26,161.57,208.03,188.36,39.84,11.92,32.27,42.57,29.77,50.13,68.85,4.77,53.59,98.49,1621.72,0
2026-09-01 08:46:27,159.25,213.33,187.31,42.91,11.87,32.49,42.64,29.43,60.34,72.25,4.51,54.43,92.37,1624.42,0
2026-09-01 08:46:28,161.7,214.81,187.33,37.38,11.95,33.78,39.65,28.67,54.23,68.51,4.44,53.61,97.25,1630.73,0
2026-09-01 08:46:29,158.22,212.04,188.52,40.14,12.02,33.34,38.65,29.78,55.46,72.93,4.33,54.4,95.15,1604.28,0
2026-09-01 08:46:30,154.71,205.35,187.38,37.56,12.06,31.94,40.82,29.7,49.73,73.91,4.97,53.43,97.83,1575.72,0
2026-09-01 08:46:31,158.94,214.52,186.21,36.24,11.94,32.72,42.79,28.74,55.33,73.43,4.64,52.73,96.88,1588.68,0
2026-09-01 08:46:32,160.16,214.73,187.48,40.45,11.96,33.17,40.54,30.65,49.89,75.94,4.4,52.86,94.39,1601.16,0
2026-09-01 08:46:33,159.31,210.06,184.96,40.21,11.91,33.09,41.29,30.48,50.62,69.73,4.7,52.06,96.32,1597.06,0
2026-09-01 08:46:34,157.1,213.97,187.87,39.57,12.0,34.16,46.25,30.7,52.99,70.53,5.24,53.49,95.47,1567.36,0
2026-09-01 08:46:35,155.46,208.34,187.71,39.84,11.92,32.86,38.31,29.23,57.23,70.96,4.55,53.97,94.29,1600.93,0
2026-09-01 08:46:36,158.71,204.4,188.54,44.65,12.06,32.37,40.49,28.02,57.76,69.82,4.7,54.69,93.62,1571.35,0
2026-09-01 08:46:37,162.24,207.72,186.12,39.61,11.82,32.33,45.79,30.47,57.9,71.63,5.11,53.32,96.66,1632.52,0
2026-09-01 08:46:38,163.14,215.19,184.56,40.77,11.96,34.68,41.91,29.34,47.06,64.87,4.6,52.16,95.58,1609.11,0
2026-09-01 08:46:39,162.97,205.53,186.11,39.03,12.03,32.25,40.59,29.11,54.97,70.61,4.62,52.71,94.66,1589.66,0
2026-09-01 08:46:40,157.96,210.0,187.37,40.44,12.02,33.38,44.34,28.74,54.02,65.87,5.08,53.22,96.62,1594.64,0
2026-09-01 08:46:41,157.12,210.1,188.12,39.64,12.27,34.86,42.11,29.72,47.34,67.11,5.14,52.35,98.32,1627.78,0
2026-09-01 08:46:42,161.24,208.46,185.23,39.38,12.03,33.83,41.3,31.58,55.08,72.2,4.79,52.15,94.9,1563.28,0
2026-09-01 08:46:43,161.59,208.67,188.76,42.73,11.9,33.0,42.38,29.49,53.75,69.4,4.66,54.08,93.86,1583.5,0
2026-09-01 08:46:44,161.0,210.22,188.78,41.77,11.99,32.1,40.68,28.91,57.56,72.09,4.43,54.63,97.58,1603.66,0
2026-09-01 08:46:45,154.96,208.31,185.34,40.21,11.82,32.2,39.97,30.65,55.41,69.34,4.68,52.59,94.89,1551.77,0
2026-09-01 08:46:46,157.83,205.73,188.74,36.54,11.99,32.62,41.77,30.17,52.25,73.32,4.83,54.07,94.97,1590.05,0
2026-09-01 08:46:47,159.93,210.65,187.74,39.46,11.92,32.38,39.98,27.88,59.63,69.28,4.5,54.11,94.77,1583.86,0
2026-09-01 08:46:48,161.22,213.22,186.42,44.05,12.09,35.47,42.02,30.66,43.89,64.14,4.93,52.18,96.18,1641.98,0
2026-09-01 08:46:49,161.92,212.61,187.88,39.65,11.95,33.45,42.71,32.13,54.68,70.68,4.73,53.83,93.06,1589.79,0
2026-09-01 08:46:50,160.36,207.57,186.02,41.65,11.99,33.8,43.71,27.4,46.18,63.49,5.24,53.05,97.32,1571.78,0
2026-09-01 08:46:51,160.83,206.25,187.13,42.16,11.94,33.01,44.26,28.76,50.44,65.64,5.04,52.89,94.95,1574.64,0
2026-09-01 08:46:52,160.21,209.15,185.83,40.33,12.17,33.46,41.19,27.15,57.62,67.35,4.94,52.64,97.16,1538.4,0
2026-09-01 08:46:53,161.71,214.7,187.44,38.74,11.97,33.86,43.0,29.92,48.63,66.98,4.77,53.73,96.58,1625.83,0
2026-09-01 08:46:54,160.78,211.94,189.03,36.35,12.18,34.06,42.99,30.99,47.88,68.36,4.96,53.18,99.36,1594.16,0
2026-09-01 08:46:55,160.16,212.11,188.94,41.03,12.08,33.87,42.66,30.11,66.91,66.87,5.05,54.78,96.96,1588.38,0
2026-09-01 08:46:56,159.33,212.67,184.73,38.78,12.05,34.36,41.04,31.39,48.2,65.78,4.85,51.54,94.74,1610.55,0
2026-09-01 08:46:57,160.2,211.26,185.97,40.26,12.04,32.69,39.94,30.83,63.25,74.63,4.4,52.98,95.92,1602.6,0
2026-09-01 08:46:58,161.21,229.15,187.53,38.13,7.77,22.61,43.0,31.7,54.14,67.97,1.09,69.06,0.0,1591.66,1
2026-09-01 08:46:59,160.67,211.99,188.04,39.6,11.81,34.12,38.59,31.16,52.38,63.31,4.23,54.41,91.76,1571.18,0
2026-09-01 08:47:00,160.95,187.78,184.84,40.05,7.26,19.65,41.46,29.6,57.83,68.92,1.49,68.75,0.0,1580.38,1
2026-09-01 08:47:01,163.36,205.76,188.17,40.4,12.08,34.39,36.89,30.07,61.68,66.63,4.27,54.0,97.67,1593.65,0
2026-09-01 08:47:02,160.66,212.17,188.9,38.33,12.0,33.19,39.33,29.13,49.27,67.35,4.42,53.9,96.1,1604.42,0
2026-09-01 08:47:03,158.38,213.71,189.03,41.8,11.86,32.38,40.25,29.77,52.45,72.13,4.14,54.35,93.64,1564.26,0
2026-09-01 08:47:04,162.21,206.65,190.19,39.1,11.99,33.81,44.19,30.06,59.23,68.66,4.94,55.69,96.28,1589.12,0
2026-09-01 08:47:05,156.58,212.47,187.57,37.49,12.17,33.87,43.38,29.92,56.44,66.54,4.96,53.63,98.92,1616.57,0
2026-09-01 08:47:06,157.3,215.04,187.23,39.84,12.12,33.65,40.89,31.34,60.51,71.34,4.61,53.78,96.67,1565.76,0
2026-09-01 08:47:07,160.84,209.99,189.62,40.05,11.99,32.2,43.46,29.67,57.58,73.45,4.76,55.26,97.15,1605.34,0
2026-09-01 08:47:08,161.29,207.55,190.33,40.24,12.1,33.33,43.78,29.07,64.04,71.61,5.07,54.93,97.41,1564.38,0
2026-09-01 08:47:09,156.89,210.37,186.72,42.04,11.96,33.67,41.68,29.13,55.89,62.64,4.84,53.22,92.88,1579.64,0
2026-09-01 08:47:10,159.04,208.35,188.98,39.65,11.83,33.53,39.23,30.66,56.11,66.66,4.38,55.31,93.87,1550.59,0
2026-09-01 08:47:11,158.48,208.15,187.17,39.82,11.91,32.71,41.58,28.6,56.61,70.14,4.72,52.6,96.04,1596.15,0
2026-09-01 08:47:12,158.78,211.3,188.57,38.35,12.16,34.13,41.8,29.8,54.29,69.27,4.83,54.38,97.45,1574.6,0
2026-09-01 08:47:13,162.36,205.19,193.0,41.23,11.97,33.86,39.54,31.33,59.24,69.02,4.37,56.58,97.19,1550.01,0
2026-09-01 08:47:14,161.77,205.67,185.92,40.28,11.98,33.02,42.73,30.29,56.19,67.05,5.0,52.31,96.16,1592.66,0
2026-09-01 08:47:15,159.95,210.06,181.76,39.37,11.97,33.29,42.56,29.93,58.94,65.78,5.0,50.62,96.73,1610.99,0
2026-09-01 08:47:16,158.64,209.93,186.84,37.14,12.19,32.81,42.89,29.96,59.72,76.02,5.02,53.68,97.01,1597.88,0
2026-09-01 08:47:17,156.63,211.03,187.39,42.17,12.16,33.34,42.56,28.97,57.14,70.08,5.17,52.79,97.81,1596.78,0
2026-09-01 08:47:18,163.55,215.63,188.9,38.16,12.22,34.28,43.46,29.14,57.51,71.93,4.75,53.62,96.21,1605.11,0
2026-09-01 08:47:19,161.48,210.31,187.87,39.11,11.98,32.98,41.64,29.8,49.95,70.02,4.8,54.01,97.18,1574.94,0
2026-09-01 08:47:20,158.23,211.79,188.07,40.54,12.03,33.43,42.4,30.27,52.25,70.14,4.83,53.7,96.64,1591.39,0
2026-09-01 08:47:21,161.8,207.07,189.1,38.21,11.85,32.61,41.2,30.95,59.22,69.81,4.59,54.95,92.99,1633.11,0
2026-09-01 08:47:22,159.82,212.3,189.57,37.76,12.15,34.38,40.83,30.09,62.12,66.64,4.6,54.82,96.83,1591.95,0
2026-09-01 08:47:23,159.28,208.42,187.6,36.81,11.88,33.62,44.68,31.35,45.3,65.46,5.07,54.23,98.78,1572.21,0
2026-09-01 08:47:24,161.09,210.21,187.89,41.08,12.02,32.92,37.91,31.61,52.16,71.16,4.25,53.85,95.89,1595.81,0
2026-09-01 08:47:25,158.15,209.67,185.65,39.18,11.89,32.81,43.75,30.8,55.12,70.56,4.89,52.79,94.66,1581.12,0
2026-09-01 08:47:26,159.14,213.1,188.04,44.39,11.94,33.55,40.76,31.22,50.6,72.81,4.44,53.98,94.39,1587.85,0
2026-09-01 08:47:27,160.3,206.07,188.32,38.51,11.92,32.64,40.5,29.01,50.89,72.21,4.6,54.16,93.72,1603.42,0
2026-09-01 08:47:28,158.75,203.15,188.22,38.62,11.94,32.07,42.52,28.85,57.37,67.57,5.14,54.57,94.06,1577.73,0
2026-09-01 08:47:29,161.67,209.36,186.49,39.15,11.95,32.09,39.02,30.52,62.91,73.4,4.38,53.16,98.58,1531.29,0
2026-09-01 08:47:30,164.67,211.41,184.79,40.36,11.95,32.86,40.37,28.66,44.84,72.3,4.44,51.46,96.11,1584.83,0
2026-09-01 08:47:31,158.11,210.46,184.93,39.29,12.08,32.9,40.3,29.71,54.15,72.07,4.67,51.72,94.53,1598.04,0
2026-09-01 08:47:32,155.84,213.7,188.86,40.92,11.89,32.13,41.56,30.77,57.32,76.75,4.55,54.33,95.15,1623.01,0
2026-09-01 08:47:33,155.0,211.31,188.05,38.53,12.02,31.48,40.39,31.41,58.9,76.13,4.55,53.53,97.72,1609.36,0
2026-09-01 08:47:34,159.62,208.31,188.23,37.93,12.12,32.62,45.2,29.75,56.6,72.07,5.15,54.29,97.62,1581.2,0
2026-09-01 08:47:35,158.34,203.02,188.12,37.3,11.95,32.6,45.59,29.35,63.81,71.7,5.28,54.72,93.54,1597.42,0
2026-09-01 08:47:36,160.52,209.29,186.52,36.66,11.93,32.64,37.96,30.32,55.14,73.24,4.21,53.79,96.39,1582.82,0
2026-09-01 08:47:37,160.33,213.08,187.93,39.22,11.98,34.18,43.09,28.93,61.56,68.25,4.73,54.34,95.86,1605.31,0
2026-09-01 08:47:38,155.99,208.82,185.81,39.55,12.12,33.62,43.72,29.83,51.77,68.29,5.35,52.18,97.27,1584.35,0
2026-09-01 08:47:39,155.46,210.08,187.53,39.05,12.02,32.82,43.09,29.99,55.29,72.02,4.99,53.4,98.94,1602.5,0
2026-09-01 08:47:40,160.74,211.26,186.54,41.87,11.95,32.77,40.68,29.97,48.94,67.43,4.62,53.15,95.55,1620.67,0
2026-09-01 08:47:41,160.34,206.95,187.72,41.84,12.05,32.97,41.51,30.09,59.5,71.78,4.8,53.23,95.33,1638.18,0
2026-09-01 08:47:42,158.94,211.87,186.03,39.5,11.89,32.6,40.5,29.17,54.4,70.47,4.52,52.97,92.55,1557.3,0
2026-09-01 08:47:43,155.86,214.91,185.45,37.31,12.07,33.14,41.16,29.27,56.79,67.43,4.71,52.57,95.5,1551.08,0
2026-09-01 08:47:44,161.18,209.48,188.72,39.15,12.04,33.7,39.58,29.25,53.43,70.08,4.58,54.02,95.19,1568.14,0
2026-09-01 08:47:45,163.18,206.61,187.66,39.1,11.97,32.2,41.77,28.38,57.93,73.92,4.53,53.99,92.9,1585.67,0
2026-09-01 08:47:46,160.69,209.8,189.15,39.01,11.92,33.19,38.99,30.34,56.99,70.25,4.49,55.43,96.33,1576.15,0
2026-09-01 08:47:47,157.88,203.33,190.73,38.95,11.91,32.22,41.6,30.89,50.03,70.26,4.85,55.32,96.04,1611.65,0
2026-09-01 08:47:48,160.11,188.25,189.11,39.02,6.97,18.49,39.5,30.8,50.32,70.99,1.04,75.67,0.0,1570.83,1
2026-09-01 08:47:49,156.58,211.36,187.88,39.42,12.12,33.12,42.41,29.74,54.86,71.38,4.96,53.84,95.47,1564.29,0
2026-09-01 08:47:50,162.64,215.03,186.25,39.05,11.94,34.3,40.64,29.19,58.3,69.01,4.4,52.93,95.86,1613.15,0
2026-09-01 08:47:51,160.2,209.42,188.62,40.31,12.05,33.04,42.58,30.74,64.31,71.05,4.96,54.1,97.31,1597.19,0
2026-09-01 08:47:52,155.58,211.23,188.41,40.54,11.79,32.7,44.16,30.64,56.51,66.85,4.85,54.92,96.93,1592.15,0
2026-09-01 08:47:53,159.25,207.42,188.68,38.63,11.94,33.24,45.18,30.22,60.04,67.6,5.07,54.65,96.05,1563.86,0
2026-09-01 08:47:54,161.16,208.93,188.44,41.91,12.0,33.61,36.94,31.74,46.94,67.99,4.24,53.66,96.67,1607.48,0
2026-09-01 08:47:55,159.17,205.42,187.28,38.53,11.91,32.39,40.33,29.97,65.06,71.41,4.66,54.15,95.52,1581.39,0
2026-09-01 08:47:56,159.31,209.42,188.08,37.57,11.91,33.37,41.39,29.74,58.03,70.48,4.73,53.75,94.96,1588.6,0
2026-09-01 08:47:57,156.94,209.08,188.1,40.57,11.93,32.35,42.92,29.6,54.75,69.6,4.86,53.91,96.63,1592.62,0
2026-09-01 08:47:58,161.42,210.9,188.57,38.77,12.03,32.91,38.7,28.44,54.18,72.07,4.2,54.32,96.16,1613.42,0
2026-09-01 08:47:59,158.38,208.13,186.66,40.48,11.98,32.52,40.04,30.66,49.46,71.14,4.8,52.76,95.63,1594.49,0
2026-09-01 08:48:00,154.61,210.25,186.9,36.39,11.78,32.06,42.26,29.89,50.89,69.13,4.76,53.26,93.67,1571.81,0
2026-09-01 08:48:01,159.07,209.0,188.94,42.09,11.79,32.92,42.17,30.51,64.55,66.89,4.63,55.08,93.87,1585.29,0
2026-09-01 08:48:02,162.45,209.01,187.17,41.01,11.94,33.62,42.76,31.84,50.05,67.54,4.87,53.3,96.02,1598.91,0
2026-09-01 08:48:03,159.03,210.24,182.59,37.75,12.05,34.2,42.89,29.61,49.96,65.6,4.98,50.54,97.3,1619.2,0
2026-09-01 08:48:04,164.34,210.12,188.74,37.78,11.73,32.0,42.68,27.66,51.49,70.42,4.44,55.16,92.75,1577.01,0
2026-09-01 08:48:05,161.07,212.28,190.66,42.51,11.95,33.7,42.39,30.48,49.01,67.41,4.58,55.0,95.92,1575.14,0
2026-09-01 08:48:06,160.85,209.64,187.13,38.89,11.95,32.46,42.11,30.17,55.08,68.51,4.71,54.06,94.24,1600.15,0
2026-09-01 08:48:07,159.68,208.95,186.13,38.75,12.14,33.45,43.33,29.27,60.44,69.62,5.24,52.68,98.07,1567.15,0
2026-09-01 08:48:08,159.83,209.46,188.81,36.6,11.96,32.73,37.52,30.4,51.95,73.13,4.18,53.57,97.89,1572.09,0
2026-09-01 08:48:09,159.34,207.86,186.44,39.47,12.04,32.98,45.09,30.79,48.13,72.79,5.15,52.48,97.14,1585.16,0
2026-09-01 08:48:10,159.24,208.92,185.32,39.66,12.01,32.9,37.59,29.05,56.46,69.84,4.4,51.83,95.64,1593.29,0
2026-09-01 08:48:11,161.33,216.09,184.66,41.07,11.79,31.64,39.84,29.7,54.72,73.8,4.19,52.43,95.81,1604.77,0
2026-09-01 08:48:12,157.66,207.26,188.13,37.9,12.08,34.79,41.55,31.48,60.01,63.96,4.98,54.06,94.75,1587.6,0
2026-09-01 08:48:13,157.31,209.16,185.29,37.72,12.02,32.14,43.35,29.28,52.73,75.63,4.95,51.4,96.63,1585.98,0
2026-09-01 08:48:14,157.19,208.84,185.91,40.68,12.05,32.84,36.01,30.07,53.7,72.08,4.28,52.94,100.42,1595.59,0
2026-09-01 08:48:15,165.11,209.26,188.44,41.51,12.39,34.67,41.94,27.38,54.25,70.31,5.0,52.85,97.78,1553.39,0
2026-09-01 08:48:16,161.33,209.01,188.33,37.64,11.79,32.49,43.58,28.52,55.45,67.33,4.78,53.81,93.86,1585.54,0
2026-09-01 08:48:17,160.76,210.84,186.27,41.62,12.17,33.29,43.99,30.16,53.04,68.69,5.12,52.79,97.05,1616.11,0
2026-09-01 08:48:18,157.36,204.87,187.36,40.06,11.97,32.05,40.61,31.23,52.23,71.83,4.8,53.59,94.1,1599.45,0
2026-09-01 08:48:19,161.56,213.11,186.22,41.64,12.03,32.96,41.4,28.64,45.75,71.9,4.44,52.1,95.1,1583.16,0
2026-09-01 08:48:20,159.71,211.9,187.25,39.89,12.0,32.93,40.77,30.07,52.17,72.01,4.69,53.24,96.01,1598.26,0
2026-09-01 08:48:21,160.54,206.27,187.81,36.22,11.96,33.65,41.21,29.62,58.58,67.81,4.68,53.92,98.07,1558.81,0
2026-09-01 08:48:22,157.56,203.19,186.49,39.77,11.94,32.96,39.94,30.95,59.25,67.21,4.8,52.6,96.26,1592.12,0
2026-09-01 08:48:23,160.4,207.07,187.0,41.59,12.03,32.13,40.22,28.78,52.64,70.59,4.59,52.44,97.95,1582.7,0
2026-09-01 08:48:24,158.94,209.27,184.77,38.66,11.85,31.96,42.87,30.43,61.5,72.31,4.9,52.91,96.02,1585.36,0
2026-09-01 08:48:25,158.09,217.74,188.93,39.42,12.08,33.54,42.26,29.35,54.86,70.01,4.72,54.33,97.12,1575.73,0
2026-09-01 08:48:26,161.84,211.63,189.79,39.74,11.96,32.67,42.98,30.22,48.31,74.44,4.55,55.01,92.99,1611.07,0
2026-09-01 08:48:27,156.16,204.58,188.0,35.65,11.89,31.96,42.43,30.07,46.74,70.1,4.87,54.15,97.49,1573.07,0
2026-09-01 08:48:28,161.41,207.93,189.23,42.51,11.95,32.47,43.41,29.75,61.09,70.0,4.88,53.63,97.18,1561.58,0
2026-09-01 08:48:29,161.71,209.84,185.97,38.65,12.13,33.34,43.76,30.48,53.13,72.01,5.01,52.04,97.43,1553.16,0
2026-09-01 08:48:30,157.8,210.76,186.78,40.76,11.95,32.23,38.52,30.04,48.93,73.66,4.41,52.43,93.66,1539.59,0
2026-09-01 08:48:31,157.95,206.06,184.41,39.87,12.04,32.67,40.29,29.87,43.7,65.95,4.94,50.95,94.09,1586.98,0
2026-09-01 08:48:32,159.44,209.6,192.42,41.89,11.93,34.14,41.54,29.64,53.02,66.65,4.58,55.8,93.63,1566.84,0
2026-09-01 08:48:33,160.71,207.85,185.99,40.61,12.08,33.24,41.95,30.08,57.02,69.06,5.0,52.76,95.57,1556.38,0
2026-09-01 08:48:34,159.62,206.69,189.84,39.65,12.07,32.74,40.66,30.22,51.51,79.48,4.46,54.82,97.1,1577.09,0
2026-09-01 08:48:35,161.08,210.78,186.12,38.66,12.18,34.07,43.82,29.01,49.73,69.22,5.1,52.9,97.1,1595.93,0
2026-09-01 08:48:36,164.41,212.32,188.06,41.2,11.98,33.3,45.96,29.65,52.25,69.63,4.99,53.7,96.0,1580.16,0
2026-09-01 08:48:37,158.73,212.52,188.58,37.19,12.07,33.81,42.37,28.94,61.22,71.86,4.71,54.57,97.37,1584.69,0
2026-09-01 08:48:38,155.71,211.72,186.68,40.97,12.01,33.07,42.17,29.96,48.04,72.93,4.9,53.02,98.04,1605.32,0
2026-09-01 08:48:39,162.06,208.51,185.8,38.35,12.13,32.99,43.7,29.41,51.79,70.51,5.11,52.71,96.08,1598.28,0
2026-09-01 08:48:40,164.21,212.14,189.23,41.88,11.93,32.92,38.27,30.77,61.05,73.49,4.11,54.56,92.94,1583.91,0
2026-09-01 08:48:41,160.98,210.93,184.57,40.24,12.07,34.01,42.06,30.67,57.47,66.42,4.91,52.06,95.39,1561.88,0
2026-09-01 08:48:42,157.28,210.4,186.09,40.97,11.98,32.96,43.96,29.08,55.9,67.7,4.98,52.9,96.75,1570.53,0
2026-09-01 08:48:43,159.69,208.16,188.21,40.12,11.99,32.94,40.71,30.0,51.76,73.49,4.49,53.14,97.2,1581.96,0
2026-09-01 08:48:44,157.2,208.51,187.41,37.37,12.01,33.15,39.55,30.64,55.15,70.03,4.65,53.62,97.36,1595.66,0
2026-09-01 08:48:45,161.61,210.22,187.26,38.71,12.03,34.17,41.63,29.82,52.31,66.21,4.76,53.46,95.16,1588.02,0
2026-09-01 08:48:46,156.62,217.32,187.31,41.01,11.99,34.12,41.88,29.27,50.7,66.03,4.68,52.52,96.4,1568.66,0
2026-09-01 08:48:47,159.25,210.9,188.3,40.25,12.02,33.12,40.18,28.91,49.6,67.57,4.58,53.63,98.46,1588.94,0
2026-09-01 08:48:48,157.49,208.17,184.47,41.77,12.16,32.64,46.19,30.85,58.92,70.01,5.63,51.56,0.0,1614.95,1
2026-09-01 08:48:49,160.32,207.5,186.81,40.6,12.1,32.86,41.04,30.9,54.7,71.4,4.77,52.86,94.13,1586.6,0
2026-09-01 08:48:50,159.08,208.52,191.35,38.55,12.09,34.34,39.69,29.79,56.57,69.01,4.49,55.92,96.62,1593.0,0
2026-09-01 08:48:51,160.44,216.53,186.08,38.81,11.95,33.8,41.81,30.77,55.76,71.15,4.49,52.55,95.13,1573.58,0
2026-09-01 08:48:52,160.06,226.03,188.0,40.15,8.14,23.12,43.82,27.03,57.2,68.69,1.52,67.14,0.0,1576.42,1
2026-09-01 08:48:53,157.53,212.72,190.84,36.53,12.1,33.92,42.03,31.33,53.73,73.67,4.65,55.4,98.98,1546.38,0
2026-09-01 08:48:54,161.57,208.87,188.78,42.51,12.09,32.39,42.97,29.84,52.59,77.66,4.79,54.57,94.61,1582.77,0
2026-09-01 08:48:55,159.88,210.78,187.27,40.66,12.15,33.8,40.26,30.14,50.92,68.82,4.76,53.41,97.02,1524.75,0
2026-09-01 08:48:56,157.53,212.38,188.04,41.84,11.94,32.95,44.98,29.68,47.93,71.44,5.11,54.57,97.47,1549.35,0
2026-09-01 08:48:57,165.6,208.28,187.6,37.63,11.98,33.13,43.12,31.4,49.39,71.2,4.82,53.18,94.5,1586.44,0
2026-09-01 08:48:58,161.19,208.08,185.92,41.87,11.84,31.93,44.1,28.94,53.17,70.42,4.94,52.77,94.64,1559.87,0
2026-09-01 08:48:59,159.62,214.98,187.02,43.35,11.96,33.5,42.73,31.47,46.98,71.96,4.65,52.04,96.42,1539.87,0
2026-09-01 08:49:00,163.54,212.95,187.14,38.02,12.1,33.66,43.65,30.4,48.09,71.44,4.8,52.46,95.59,1580.73,0
2026-09-01 08:49:01,164.6,212.37,189.5,41.16,11.95,33.7,40.25,30.62,60.21,68.59,4.26,54.44,94.77,1548.43,0
2026-09-01 08:49:02,159.64,212.36,186.6,40.0,12.06,33.05,41.02,29.67,56.12,73.95,4.62,52.73,96.97,1600.14,0
2026-09-01 08:49:03,160.87,211.38,185.13,37.68,11.98,32.65,44.69,28.69,52.74,70.6,5.07,52.55,96.8,1588.47,0
2026-09-01 08:49:04,157.53,216.05,186.81,40.74,12.03,34.14,45.12,30.93,66.36,68.85,5.09,54.01,97.44,1615.39,0
2026-09-01 08:49:05,159.63,210.13,189.7,41.25,11.89,31.51,39.71,30.31,46.76,77.33,4.26,54.57,93.64,1586.56,0
2026-09-01 08:49:06,159.5,211.73,189.26,39.1,12.01,33.11,42.5,31.36,59.88,69.65,4.79,54.55,93.63,1616.35,0
2026-09-01 08:49:07,160.46,205.65,191.01,41.75,11.7,31.52,41.14,29.81,54.44,70.76,4.57,56.04,94.86,1559.24,0
2026-09-01 08:49:08,160.83,207.53,189.31,37.5,11.98,32.89,40.61,29.58,58.93,70.53,4.51,55.17,97.72,1566.39,0
2026-09-01 08:49:09,161.4,206.4,186.98,37.76,11.84,32.19,42.57,31.39,55.54,69.61,4.79,53.48,98.54,1584.28,0
2026-09-01 08:49:10,160.59,213.82,190.5,40.2,12.12,34.77,44.28,31.91,45.64,71.35,4.86,54.63,101.0,1575.77,0
2026-09-01 08:49:11,156.97,202.34,188.09,40.04,12.08,33.65,42.9,30.01,55.48,67.47,5.25,53.96,99.28,1581.17,0
2026-09-01 08:49:12,157.65,208.79,188.12,38.93,12.05,32.87,41.36,29.25,56.68,71.79,4.74,54.14,94.82,1577.58,0
2026-09-01 08:49:13,158.63,201.02,185.89,41.21,12.15,33.91,43.03,30.81,44.04,64.72,5.5,50.53,96.93,1574.03,0
2026-09-01 08:49:14,159.29,207.51,189.5,40.8,11.91,32.87,41.28,29.75,64.72,66.11,4.83,55.65,96.2,1559.34,0
2026-09-01 08:49:15,162.63,208.53,188.65,41.29,12.17,33.51,42.82,30.6,56.56,75.48,4.95,53.89,98.1,1563.34,0
2026-09-01 08:49:16,157.09,214.15,188.01,39.82,12.09,33.92,44.79,29.74,58.36,66.23,5.1,53.03,96.49,1559.99,0
2026-09-01 08:49:17,159.11,211.19,187.34,40.9,11.98,34.12,37.85,31.56,49.17,64.12,4.41,53.72,97.79,1558.12,0
2026-09-01 08:49:18,162.38,207.5,186.89,39.33,12.11,33.64,43.59,29.3,58.45,66.31,5.05,53.12,96.15,1578.99,0
2026-09-01 08:49:19,159.25,213.2,189.44,43.08,11.89,32.22,38.92,30.48,60.45,75.22,4.12,54.59,95.45,1563.21,0
2026-09-01 08:49:20,161.15,210.05,188.48,38.78,11.92,33.87,44.46,29.51,56.27,64.62,5.08,54.12,95.45,1566.95,0
2026-09-01 08:49:21,159.65,195.06,187.74,43.16,6.69,17.8,40.73,29.72,54.95,67.13,1.16,76.31,0.0,1605.45,1
2026-09-01 08:49:22,160.64,206.39,186.84,40.05,11.95,33.11,39.56,29.59,50.53,65.63,4.47,54.05,96.4,1586.95,0
2026-09-01 08:49:23,159.43,207.03,186.82,37.94,11.89,31.87,43.39,30.74,53.92,69.18,4.97,52.94,93.88,1593.5,0
2026-09-01 08:49:24,161.67,207.52,186.75,42.05,12.12,33.8,42.73,30.92,52.44,68.69,5.09,52.36,92.73,1599.67,0
2026-09-01 08:49:25,156.14,210.14,188.15,40.19,11.97,33.14,40.0,30.56,57.86,68.56,4.62,54.17,95.1,1610.01,0
2026-09-01 08:49:26,159.09,185.79,185.61,41.28,8.0,19.93,39.49,29.89,50.75,75.57,1.95,66.7,0.0,1576.89,1
2026-09-01 08:49:27,160.74,214.63,191.25,41.84,11.94,33.95,41.63,30.14,57.82,66.4,4.43,55.94,96.28,1582.46,0
2026-09-01 08:49:28,161.33,211.16,185.72,40.51,11.82,32.69,39.59,30.9,50.81,69.69,4.39,52.47,93.64,1566.56,0
2026-09-01 08:49:29,163.73,201.88,187.84,39.11,12.03,32.19,39.88,30.93,53.69,71.02,4.63,53.65,96.65,1560.08,0
2026-09-01 08:49:30,159.02,210.79,187.79,41.46,11.81,33.21,42.23,27.31,58.08,67.06,4.73,54.16,94.87,1546.94,0
2026-09-01 08:49:31,163.7,205.65,188.14,40.0,11.99,33.33,40.07,29.73,51.48,71.46,4.61,53.59,94.95,1556.43,0
2026-09-01 08:49:32,158.35,207.1,189.74,41.03,11.86,32.97,42.85,29.78,58.25,68.8,4.92,55.73,94.66,1566.13,0
2026-09-01 08:49:33,163.32,207.56,186.44,36.77,12.2,34.06,44.98,30.67,57.76,71.12,5.23,52.35,95.76,1580.54,0
2026-09-01 08:49:34,162.04,208.01,189.88,40.67,12.09,33.28,41.7,29.93,53.65,69.68,4.57,54.5,93.77,1553.64,0
2026-09-01 08:49:35,157.72,205.87,187.01,39.04,12.01,33.63,42.26,30.72,60.81,63.85,5.16,53.87,97.92,1556.96,0
2026-09-01 08:49:36,160.77,210.61,182.32,42.48,12.13,32.38,46.04,28.92,55.39,73.92,5.33,49.58,97.31,1534.45,0
2026-09-01 08:49:37,159.87,205.77,187.15,40.93,11.92,31.89,39.62,30.26,60.51,76.21,4.53,53.63,94.82,1562.5,0
2026-09-01 08:49:38,161.56,211.07,185.1,40.36,12.05,33.92,44.38,30.9,63.97,69.47,5.13,51.72,97.01,1577.38,0
2026-09-01 08:49:39,159.44,216.71,187.68,40.73,12.02,33.75,44.14,28.53,53.79,67.31,4.86,53.3,96.86,1577.01,0
2026-09-01 08:49:40,159.23,206.01,185.74,38.5,12.03,32.07,43.71,32.51,58.22,74.52,5.13,52.41,99.24,1569.46,0
2026-09-01 08:49:41,163.42,209.15,180.97,42.43,12.13,32.86,44.58,31.19,51.81,75.67,5.37,49.03,99.05,1570.82,0
2026-09-01 08:49:42,159.75,202.43,186.51,42.99,12.07,32.52,42.56,30.0,49.84,69.49,5.33,52.32,97.11,1575.9,0
2026-09-01 08:49:43,162.07,209.1,192.03,40.59,12.03,33.79,40.83,29.17,54.02,69.34,4.48,56.2,99.46,1600.61,0
2026-09-01 08:49:44,159.44,211.93,182.99,42.39,11.83,33.31,44.19,29.82,48.19,69.76,4.85,50.37,94.54,1568.4,0
2026-09-01 08:49:45,164.17,212.16,187.71,39.15,11.9,34.35,44.27,30.08,50.31,64.98,4.92,53.78,97.04,1572.65,0
2026-09-01 08:49:46,158.3,210.23,188.13,38.8,11.99,33.16,44.21,30.44,57.96,69.13,4.92,53.85,95.11,1549.44,0
2026-09-01 08:49:47,158.46,212.67,188.33,40.06,12.01,32.92,42.09,31.5,52.43,75.14,4.66,54.15,96.16,1584.64,0
2026-09-01 08:49:48,163.81,217.64,188.17,40.65,11.89,33.55,40.57,29.52,58.55,69.49,4.17,54.33,96.09,1573.79,0
2026-09-01 08:49:49,158.89,215.14,186.53,39.41,12.24,34.24,42.38,30.56,56.5,66.88,5.0,52.2,98.26,1564.3,0
2026-09-01 08:49:50,164.0,208.43,188.5,40.81,12.15,33.05,43.88,28.71,64.26,71.49,5.1,53.67,97.66,1551.24,0
2026-09-01 08:49:51,162.23,205.65,189.02,40.46,12.06,33.29,44.05,29.59,57.62,68.0,5.12,54.52,96.86,1581.73,0
2026-09-01 08:49:52,159.61,208.78,186.76,38.5,12.01,33.0,41.14,30.38,60.57,69.8,4.7,53.24,98.01,1552.85,0
2026-09-01 08:49:53,155.47,207.16,188.13,40.78,11.98,32.78,42.63,30.69,57.01,66.19,5.13,54.61,95.98,1585.22,0
2026-09-01 08:49:54,159.95,211.35,188.72,41.3,11.9,33.32,39.38,29.25,56.56,66.89,4.27,55.16,94.36,1610.32,0
2026-09-01 08:49:55,160.25,206.46,185.14,40.26,12.01,32.39,43.97,29.56,60.82,72.21,5.11,52.16,95.98,1597.46,0
2026-09-01 08:49:56,162.92,209.78,189.14,41.73,12.03,32.7,40.43,31.46,58.34,70.35,4.48,53.65,98.15,1574.93,0
2026-09-01 08:49:57,163.97,212.51,187.58,38.17,11.88,33.62,43.57,31.16,56.05,67.67,4.69,54.25,96.28,1586.69,0
2026-09-01 08:49:58,158.29,209.7,185.95,40.7,12.03,32.08,39.7,30.21,56.03,70.36,4.76,52.33,96.11,1560.2,0
2026-09-01 08:49:59,162.0,207.16,187.75,38.24,11.98,32.44,44.06,27.76,57.69,68.18,5.11,53.68,94.71,1547.76,0
